INFO 2025-11-03 03:20:42,400 autoreload 15900 8084 Watching for file changes with StatReloader
WARNING 2025-11-03 03:21:08,923 log 15900 10948 Not Found: /
WARNING 2025-11-03 03:21:08,923 basehttp 15900 10948 "GET / HTTP/1.1" 404 2648
WARNING 2025-11-03 03:21:09,012 log 15900 10948 Not Found: /favicon.ico
WARNING 2025-11-03 03:21:09,015 basehttp 15900 10948 "GET /favicon.ico HTTP/1.1" 404 2699
WARNING 2025-11-03 03:21:11,682 log 15900 10948 Not Found: /sw.js
WARNING 2025-11-03 03:21:11,682 basehttp 15900 10948 "GET /sw.js HTTP/1.1" 404 2681
INFO 2025-11-03 03:21:14,087 basehttp 15900 10948 "GET /admin/ HTTP/1.1" 302 0
INFO 2025-11-03 03:21:14,320 basehttp 15900 10948 "GET /admin/login/?next=/admin/ HTTP/1.1" 200 4164
INFO 2025-11-03 03:21:14,567 basehttp 15900 10948 "GET /static/admin/css/base.css HTTP/1.1" 200 22120
INFO 2025-11-03 03:21:14,573 basehttp 15900 13568 "GET /static/admin/css/dark_mode.css HTTP/1.1" 200 2808
INFO 2025-11-03 03:21:14,583 basehttp 15900 4188 "GET /static/admin/js/theme.js HTTP/1.1" 200 1653
INFO 2025-11-03 03:21:14,591 basehttp 15900 10948 "GET /static/admin/css/nav_sidebar.css HTTP/1.1" 200 2810
INFO 2025-11-03 03:21:14,594 basehttp 15900 13568 "GET /static/admin/css/login.css HTTP/1.1" 200 951
INFO 2025-11-03 03:21:14,606 basehttp 15900 4188 "GET /static/admin/css/responsive.css HTTP/1.1" 200 16565
INFO 2025-11-03 03:21:14,625 basehttp 15900 10948 "GET /static/admin/js/nav_sidebar.js HTTP/1.1" 200 3063
WARNING 2025-11-03 03:21:16,192 log 15900 10948 Not Found: /sw.js
WARNING 2025-11-03 03:21:16,192 basehttp 15900 10948 "GET /sw.js HTTP/1.1" 404 2681
INFO 2025-11-03 03:21:17,408 basehttp 15900 10948 "POST /admin/login/?next=/admin/ HTTP/1.1" 302 0
INFO 2025-11-03 03:21:17,557 basehttp 15900 10948 "GET /admin/ HTTP/1.1" 200 82273
INFO 2025-11-03 03:21:17,611 basehttp 15900 10948 "GET /static/admin/css/dashboard.css HTTP/1.1" 200 441
INFO 2025-11-03 03:21:17,611 basehttp 15900 13568 "GET /static/admin/img/icon-changelink.svg HTTP/1.1" 200 380
INFO 2025-11-03 03:21:17,611 basehttp 15900 4188 "GET /static/admin/img/icon-addlink.svg HTTP/1.1" 200 331
INFO 2025-11-03 03:21:17,614 basehttp 15900 17112 "GET /static/admin/img/icon-deletelink.svg HTTP/1.1" 200 392
WARNING 2025-11-03 03:21:20,660 log 15900 17112 Not Found: /sw.js
WARNING 2025-11-03 03:21:20,660 basehttp 15900 17112 "GET /sw.js HTTP/1.1" 404 2681
INFO 2025-11-03 03:21:39,255 basehttp 15900 17112 "GET /admin/notes/category/ HTTP/1.1" 200 66183
INFO 2025-11-03 03:21:39,306 basehttp 15900 17112 "GET /static/admin/css/changelists.css HTTP/1.1" 200 6878
INFO 2025-11-03 03:21:39,324 basehttp 15900 10948 "GET /static/admin/js/jquery.init.js HTTP/1.1" 200 347
INFO 2025-11-03 03:21:39,340 basehttp 15900 14276 "GET /static/admin/js/core.js HTTP/1.1" 200 6208
INFO 2025-11-03 03:21:39,342 basehttp 15900 16296 "GET /static/admin/js/admin/RelatedObjectLookups.js HTTP/1.1" 200 9777
INFO 2025-11-03 03:21:39,354 basehttp 15900 4188 "GET /admin/jsi18n/ HTTP/1.1" 200 3342
INFO 2025-11-03 03:21:39,366 basehttp 15900 17112 "GET /static/admin/js/actions.js HTTP/1.1" 200 8076
INFO 2025-11-03 03:21:39,382 basehttp 15900 14276 "GET /static/admin/js/prepopulate.js HTTP/1.1" 200 1531
INFO 2025-11-03 03:21:39,382 basehttp 15900 4188 "GET /static/admin/img/search.svg HTTP/1.1" 200 458
INFO 2025-11-03 03:21:39,389 basehttp 15900 10948 "GET /static/admin/js/urlify.js HTTP/1.1" 200 7887
INFO 2025-11-03 03:21:39,409 basehttp 15900 13568 "GET /static/admin/js/vendor/jquery/jquery.js HTTP/1.1" 200 285314
INFO 2025-11-03 03:21:39,443 basehttp 15900 13568 "GET /static/admin/js/filters.js HTTP/1.1" 200 978
INFO 2025-11-03 03:21:39,512 basehttp 15900 16296 "GET /static/admin/js/vendor/xregexp/xregexp.js HTTP/1.1" 200 325171
INFO 2025-11-03 03:21:39,556 basehttp 15900 16296 "GET /static/admin/img/tooltag-add.svg HTTP/1.1" 200 331
WARNING 2025-11-03 03:21:41,123 log 15900 16296 Not Found: /sw.js
WARNING 2025-11-03 03:21:41,123 basehttp 15900 16296 "GET /sw.js HTTP/1.1" 404 2681
INFO 2025-11-03 03:23:23,618 basehttp 15900 14860 "GET /api/v1/notes/categories/ HTTP/1.1" 200 424
WARNING 2025-11-03 03:24:01,913 log 15900 16296 Not Found: /
WARNING 2025-11-03 03:24:01,913 basehttp 15900 16296 "GET / HTTP/1.1" 404 2648
WARNING 2025-11-03 03:24:04,960 log 15900 16296 Not Found: /sw.js
WARNING 2025-11-03 03:24:04,960 basehttp 15900 16296 "GET /sw.js HTTP/1.1" 404 2681
INFO 2025-11-03 03:24:09,479 basehttp 15900 16296 "GET /api/v1/notes/ HTTP/1.1" 200 529
WARNING 2025-11-03 03:24:11,470 log 15900 16296 Not Found: /sw.js
WARNING 2025-11-03 03:24:11,474 basehttp 15900 16296 "GET /sw.js HTTP/1.1" 404 2681
WARNING 2025-11-03 03:24:39,105 log 15900 9808 Not Found: /api/v1/notescategories/
WARNING 2025-11-03 03:24:39,105 basehttp 15900 9808 "GET /api/v1/notescategories/ HTTP/1.1" 404 6082
INFO 2025-11-03 03:24:53,436 basehttp 15900 9808 "GET /api/v1/notes/categories/ HTTP/1.1" 200 424
INFO 2025-11-03 03:24:56,736 basehttp 15900 16296 "GET /api/v1/notes/categories/ HTTP/1.1" 200 424
WARNING 2025-11-03 03:24:58,322 log 15900 16296 Not Found: /sw.js
WARNING 2025-11-03 03:24:58,322 basehttp 15900 16296 "GET /sw.js HTTP/1.1" 404 2681
INFO 2025-11-03 03:25:35,105 basehttp 15900 9808 "GET /api/v1/notes/categories/ HTTP/1.1" 200 424
INFO 2025-11-03 03:26:51,907 autoreload 15900 8084 X:\edvoyage-backup-cursor\backend\edvoayge\edvoayge\settings.py changed, reloading.
INFO 2025-11-03 03:26:53,510 autoreload 14600 9440 Watching for file changes with StatReloader
INFO 2025-11-03 03:26:57,990 basehttp 14600 15976 "GET /api/v1/notes/categories/ HTTP/1.1" 200 424
INFO 2025-11-03 03:27:06,090 basehttp 14600 15976 "GET /api/v1/notes/videos/ HTTP/1.1" 200 724
INFO 2025-11-03 03:27:06,112 basehttp 14600 15976 "GET /api/v1/notes/clinical-cases/ HTTP/1.1" 200 5704
INFO 2025-11-03 03:27:06,136 basehttp 14600 5148 "GET /api/v1/notes/mcqs/ HTTP/1.1" 200 52
INFO 2025-11-03 03:27:06,144 basehttp 14600 15976 "GET /api/v1/notes/flashcards/ HTTP/1.1" 200 2754
INFO 2025-11-03 03:27:07,530 basehttp 14600 15976 "GET /api/v1/notes/videos/ HTTP/1.1" 200 724
INFO 2025-11-03 03:27:08,982 basehttp 14600 15976 "GET /api/v1/notes/videos/ HTTP/1.1" 200 724
INFO 2025-11-03 03:27:09,149 basehttp 14600 15976 "GET /media/video_logos/anoop_2_hVr8pr9.jpg HTTP/1.1" 200 235182
INFO 2025-11-03 03:27:09,174 basehttp 14600 5148 "GET /media/video_logos/anoop_2.jpg HTTP/1.1" 200 235182
INFO 2025-11-03 03:28:21,291 basehttp 14600 5148 "GET /api/v1/notes/mcqs/ HTTP/1.1" 200 52
INFO 2025-11-03 03:29:59,805 basehttp 14600 3656 "GET /api/v1/notes/mcqs/ HTTP/1.1" 200 52
WARNING 2025-11-03 03:30:01,481 log 14600 3656 Not Found: /sw.js
WARNING 2025-11-03 03:30:01,481 basehttp 14600 3656 "GET /sw.js HTTP/1.1" 404 2681
INFO 2025-11-03 03:30:18,095 basehttp 14600 3656 "GET /admin/notes/mcq/ HTTP/1.1" 200 62138
INFO 2025-11-03 03:30:18,137 basehttp 14600 3656 "GET /admin/jsi18n/ HTTP/1.1" 200 3342
INFO 2025-11-03 03:30:18,215 basehttp 14600 3656 "GET /static/admin/img/icon-viewlink.svg HTTP/1.1" 200 581
WARNING 2025-11-03 03:30:19,809 log 14600 3656 Not Found: /sw.js
WARNING 2025-11-03 03:30:19,809 basehttp 14600 3656 "GET /sw.js HTTP/1.1" 404 2681
INFO 2025-11-03 03:30:20,139 basehttp 14600 3656 "GET /admin/notes/mcq/add/ HTTP/1.1" 200 66980
INFO 2025-11-03 03:30:20,172 basehttp 14600 5860 "GET /admin/jsi18n/ HTTP/1.1" 200 3342
INFO 2025-11-03 03:30:20,180 basehttp 14600 3656 "GET /static/admin/css/forms.css HTTP/1.1" 200 8525
INFO 2025-11-03 03:30:20,190 basehttp 14600 4964 "GET /static/admin/js/prepopulate_init.js HTTP/1.1" 200 586
INFO 2025-11-03 03:30:20,204 basehttp 14600 5860 "GET /static/admin/css/widgets.css HTTP/1.1" 200 11991
INFO 2025-11-03 03:30:20,212 basehttp 14600 3656 "GET /static/admin/js/change_form.js HTTP/1.1" 200 606
WARNING 2025-11-03 03:30:21,817 log 14600 3656 Not Found: /sw.js
WARNING 2025-11-03 03:30:21,818 basehttp 14600 3656 "GET /sw.js HTTP/1.1" 404 2681
INFO 2025-11-03 03:30:36,457 basehttp 14600 3656 "POST /admin/notes/mcq/add/ HTTP/1.1" 302 0
INFO 2025-11-03 03:30:36,512 basehttp 14600 3656 "GET /admin/notes/mcq/ HTTP/1.1" 200 64040
INFO 2025-11-03 03:30:36,553 basehttp 14600 3656 "GET /admin/jsi18n/ HTTP/1.1" 200 3342
INFO 2025-11-03 03:30:36,563 basehttp 14600 5860 "GET /static/admin/img/icon-yes.svg HTTP/1.1" 200 436
WARNING 2025-11-03 03:30:38,199 log 14600 5860 Not Found: /sw.js
WARNING 2025-11-03 03:30:38,199 basehttp 14600 5860 "GET /sw.js HTTP/1.1" 404 2681
INFO 2025-11-03 03:30:43,862 basehttp 14600 5860 "GET /admin/notes/option/ HTTP/1.1" 200 62171
INFO 2025-11-03 03:30:43,901 basehttp 14600 5860 "GET /admin/jsi18n/ HTTP/1.1" 200 3342
WARNING 2025-11-03 03:30:45,549 log 14600 5860 Not Found: /sw.js
WARNING 2025-11-03 03:30:45,549 basehttp 14600 5860 "GET /sw.js HTTP/1.1" 404 2681
INFO 2025-11-03 03:30:45,823 basehttp 14600 5860 "GET /admin/notes/option/add/ HTTP/1.1" 200 64600
INFO 2025-11-03 03:30:45,863 basehttp 14600 5860 "GET /admin/jsi18n/ HTTP/1.1" 200 3342
WARNING 2025-11-03 03:30:47,457 log 14600 5860 Not Found: /sw.js
WARNING 2025-11-03 03:30:47,457 basehttp 14600 5860 "GET /sw.js HTTP/1.1" 404 2681
INFO 2025-11-03 03:30:56,598 basehttp 14600 5860 "GET /admin/notes/question/ HTTP/1.1" 200 61498
INFO 2025-11-03 03:30:56,633 basehttp 14600 5860 "GET /admin/jsi18n/ HTTP/1.1" 200 3342
WARNING 2025-11-03 03:30:58,322 log 14600 5860 Not Found: /sw.js
WARNING 2025-11-03 03:30:58,322 basehttp 14600 5860 "GET /sw.js HTTP/1.1" 404 2681
INFO 2025-11-03 03:30:58,520 basehttp 14600 5860 "GET /admin/notes/question/add/ HTTP/1.1" 200 70443
INFO 2025-11-03 03:30:58,567 basehttp 14600 3656 "GET /admin/jsi18n/ HTTP/1.1" 200 3342
INFO 2025-11-03 03:30:58,594 basehttp 14600 3656 "GET /static/admin/img/icon-unknown.svg HTTP/1.1" 200 655
INFO 2025-11-03 03:30:58,602 basehttp 14600 5860 "GET /static/admin/js/inlines.js HTTP/1.1" 200 15628
INFO 2025-11-03 03:30:58,690 basehttp 14600 5860 "GET /static/admin/img/inline-delete.svg HTTP/1.1" 200 537
WARNING 2025-11-03 03:31:00,236 log 14600 5860 Not Found: /sw.js
WARNING 2025-11-03 03:31:00,236 basehttp 14600 5860 "GET /sw.js HTTP/1.1" 404 2681
INFO 2025-11-03 03:31:19,939 basehttp 14600 5860 "POST /admin/notes/question/add/ HTTP/1.1" 302 0
INFO 2025-11-03 03:31:19,984 basehttp 14600 5860 "GET /admin/notes/question/ HTTP/1.1" 200 63170
INFO 2025-11-03 03:31:20,025 basehttp 14600 5860 "GET /admin/jsi18n/ HTTP/1.1" 200 3342
WARNING 2025-11-03 03:31:21,611 log 14600 5860 Not Found: /sw.js
WARNING 2025-11-03 03:31:21,611 basehttp 14600 5860 "GET /sw.js HTTP/1.1" 404 2681
INFO 2025-11-03 03:31:27,962 basehttp 14600 5860 "GET /api/v1/notes/mcqs/ HTTP/1.1" 200 469
WARNING 2025-11-03 03:31:29,658 log 14600 5860 Not Found: /sw.js
WARNING 2025-11-03 03:31:29,658 basehttp 14600 5860 "GET /sw.js HTTP/1.1" 404 2681
INFO 2025-11-03 03:32:45,881 basehttp 14600 5148 "GET /api/v1/notes/categories/ HTTP/1.1" 200 424
INFO 2025-11-03 03:32:54,758 basehttp 14600 5148 "GET /api/v1/notes/videos/ HTTP/1.1" 200 724
INFO 2025-11-03 03:32:54,772 basehttp 14600 5148 "GET /api/v1/notes/mcqs/ HTTP/1.1" 200 469
INFO 2025-11-03 03:32:54,788 basehttp 14600 5148 "GET /api/v1/notes/clinical-cases/ HTTP/1.1" 200 5704
INFO 2025-11-03 03:32:54,812 basehttp 14600 5148 "GET /api/v1/notes/flashcards/ HTTP/1.1" 200 2754
INFO 2025-11-03 03:32:56,326 basehttp 14600 5148 "GET /api/v1/notes/mcqs/ HTTP/1.1" 200 469
INFO 2025-11-03 03:32:57,871 basehttp 14600 5148 "GET /api/v1/notes/mcqs/ HTTP/1.1" 200 469
INFO 2025-11-03 03:35:48,931 basehttp 14600 5148 "GET /api/v1/notes/categories/ HTTP/1.1" 200 424
INFO 2025-11-03 03:35:58,398 basehttp 14600 5148 "GET /api/v1/notes/videos/ HTTP/1.1" 200 724
INFO 2025-11-03 03:35:58,415 basehttp 14600 5148 "GET /api/v1/notes/mcqs/ HTTP/1.1" 200 469
INFO 2025-11-03 03:35:58,437 basehttp 14600 5148 "GET /api/v1/notes/clinical-cases/ HTTP/1.1" 200 5704
INFO 2025-11-03 03:35:58,459 basehttp 14600 5148 "GET /api/v1/notes/flashcards/ HTTP/1.1" 200 2754
INFO 2025-11-03 03:35:59,676 basehttp 14600 5148 "GET /api/v1/notes/mcqs/ HTTP/1.1" 200 469
INFO 2025-11-03 03:36:01,440 basehttp 14600 5148 "GET /api/v1/notes/mcqs/ HTTP/1.1" 200 469
INFO 2025-11-03 03:36:01,544 basehttp 14600 5148 "GET /media/mcq_logos/maxresdefault.jpg HTTP/1.1" 200 144331
INFO 2025-11-03 03:36:02,890 basehttp 14600 5148 "GET /api/v1/notes/mcqs/ HTTP/1.1" 200 469
INFO 2025-11-03 03:37:22,479 basehttp 14600 5148 "GET /api/v1/notes/categories/ HTTP/1.1" 200 424
INFO 2025-11-03 03:37:27,121 basehttp 14600 5148 "GET /api/v1/notes/videos/ HTTP/1.1" 200 724
INFO 2025-11-03 03:37:27,137 basehttp 14600 5148 "GET /api/v1/notes/mcqs/ HTTP/1.1" 200 469
INFO 2025-11-03 03:37:27,153 basehttp 14600 5148 "GET /api/v1/notes/clinical-cases/ HTTP/1.1" 200 5704
INFO 2025-11-03 03:37:27,170 basehttp 14600 5148 "GET /api/v1/notes/flashcards/ HTTP/1.1" 200 2754
INFO 2025-11-03 03:37:28,462 basehttp 14600 5148 "GET /api/v1/notes/mcqs/ HTTP/1.1" 200 469
INFO 2025-11-03 03:37:30,112 basehttp 14600 5148 "GET /api/v1/notes/mcqs/ HTTP/1.1" 200 469
INFO 2025-11-03 03:37:30,169 basehttp 14600 5148 "GET /media/mcq_logos/maxresdefault.jpg HTTP/1.1" 304 0
INFO 2025-11-03 03:37:30,931 basehttp 14600 5148 "GET /api/v1/notes/mcqs/ HTTP/1.1" 200 469
INFO 2025-11-03 03:37:39,783 basehttp 14600 5148 "GET /api/v1/notes/clinical-cases/ HTTP/1.1" 200 5704
INFO 2025-11-03 03:38:52,233 basehttp 14600 5148 "GET /api/v1/notes/categories/ HTTP/1.1" 200 424
INFO 2025-11-03 03:38:59,475 basehttp 14600 5148 "GET /api/v1/notes/videos/ HTTP/1.1" 200 724
INFO 2025-11-03 03:38:59,491 basehttp 14600 5148 "GET /api/v1/notes/mcqs/ HTTP/1.1" 200 469
INFO 2025-11-03 03:38:59,518 basehttp 14600 5148 "GET /api/v1/notes/clinical-cases/ HTTP/1.1" 200 5704
INFO 2025-11-03 03:38:59,540 basehttp 14600 5148 "GET /api/v1/notes/flashcards/ HTTP/1.1" 200 2754
INFO 2025-11-03 03:39:01,633 basehttp 14600 5148 "GET /api/v1/notes/clinical-cases/ HTTP/1.1" 200 5704
INFO 2025-11-03 03:39:03,167 basehttp 14600 5148 "GET /api/v1/notes/clinical-cases/ HTTP/1.1" 200 5704
INFO 2025-11-03 03:39:53,840 basehttp 14600 15648 "GET /api/v1/notes/mcqs/clinical-cases HTTP/1.1" 301 0
WARNING 2025-11-03 03:39:53,843 log 14600 16852 Not Found: /api/v1/notes/mcqs/clinical-cases/
WARNING 2025-11-03 03:39:53,843 basehttp 14600 16852 "GET /api/v1/notes/mcqs/clinical-cases/ HTTP/1.1" 404 23
WARNING 2025-11-03 03:39:55,875 log 14600 16852 Not Found: /sw.js
WARNING 2025-11-03 03:39:55,875 basehttp 14600 16852 "GET /sw.js HTTP/1.1" 404 2681
INFO 2025-11-03 03:40:01,024 basehttp 14600 16852 "GET /api/v1/notes/clinical-cases/ HTTP/1.1" 200 5704
WARNING 2025-11-03 03:40:02,797 log 14600 16852 Not Found: /sw.js
WARNING 2025-11-03 03:40:02,798 basehttp 14600 16852 "GET /sw.js HTTP/1.1" 404 2681
INFO 2025-11-03 03:40:22,207 basehttp 14600 16852 "GET /api/v1/notes/clinical-cases/1 HTTP/1.1" 301 0
INFO 2025-11-03 03:40:22,216 basehttp 14600 3008 "GET /api/v1/notes/clinical-cases/1/ HTTP/1.1" 200 2826
WARNING 2025-11-03 03:40:24,152 log 14600 3008 Not Found: /sw.js
WARNING 2025-11-03 03:40:24,152 basehttp 14600 3008 "GET /sw.js HTTP/1.1" 404 2681
INFO 2025-11-03 03:46:16,813 basehttp 14600 9204 "GET /api/v1/notes/categories/ HTTP/1.1" 200 424
INFO 2025-11-03 03:46:21,397 basehttp 14600 9204 "GET /api/v1/notes/videos/ HTTP/1.1" 200 724
INFO 2025-11-03 03:46:21,400 basehttp 14600 15892 "GET /api/v1/notes/mcqs/ HTTP/1.1" 200 469
INFO 2025-11-03 03:46:21,423 basehttp 14600 9204 "GET /api/v1/notes/clinical-cases/ HTTP/1.1" 200 5704
INFO 2025-11-03 03:46:21,423 basehttp 14600 15892 "GET /api/v1/notes/flashcards/ HTTP/1.1" 200 2754
INFO 2025-11-03 03:46:22,435 basehttp 14600 15892 "GET /api/v1/notes/mcqs/ HTTP/1.1" 200 469
INFO 2025-11-03 03:46:25,076 basehttp 14600 15892 "GET /api/v1/notes/clinical-cases/ HTTP/1.1" 200 5704
INFO 2025-11-03 03:46:26,734 basehttp 14600 15892 "GET /api/v1/notes/clinical-cases/2/ HTTP/1.1" 200 2825
INFO 2025-11-03 03:47:32,391 basehttp 14600 15892 "GET /api/v1/notes/flashcards/ HTTP/1.1" 200 2754
INFO 2025-11-03 03:47:34,054 basehttp 14600 15892 "GET /api/v1/notes/flashcards/ HTTP/1.1" 200 2754
INFO 2025-11-03 03:47:34,150 basehttp 14600 15892 "GET /media/flashcards/9d0d26da-9bc2-40cb-ab35-7ba3afa2dbbd.jpg HTTP/1.1" 200 285645
INFO 2025-11-03 03:47:36,877 basehttp 14600 15892 "GET /media/flashcards/f4ea2cbf-7368-45fb-900c-8ebcf7f79372.jpg HTTP/1.1" 200 221834
INFO 2025-11-03 03:47:37,650 basehttp 14600 15892 "GET /media/flashcards/31449e2a-02ce-4815-8f5f-3e49e0dc60f5.jpg HTTP/1.1" 200 231443
INFO 2025-11-03 03:47:38,400 basehttp 14600 15892 "GET /media/flashcards/d169e820-5f46-45a1-9b81-8c19203732bb.jpg HTTP/1.1" 200 225339
INFO 2025-11-03 03:47:39,128 basehttp 14600 15892 "GET /media/flashcards/f3e7307f-d89f-42be-8609-97fd7227a22f.jpg HTTP/1.1" 200 276491
INFO 2025-11-03 03:47:39,802 basehttp 14600 15892 "GET /media/flashcards/926b7000-a483-43a5-a937-eb71b60deacf.jpg HTTP/1.1" 200 345293
INFO 2025-11-03 03:47:40,466 basehttp 14600 15892 "GET /media/flashcards/d0045649-b3f4-4e12-826e-b7eadbe8d7ef.jpg HTTP/1.1" 200 166300
INFO 2025-11-03 03:47:41,130 basehttp 14600 15892 "GET /media/flashcards/67eeb490-3072-4d08-bb57-2cfc9390dcaa.jpg HTTP/1.1" 200 255249
INFO 2025-11-03 03:47:41,776 basehttp 14600 15892 "GET /media/flashcards/1c0d1e95-3f25-411d-b91f-172a54a3b8d1.jpg HTTP/1.1" 200 318836
INFO 2025-11-03 03:47:42,350 basehttp 14600 15892 "GET /media/flashcards/a0dd5ca2-a8c9-4670-b40f-3f0a725c8308.jpg HTTP/1.1" 200 176840
INFO 2025-11-03 03:47:51,850 basehttp 14600 15892 "GET /api/v1/notes/videos/ HTTP/1.1" 200 724
INFO 2025-11-03 03:47:51,863 basehttp 14600 9204 "GET /api/v1/notes/mcqs/ HTTP/1.1" 200 469
INFO 2025-11-03 03:47:51,882 basehttp 14600 15892 "GET /api/v1/notes/clinical-cases/ HTTP/1.1" 200 5704
INFO 2025-11-03 03:47:51,889 basehttp 14600 9204 "GET /api/v1/notes/flashcards/ HTTP/1.1" 200 2754
INFO 2025-11-03 03:47:54,002 basehttp 14600 9204 "GET /api/v1/notes/flashcards/ HTTP/1.1" 200 2754
INFO 2025-11-03 03:47:55,532 basehttp 14600 9204 "GET /api/v1/notes/flashcards/ HTTP/1.1" 200 2754
INFO 2025-11-03 03:47:55,597 basehttp 14600 9204 "GET /media/flashcards/3ad53966-1a72-4184-8786-1b96b0de5531.jpg HTTP/1.1" 200 285645
INFO 2025-11-03 03:47:57,059 basehttp 14600 9204 "GET /media/flashcards/grey-geometrical-shapes-background_HveILTG.jpg HTTP/1.1" 200 473639
INFO 2025-11-03 03:47:57,784 basehttp 14600 9204 "GET /media/flashcards/d3b83b1e-c085-4179-b10e-a562ed33208a.jpg HTTP/1.1" 200 231443
INFO 2025-11-03 04:16:31,732 basehttp 14600 3852 "GET /api/v1/notes/categories/ HTTP/1.1" 200 424
INFO 2025-11-10 19:29:49,523 autoreload 7780 17392 Watching for file changes with StatReloader
INFO 2025-11-10 19:29:54,501 basehttp 7780 12712 "GET /api/v1/notes/categories/ HTTP/1.1" 200 424
INFO 2025-11-10 19:29:58,698 basehttp 7780 12712 "GET /api/v1/notes/categories/ HTTP/1.1" 200 424
INFO 2025-11-10 19:30:02,850 basehttp 7780 10328 "GET /api/v1/notes/categories/ HTTP/1.1" 200 424
WARNING 2025-11-10 19:30:02,923 log 7780 10328 Not Found: /favicon.ico
WARNING 2025-11-10 19:30:02,923 basehttp 7780 10328 "GET /favicon.ico HTTP/1.1" 404 2699
WARNING 2025-11-10 19:30:04,434 log 7780 10328 Not Found: /sw.js
WARNING 2025-11-10 19:30:04,434 basehttp 7780 10328 "GET /sw.js HTTP/1.1" 404 2681
INFO 2025-11-10 19:31:22,033 basehttp 7780 12712 "GET /api/v1/notes/categories/ HTTP/1.1" 200 424
INFO 2025-11-10 19:33:08,059 autoreload 7780 17392 X:\edvoyage-backup-cursor\backend\edvoayge\edvoayge\settings.py changed, reloading.
INFO 2025-11-10 19:33:09,096 autoreload 1180 16328 Watching for file changes with StatReloader
INFO 2025-11-10 19:33:12,265 basehttp 1180 688 "GET /api/v1/notes/categories/ HTTP/1.1" 200 424
INFO 2025-11-10 19:33:17,578 basehttp 1180 688 "GET /api/v1/notes/videos/ HTTP/1.1" 200 724
INFO 2025-11-10 19:33:17,607 basehttp 1180 9724 "GET /api/v1/notes/mcqs/ HTTP/1.1" 200 469
INFO 2025-11-10 19:33:17,607 basehttp 1180 688 "GET /api/v1/notes/clinical-cases/ HTTP/1.1" 200 5704
INFO 2025-11-10 19:33:17,620 basehttp 1180 9724 "GET /api/v1/notes/flashcards/ HTTP/1.1" 200 2754
INFO 2025-11-10 19:33:25,970 basehttp 1180 9724 "GET /api/v1/notes/videos/ HTTP/1.1" 200 724
INFO 2025-11-10 19:33:33,431 basehttp 1180 9724 "GET /api/v1/notes/videos/ HTTP/1.1" 200 724
INFO 2025-11-10 19:33:33,525 basehttp 1180 9724 "GET /media/video_logos/anoop_2_hVr8pr9.jpg HTTP/1.1" 200 235182
INFO 2025-11-10 19:33:33,541 basehttp 1180 688 "GET /media/video_logos/anoop_2.jpg HTTP/1.1" 200 235182
INFO 2025-11-10 19:35:01,460 basehttp 1180 688 "GET /api/v1/notes/videos/ HTTP/1.1" 200 724
INFO 2025-11-10 19:35:05,622 basehttp 1180 688 "GET /api/v1/notes/videos/ HTTP/1.1" 200 724
INFO 2025-11-10 19:35:11,586 basehttp 1180 688 "GET /api/v1/notes/flashcards/ HTTP/1.1" 200 2754
INFO 2025-11-10 19:35:12,831 basehttp 1180 688 "GET /api/v1/notes/flashcards/ HTTP/1.1" 200 2754
INFO 2025-11-10 19:35:12,879 basehttp 1180 688 "GET /media/flashcards/9d0d26da-9bc2-40cb-ab35-7ba3afa2dbbd.jpg HTTP/1.1" 200 285645
INFO 2025-11-10 19:41:58,354 autoreload 1180 16328 X:\edvoyage-backup-cursor\backend\edvoayge\notes\models.py changed, reloading.
INFO 2025-11-10 19:41:59,283 autoreload 18924 18708 Watching for file changes with StatReloader
INFO 2025-11-10 19:42:59,134 autoreload 18924 18708 X:\edvoyage-backup-cursor\backend\edvoayge\notes\models.py changed, reloading.
INFO 2025-11-10 19:42:59,996 autoreload 17700 6004 Watching for file changes with StatReloader
INFO 2025-11-10 19:43:50,573 autoreload 17700 6004 X:\edvoyage-backup-cursor\backend\edvoayge\notes\models.py changed, reloading.
INFO 2025-11-10 19:43:51,462 autoreload 13024 15220 Watching for file changes with StatReloader
INFO 2025-11-10 19:44:44,069 autoreload 13024 15220 X:\edvoyage-backup-cursor\backend\edvoayge\notes\models.py changed, reloading.
INFO 2025-11-10 19:44:44,994 autoreload 15516 12780 Watching for file changes with StatReloader
INFO 2025-11-10 19:57:27,488 autoreload 18800 19440 Watching for file changes with StatReloader
INFO 2025-11-10 19:57:33,617 basehttp 18800 1872 "GET /admin/ HTTP/1.1" 200 82292
INFO 2025-11-10 19:57:33,694 basehttp 18800 1872 "GET /static/admin/css/base.css HTTP/1.1" 200 22120
INFO 2025-11-10 19:57:33,704 basehttp 18800 1872 "GET /static/admin/css/nav_sidebar.css HTTP/1.1" 200 2810
INFO 2025-11-10 19:57:33,713 basehttp 18800 1872 "GET /static/admin/css/dashboard.css HTTP/1.1" 200 441
INFO 2025-11-10 19:57:33,716 basehttp 18800 5260 "GET /static/admin/css/dark_mode.css HTTP/1.1" 200 2808
INFO 2025-11-10 19:57:33,724 basehttp 18800 1872 "GET /static/admin/css/responsive.css HTTP/1.1" 200 16565
INFO 2025-11-10 19:57:33,729 basehttp 18800 17768 "GET /static/admin/js/theme.js HTTP/1.1" 200 1653
INFO 2025-11-10 19:57:33,744 basehttp 18800 1872 "GET /static/admin/js/nav_sidebar.js HTTP/1.1" 200 3063
INFO 2025-11-10 19:57:33,750 basehttp 18800 17768 "GET /static/admin/img/icon-addlink.svg HTTP/1.1" 200 331
INFO 2025-11-10 19:57:33,750 basehttp 18800 5260 "GET /static/admin/img/icon-changelink.svg HTTP/1.1" 200 380
INFO 2025-11-10 19:57:33,756 basehttp 18800 1872 "GET /static/admin/img/icon-deletelink.svg HTTP/1.1" 200 392
WARNING 2025-11-10 19:57:35,330 log 18800 1872 Not Found: /sw.js
WARNING 2025-11-10 19:57:35,330 basehttp 18800 1872 "GET /sw.js HTTP/1.1" 404 2681
INFO 2025-11-10 20:02:55,040 autoreload 18800 19440 X:\edvoyage-backup-cursor\backend\edvoayge\edvoayge\urls.py changed, reloading.
INFO 2025-11-10 20:02:55,997 autoreload 18264 11332 Watching for file changes with StatReloader
INFO 2025-11-10 20:03:06,631 autoreload 9176 18900 Watching for file changes with StatReloader
INFO 2025-11-10 20:03:12,009 basehttp 9176 6792 "GET /admin/ HTTP/1.1" 200 7770
WARNING 2025-11-10 20:03:13,558 log 9176 6792 Not Found: /sw.js
WARNING 2025-11-10 20:03:13,558 basehttp 9176 6792 "GET /sw.js HTTP/1.1" 404 2681
INFO 2025-11-10 20:03:48,679 autoreload 9176 18900 X:\edvoyage-backup-cursor\backend\edvoayge\edvoayge\admin.py changed, reloading.
INFO 2025-11-10 20:03:49,600 autoreload 19412 19256 Watching for file changes with StatReloader
INFO 2025-11-10 20:29:29,998 autoreload 4864 4552 Watching for file changes with StatReloader
INFO 2025-11-10 20:31:01,710 autoreload 4864 4552 X:\edvoyage-backup-cursor\backend\edvoayge\edvoayge\admin.py changed, reloading.
INFO 2025-11-10 20:31:02,530 autoreload 1428 15188 Watching for file changes with StatReloader
INFO 2025-11-10 20:31:09,917 basehttp 1428 13492 "GET /admin/ HTTP/1.1" 200 96039
WARNING 2025-11-10 20:31:11,514 log 1428 13492 Not Found: /sw.js
WARNING 2025-11-10 20:31:11,514 basehttp 1428 13492 "GET /sw.js HTTP/1.1" 404 2681
INFO 2025-11-10 20:31:17,063 basehttp 1428 13492 "GET /admin/notes/flashcard/ HTTP/1.1" 200 73108
INFO 2025-11-10 20:31:17,110 basehttp 1428 8644 "GET /admin/jsi18n/ HTTP/1.1" 200 3342
INFO 2025-11-10 20:31:17,170 basehttp 1428 13492 "GET /static/admin/css/changelists.css HTTP/1.1" 200 6878
INFO 2025-11-10 20:31:17,207 basehttp 1428 13492 "GET /static/admin/js/core.js HTTP/1.1" 200 6208
INFO 2025-11-10 20:31:17,226 basehttp 1428 8644 "GET /static/admin/js/jquery.init.js HTTP/1.1" 200 347
INFO 2025-11-10 20:31:17,229 basehttp 1428 6032 "GET /static/admin/js/vendor/jquery/jquery.js HTTP/1.1" 200 285314
INFO 2025-11-10 20:31:17,230 basehttp 1428 13492 "GET /static/admin/js/admin/RelatedObjectLookups.js HTTP/1.1" 200 9777
INFO 2025-11-10 20:31:17,246 basehttp 1428 13492 "GET /static/admin/js/prepopulate.js HTTP/1.1" 200 1531
INFO 2025-11-10 20:31:17,247 basehttp 1428 8644 "GET /static/admin/js/actions.js HTTP/1.1" 200 8076
INFO 2025-11-10 20:31:17,251 basehttp 1428 6032 "GET /static/admin/js/urlify.js HTTP/1.1" 200 7887
INFO 2025-11-10 20:31:17,267 basehttp 1428 6032 "GET /static/admin/js/filters.js HTTP/1.1" 200 978
INFO 2025-11-10 20:31:17,322 basehttp 1428 13492 "GET /static/admin/js/vendor/xregexp/xregexp.js HTTP/1.1" 200 325171
INFO 2025-11-10 20:31:17,349 basehttp 1428 13492 "GET /static/admin/img/tooltag-add.svg HTTP/1.1" 200 331
WARNING 2025-11-10 20:31:18,902 log 1428 6032 Not Found: /sw.js
WARNING 2025-11-10 20:31:18,902 basehttp 1428 6032 "GET /sw.js HTTP/1.1" 404 2681
ERROR 2025-11-10 20:31:19,273 log 1428 13492 Internal Server Error: /admin/notes/flashcard/8/change/
Traceback (most recent call last):
  File "C:\Users\bobby\AppData\Local\Programs\Python\Python312\Lib\site-packages\django\db\backends\utils.py", line 105, in _execute
    return self.cursor.execute(sql, params)
           ^^^^^^^^^^^^^^^^^^^^^^^^^^^^^^^^
  File "C:\Users\bobby\AppData\Local\Programs\Python\Python312\Lib\site-packages\django\db\backends\sqlite3\base.py", line 360, in execute
    return super().execute(query, params)
           ^^^^^^^^^^^^^^^^^^^^^^^^^^^^^^
sqlite3.OperationalError: no such table: notes_subsubject

The above exception was the direct cause of the following exception:

Traceback (most recent call last):
  File "C:\Users\bobby\AppData\Local\Programs\Python\Python312\Lib\site-packages\django\core\handlers\exception.py", line 55, in inner
    response = get_response(request)
               ^^^^^^^^^^^^^^^^^^^^^
  File "C:\Users\bobby\AppData\Local\Programs\Python\Python312\Lib\site-packages\django\core\handlers\base.py", line 220, in _get_response
    response = response.render()
               ^^^^^^^^^^^^^^^^^
  File "C:\Users\bobby\AppData\Local\Programs\Python\Python312\Lib\site-packages\django\template\response.py", line 114, in render
    self.content = self.rendered_content
                   ^^^^^^^^^^^^^^^^^^^^^
  File "C:\Users\bobby\AppData\Local\Programs\Python\Python312\Lib\site-packages\django\template\response.py", line 92, in rendered_content
    return template.render(context, self._request)
           ^^^^^^^^^^^^^^^^^^^^^^^^^^^^^^^^^^^^^^^
  File "C:\Users\bobby\AppData\Local\Programs\Python\Python312\Lib\site-packages\django\template\backends\django.py", line 107, in render
    return self.template.render(context)
           ^^^^^^^^^^^^^^^^^^^^^^^^^^^^^
  File "C:\Users\bobby\AppData\Local\Programs\Python\Python312\Lib\site-packages\django\template\base.py", line 171, in render
    return self._render(context)
           ^^^^^^^^^^^^^^^^^^^^^
  File "C:\Users\bobby\AppData\Local\Programs\Python\Python312\Lib\site-packages\django\template\base.py", line 163, in _render
    return self.nodelist.render(context)
           ^^^^^^^^^^^^^^^^^^^^^^^^^^^^^
  File "C:\Users\bobby\AppData\Local\Programs\Python\Python312\Lib\site-packages\django\template\base.py", line 1016, in render
    return SafeString("".join([node.render_annotated(context) for node in self]))
                               ^^^^^^^^^^^^^^^^^^^^^^^^^^^^^^
  File "C:\Users\bobby\AppData\Local\Programs\Python\Python312\Lib\site-packages\django\template\base.py", line 977, in render_annotated
    return self.render(context)
           ^^^^^^^^^^^^^^^^^^^^
  File "C:\Users\bobby\AppData\Local\Programs\Python\Python312\Lib\site-packages\django\template\loader_tags.py", line 159, in render
    return compiled_parent._render(context)
           ^^^^^^^^^^^^^^^^^^^^^^^^^^^^^^^^
  File "C:\Users\bobby\AppData\Local\Programs\Python\Python312\Lib\site-packages\django\template\base.py", line 163, in _render
    return self.nodelist.render(context)
           ^^^^^^^^^^^^^^^^^^^^^^^^^^^^^
  File "C:\Users\bobby\AppData\Local\Programs\Python\Python312\Lib\site-packages\django\template\base.py", line 1016, in render
    return SafeString("".join([node.render_annotated(context) for node in self]))
                               ^^^^^^^^^^^^^^^^^^^^^^^^^^^^^^
  File "C:\Users\bobby\AppData\Local\Programs\Python\Python312\Lib\site-packages\django\template\base.py", line 977, in render_annotated
    return self.render(context)
           ^^^^^^^^^^^^^^^^^^^^
  File "C:\Users\bobby\AppData\Local\Programs\Python\Python312\Lib\site-packages\django\template\loader_tags.py", line 159, in render
    return compiled_parent._render(context)
           ^^^^^^^^^^^^^^^^^^^^^^^^^^^^^^^^
  File "C:\Users\bobby\AppData\Local\Programs\Python\Python312\Lib\site-packages\django\template\base.py", line 163, in _render
    return self.nodelist.render(context)
           ^^^^^^^^^^^^^^^^^^^^^^^^^^^^^
  File "C:\Users\bobby\AppData\Local\Programs\Python\Python312\Lib\site-packages\django\template\base.py", line 1016, in render
    return SafeString("".join([node.render_annotated(context) for node in self]))
                               ^^^^^^^^^^^^^^^^^^^^^^^^^^^^^^
  File "C:\Users\bobby\AppData\Local\Programs\Python\Python312\Lib\site-packages\django\template\base.py", line 977, in render_annotated
    return self.render(context)
           ^^^^^^^^^^^^^^^^^^^^
  File "C:\Users\bobby\AppData\Local\Programs\Python\Python312\Lib\site-packages\django\template\loader_tags.py", line 65, in render
    result = block.nodelist.render(context)
             ^^^^^^^^^^^^^^^^^^^^^^^^^^^^^^
  File "C:\Users\bobby\AppData\Local\Programs\Python\Python312\Lib\site-packages\django\template\base.py", line 1016, in render
    return SafeString("".join([node.render_annotated(context) for node in self]))
                               ^^^^^^^^^^^^^^^^^^^^^^^^^^^^^^
  File "C:\Users\bobby\AppData\Local\Programs\Python\Python312\Lib\site-packages\django\template\base.py", line 977, in render_annotated
    return self.render(context)
           ^^^^^^^^^^^^^^^^^^^^
  File "C:\Users\bobby\AppData\Local\Programs\Python\Python312\Lib\site-packages\django\template\loader_tags.py", line 65, in render
    result = block.nodelist.render(context)
             ^^^^^^^^^^^^^^^^^^^^^^^^^^^^^^
  File "C:\Users\bobby\AppData\Local\Programs\Python\Python312\Lib\site-packages\django\template\base.py", line 1016, in render
    return SafeString("".join([node.render_annotated(context) for node in self]))
                               ^^^^^^^^^^^^^^^^^^^^^^^^^^^^^^
  File "C:\Users\bobby\AppData\Local\Programs\Python\Python312\Lib\site-packages\django\template\base.py", line 977, in render_annotated
    return self.render(context)
           ^^^^^^^^^^^^^^^^^^^^
  File "C:\Users\bobby\AppData\Local\Programs\Python\Python312\Lib\site-packages\django\template\defaulttags.py", line 243, in render
    nodelist.append(node.render_annotated(context))
                    ^^^^^^^^^^^^^^^^^^^^^^^^^^^^^^
  File "C:\Users\bobby\AppData\Local\Programs\Python\Python312\Lib\site-packages\django\template\base.py", line 977, in render_annotated
    return self.render(context)
           ^^^^^^^^^^^^^^^^^^^^
  File "C:\Users\bobby\AppData\Local\Programs\Python\Python312\Lib\site-packages\django\template\loader_tags.py", line 210, in render
    return template.render(context)
           ^^^^^^^^^^^^^^^^^^^^^^^^
  File "C:\Users\bobby\AppData\Local\Programs\Python\Python312\Lib\site-packages\django\template\base.py", line 173, in render
    return self._render(context)
           ^^^^^^^^^^^^^^^^^^^^^
  File "C:\Users\bobby\AppData\Local\Programs\Python\Python312\Lib\site-packages\django\template\base.py", line 163, in _render
    return self.nodelist.render(context)
           ^^^^^^^^^^^^^^^^^^^^^^^^^^^^^
  File "C:\Users\bobby\AppData\Local\Programs\Python\Python312\Lib\site-packages\django\template\base.py", line 1016, in render
    return SafeString("".join([node.render_annotated(context) for node in self]))
                               ^^^^^^^^^^^^^^^^^^^^^^^^^^^^^^
  File "C:\Users\bobby\AppData\Local\Programs\Python\Python312\Lib\site-packages\django\template\base.py", line 977, in render_annotated
    return self.render(context)
           ^^^^^^^^^^^^^^^^^^^^
  File "C:\Users\bobby\AppData\Local\Programs\Python\Python312\Lib\site-packages\django\template\defaulttags.py", line 243, in render
    nodelist.append(node.render_annotated(context))
                    ^^^^^^^^^^^^^^^^^^^^^^^^^^^^^^
  File "C:\Users\bobby\AppData\Local\Programs\Python\Python312\Lib\site-packages\django\template\base.py", line 977, in render_annotated
    return self.render(context)
           ^^^^^^^^^^^^^^^^^^^^
  File "C:\Users\bobby\AppData\Local\Programs\Python\Python312\Lib\site-packages\django\template\defaulttags.py", line 243, in render
    nodelist.append(node.render_annotated(context))
                    ^^^^^^^^^^^^^^^^^^^^^^^^^^^^^^
  File "C:\Users\bobby\AppData\Local\Programs\Python\Python312\Lib\site-packages\django\template\base.py", line 977, in render_annotated
    return self.render(context)
           ^^^^^^^^^^^^^^^^^^^^
  File "C:\Users\bobby\AppData\Local\Programs\Python\Python312\Lib\site-packages\django\template\defaulttags.py", line 327, in render
    return nodelist.render(context)
           ^^^^^^^^^^^^^^^^^^^^^^^^
  File "C:\Users\bobby\AppData\Local\Programs\Python\Python312\Lib\site-packages\django\template\base.py", line 1016, in render
    return SafeString("".join([node.render_annotated(context) for node in self]))
                               ^^^^^^^^^^^^^^^^^^^^^^^^^^^^^^
  File "C:\Users\bobby\AppData\Local\Programs\Python\Python312\Lib\site-packages\django\template\base.py", line 977, in render_annotated
    return self.render(context)
           ^^^^^^^^^^^^^^^^^^^^
  File "C:\Users\bobby\AppData\Local\Programs\Python\Python312\Lib\site-packages\django\template\defaulttags.py", line 327, in render
    return nodelist.render(context)
           ^^^^^^^^^^^^^^^^^^^^^^^^
  File "C:\Users\bobby\AppData\Local\Programs\Python\Python312\Lib\site-packages\django\template\base.py", line 1016, in render
    return SafeString("".join([node.render_annotated(context) for node in self]))
                               ^^^^^^^^^^^^^^^^^^^^^^^^^^^^^^
  File "C:\Users\bobby\AppData\Local\Programs\Python\Python312\Lib\site-packages\django\template\base.py", line 977, in render_annotated
    return self.render(context)
           ^^^^^^^^^^^^^^^^^^^^
  File "C:\Users\bobby\AppData\Local\Programs\Python\Python312\Lib\site-packages\django\template\base.py", line 1081, in render
    return render_value_in_context(output, context)
           ^^^^^^^^^^^^^^^^^^^^^^^^^^^^^^^^^^^^^^^^
  File "C:\Users\bobby\AppData\Local\Programs\Python\Python312\Lib\site-packages\django\template\base.py", line 1058, in render_value_in_context
    value = str(value)
            ^^^^^^^^^^
  File "C:\Users\bobby\AppData\Local\Programs\Python\Python312\Lib\site-packages\django\forms\utils.py", line 79, in __str__
    return self.as_widget()
           ^^^^^^^^^^^^^^^^
  File "C:\Users\bobby\AppData\Local\Programs\Python\Python312\Lib\site-packages\django\forms\boundfield.py", line 108, in as_widget
    return widget.render(
           ^^^^^^^^^^^^^^
  File "C:\Users\bobby\AppData\Local\Programs\Python\Python312\Lib\site-packages\django\forms\widgets.py", line 329, in render
    context = self.get_context(name, value, attrs)
              ^^^^^^^^^^^^^^^^^^^^^^^^^^^^^^^^^^^^
  File "C:\Users\bobby\AppData\Local\Programs\Python\Python312\Lib\site-packages\django\contrib\admin\widgets.py", line 329, in get_context
    "rendered_widget": self.widget.render(name, value, attrs),
                       ^^^^^^^^^^^^^^^^^^^^^^^^^^^^^^^^^^^^^^
  File "C:\Users\bobby\AppData\Local\Programs\Python\Python312\Lib\site-packages\django\forms\widgets.py", line 329, in render
    context = self.get_context(name, value, attrs)
              ^^^^^^^^^^^^^^^^^^^^^^^^^^^^^^^^^^^^
  File "C:\Users\bobby\AppData\Local\Programs\Python\Python312\Lib\site-packages\django\forms\widgets.py", line 830, in get_context
    context = super().get_context(name, value, attrs)
              ^^^^^^^^^^^^^^^^^^^^^^^^^^^^^^^^^^^^^^^
  File "C:\Users\bobby\AppData\Local\Programs\Python\Python312\Lib\site-packages\django\forms\widgets.py", line 781, in get_context
    context["widget"]["optgroups"] = self.optgroups(
                                     ^^^^^^^^^^^^^^^
  File "C:\Users\bobby\AppData\Local\Programs\Python\Python312\Lib\site-packages\django\forms\widgets.py", line 721, in optgroups
    for index, (option_value, option_label) in enumerate(self.choices):
                                               ^^^^^^^^^^^^^^^^^^^^^^^
  File "C:\Users\bobby\AppData\Local\Programs\Python\Python312\Lib\site-packages\django\forms\models.py", line 1424, in __iter__
    for obj in queryset:
               ^^^^^^^^
  File "C:\Users\bobby\AppData\Local\Programs\Python\Python312\Lib\site-packages\django\db\models\query.py", line 502, in _iterator
    yield from iterable
  File "C:\Users\bobby\AppData\Local\Programs\Python\Python312\Lib\site-packages\django\db\models\query.py", line 91, in __iter__
    results = compiler.execute_sql(
              ^^^^^^^^^^^^^^^^^^^^^
  File "C:\Users\bobby\AppData\Local\Programs\Python\Python312\Lib\site-packages\django\db\models\sql\compiler.py", line 1623, in execute_sql
    cursor.execute(sql, params)
  File "C:\Users\bobby\AppData\Local\Programs\Python\Python312\Lib\site-packages\django\db\backends\utils.py", line 122, in execute
    return super().execute(sql, params)
           ^^^^^^^^^^^^^^^^^^^^^^^^^^^^
  File "C:\Users\bobby\AppData\Local\Programs\Python\Python312\Lib\site-packages\django\db\backends\utils.py", line 79, in execute
    return self._execute_with_wrappers(
           ^^^^^^^^^^^^^^^^^^^^^^^^^^^^
  File "C:\Users\bobby\AppData\Local\Programs\Python\Python312\Lib\site-packages\django\db\backends\utils.py", line 92, in _execute_with_wrappers
    return executor(sql, params, many, context)
           ^^^^^^^^^^^^^^^^^^^^^^^^^^^^^^^^^^^^
  File "C:\Users\bobby\AppData\Local\Programs\Python\Python312\Lib\site-packages\django\db\backends\utils.py", line 100, in _execute
    with self.db.wrap_database_errors:
         ^^^^^^^^^^^^^^^^^^^^^^^^^^^^
  File "C:\Users\bobby\AppData\Local\Programs\Python\Python312\Lib\site-packages\django\db\utils.py", line 91, in __exit__
    raise dj_exc_value.with_traceback(traceback) from exc_value
  File "C:\Users\bobby\AppData\Local\Programs\Python\Python312\Lib\site-packages\django\db\backends\utils.py", line 105, in _execute
    return self.cursor.execute(sql, params)
           ^^^^^^^^^^^^^^^^^^^^^^^^^^^^^^^^
  File "C:\Users\bobby\AppData\Local\Programs\Python\Python312\Lib\site-packages\django\db\backends\sqlite3\base.py", line 360, in execute
    return super().execute(query, params)
           ^^^^^^^^^^^^^^^^^^^^^^^^^^^^^^
django.db.utils.OperationalError: no such table: notes_subsubject
ERROR 2025-11-10 20:31:19,282 basehttp 1428 13492 "GET /admin/notes/flashcard/8/change/ HTTP/1.1" 500 653313
WARNING 2025-11-10 20:31:20,907 log 1428 13492 Not Found: /sw.js
WARNING 2025-11-10 20:31:20,907 basehttp 1428 13492 "GET /sw.js HTTP/1.1" 404 2681
INFO 2025-11-10 20:32:51,506 autoreload 4376 16352 Watching for file changes with StatReloader
ERROR 2025-11-10 20:32:55,225 log 4376 19360 Internal Server Error: /admin/notes/flashcard/8/change/
Traceback (most recent call last):
  File "C:\Users\bobby\AppData\Local\Programs\Python\Python312\Lib\site-packages\django\db\backends\utils.py", line 105, in _execute
    return self.cursor.execute(sql, params)
           ^^^^^^^^^^^^^^^^^^^^^^^^^^^^^^^^
  File "C:\Users\bobby\AppData\Local\Programs\Python\Python312\Lib\site-packages\django\db\backends\sqlite3\base.py", line 360, in execute
    return super().execute(query, params)
           ^^^^^^^^^^^^^^^^^^^^^^^^^^^^^^
sqlite3.OperationalError: no such table: notes_subsubject

The above exception was the direct cause of the following exception:

Traceback (most recent call last):
  File "C:\Users\bobby\AppData\Local\Programs\Python\Python312\Lib\site-packages\django\core\handlers\exception.py", line 55, in inner
    response = get_response(request)
               ^^^^^^^^^^^^^^^^^^^^^
  File "C:\Users\bobby\AppData\Local\Programs\Python\Python312\Lib\site-packages\django\core\handlers\base.py", line 220, in _get_response
    response = response.render()
               ^^^^^^^^^^^^^^^^^
  File "C:\Users\bobby\AppData\Local\Programs\Python\Python312\Lib\site-packages\django\template\response.py", line 114, in render
    self.content = self.rendered_content
                   ^^^^^^^^^^^^^^^^^^^^^
  File "C:\Users\bobby\AppData\Local\Programs\Python\Python312\Lib\site-packages\django\template\response.py", line 92, in rendered_content
    return template.render(context, self._request)
           ^^^^^^^^^^^^^^^^^^^^^^^^^^^^^^^^^^^^^^^
  File "C:\Users\bobby\AppData\Local\Programs\Python\Python312\Lib\site-packages\django\template\backends\django.py", line 107, in render
    return self.template.render(context)
           ^^^^^^^^^^^^^^^^^^^^^^^^^^^^^
  File "C:\Users\bobby\AppData\Local\Programs\Python\Python312\Lib\site-packages\django\template\base.py", line 171, in render
    return self._render(context)
           ^^^^^^^^^^^^^^^^^^^^^
  File "C:\Users\bobby\AppData\Local\Programs\Python\Python312\Lib\site-packages\django\template\base.py", line 163, in _render
    return self.nodelist.render(context)
           ^^^^^^^^^^^^^^^^^^^^^^^^^^^^^
  File "C:\Users\bobby\AppData\Local\Programs\Python\Python312\Lib\site-packages\django\template\base.py", line 1016, in render
    return SafeString("".join([node.render_annotated(context) for node in self]))
                               ^^^^^^^^^^^^^^^^^^^^^^^^^^^^^^
  File "C:\Users\bobby\AppData\Local\Programs\Python\Python312\Lib\site-packages\django\template\base.py", line 977, in render_annotated
    return self.render(context)
           ^^^^^^^^^^^^^^^^^^^^
  File "C:\Users\bobby\AppData\Local\Programs\Python\Python312\Lib\site-packages\django\template\loader_tags.py", line 159, in render
    return compiled_parent._render(context)
           ^^^^^^^^^^^^^^^^^^^^^^^^^^^^^^^^
  File "C:\Users\bobby\AppData\Local\Programs\Python\Python312\Lib\site-packages\django\template\base.py", line 163, in _render
    return self.nodelist.render(context)
           ^^^^^^^^^^^^^^^^^^^^^^^^^^^^^
  File "C:\Users\bobby\AppData\Local\Programs\Python\Python312\Lib\site-packages\django\template\base.py", line 1016, in render
    return SafeString("".join([node.render_annotated(context) for node in self]))
                               ^^^^^^^^^^^^^^^^^^^^^^^^^^^^^^
  File "C:\Users\bobby\AppData\Local\Programs\Python\Python312\Lib\site-packages\django\template\base.py", line 977, in render_annotated
    return self.render(context)
           ^^^^^^^^^^^^^^^^^^^^
  File "C:\Users\bobby\AppData\Local\Programs\Python\Python312\Lib\site-packages\django\template\loader_tags.py", line 159, in render
    return compiled_parent._render(context)
           ^^^^^^^^^^^^^^^^^^^^^^^^^^^^^^^^
  File "C:\Users\bobby\AppData\Local\Programs\Python\Python312\Lib\site-packages\django\template\base.py", line 163, in _render
    return self.nodelist.render(context)
           ^^^^^^^^^^^^^^^^^^^^^^^^^^^^^
  File "C:\Users\bobby\AppData\Local\Programs\Python\Python312\Lib\site-packages\django\template\base.py", line 1016, in render
    return SafeString("".join([node.render_annotated(context) for node in self]))
                               ^^^^^^^^^^^^^^^^^^^^^^^^^^^^^^
  File "C:\Users\bobby\AppData\Local\Programs\Python\Python312\Lib\site-packages\django\template\base.py", line 977, in render_annotated
    return self.render(context)
           ^^^^^^^^^^^^^^^^^^^^
  File "C:\Users\bobby\AppData\Local\Programs\Python\Python312\Lib\site-packages\django\template\loader_tags.py", line 65, in render
    result = block.nodelist.render(context)
             ^^^^^^^^^^^^^^^^^^^^^^^^^^^^^^
  File "C:\Users\bobby\AppData\Local\Programs\Python\Python312\Lib\site-packages\django\template\base.py", line 1016, in render
    return SafeString("".join([node.render_annotated(context) for node in self]))
                               ^^^^^^^^^^^^^^^^^^^^^^^^^^^^^^
  File "C:\Users\bobby\AppData\Local\Programs\Python\Python312\Lib\site-packages\django\template\base.py", line 977, in render_annotated
    return self.render(context)
           ^^^^^^^^^^^^^^^^^^^^
  File "C:\Users\bobby\AppData\Local\Programs\Python\Python312\Lib\site-packages\django\template\loader_tags.py", line 65, in render
    result = block.nodelist.render(context)
             ^^^^^^^^^^^^^^^^^^^^^^^^^^^^^^
  File "C:\Users\bobby\AppData\Local\Programs\Python\Python312\Lib\site-packages\django\template\base.py", line 1016, in render
    return SafeString("".join([node.render_annotated(context) for node in self]))
                               ^^^^^^^^^^^^^^^^^^^^^^^^^^^^^^
  File "C:\Users\bobby\AppData\Local\Programs\Python\Python312\Lib\site-packages\django\template\base.py", line 977, in render_annotated
    return self.render(context)
           ^^^^^^^^^^^^^^^^^^^^
  File "C:\Users\bobby\AppData\Local\Programs\Python\Python312\Lib\site-packages\django\template\defaulttags.py", line 243, in render
    nodelist.append(node.render_annotated(context))
                    ^^^^^^^^^^^^^^^^^^^^^^^^^^^^^^
  File "C:\Users\bobby\AppData\Local\Programs\Python\Python312\Lib\site-packages\django\template\base.py", line 977, in render_annotated
    return self.render(context)
           ^^^^^^^^^^^^^^^^^^^^
  File "C:\Users\bobby\AppData\Local\Programs\Python\Python312\Lib\site-packages\django\template\loader_tags.py", line 210, in render
    return template.render(context)
           ^^^^^^^^^^^^^^^^^^^^^^^^
  File "C:\Users\bobby\AppData\Local\Programs\Python\Python312\Lib\site-packages\django\template\base.py", line 173, in render
    return self._render(context)
           ^^^^^^^^^^^^^^^^^^^^^
  File "C:\Users\bobby\AppData\Local\Programs\Python\Python312\Lib\site-packages\django\template\base.py", line 163, in _render
    return self.nodelist.render(context)
           ^^^^^^^^^^^^^^^^^^^^^^^^^^^^^
  File "C:\Users\bobby\AppData\Local\Programs\Python\Python312\Lib\site-packages\django\template\base.py", line 1016, in render
    return SafeString("".join([node.render_annotated(context) for node in self]))
                               ^^^^^^^^^^^^^^^^^^^^^^^^^^^^^^
  File "C:\Users\bobby\AppData\Local\Programs\Python\Python312\Lib\site-packages\django\template\base.py", line 977, in render_annotated
    return self.render(context)
           ^^^^^^^^^^^^^^^^^^^^
  File "C:\Users\bobby\AppData\Local\Programs\Python\Python312\Lib\site-packages\django\template\defaulttags.py", line 243, in render
    nodelist.append(node.render_annotated(context))
                    ^^^^^^^^^^^^^^^^^^^^^^^^^^^^^^
  File "C:\Users\bobby\AppData\Local\Programs\Python\Python312\Lib\site-packages\django\template\base.py", line 977, in render_annotated
    return self.render(context)
           ^^^^^^^^^^^^^^^^^^^^
  File "C:\Users\bobby\AppData\Local\Programs\Python\Python312\Lib\site-packages\django\template\defaulttags.py", line 243, in render
    nodelist.append(node.render_annotated(context))
                    ^^^^^^^^^^^^^^^^^^^^^^^^^^^^^^
  File "C:\Users\bobby\AppData\Local\Programs\Python\Python312\Lib\site-packages\django\template\base.py", line 977, in render_annotated
    return self.render(context)
           ^^^^^^^^^^^^^^^^^^^^
  File "C:\Users\bobby\AppData\Local\Programs\Python\Python312\Lib\site-packages\django\template\defaulttags.py", line 327, in render
    return nodelist.render(context)
           ^^^^^^^^^^^^^^^^^^^^^^^^
  File "C:\Users\bobby\AppData\Local\Programs\Python\Python312\Lib\site-packages\django\template\base.py", line 1016, in render
    return SafeString("".join([node.render_annotated(context) for node in self]))
                               ^^^^^^^^^^^^^^^^^^^^^^^^^^^^^^
  File "C:\Users\bobby\AppData\Local\Programs\Python\Python312\Lib\site-packages\django\template\base.py", line 977, in render_annotated
    return self.render(context)
           ^^^^^^^^^^^^^^^^^^^^
  File "C:\Users\bobby\AppData\Local\Programs\Python\Python312\Lib\site-packages\django\template\defaulttags.py", line 327, in render
    return nodelist.render(context)
           ^^^^^^^^^^^^^^^^^^^^^^^^
  File "C:\Users\bobby\AppData\Local\Programs\Python\Python312\Lib\site-packages\django\template\base.py", line 1016, in render
    return SafeString("".join([node.render_annotated(context) for node in self]))
                               ^^^^^^^^^^^^^^^^^^^^^^^^^^^^^^
  File "C:\Users\bobby\AppData\Local\Programs\Python\Python312\Lib\site-packages\django\template\base.py", line 977, in render_annotated
    return self.render(context)
           ^^^^^^^^^^^^^^^^^^^^
  File "C:\Users\bobby\AppData\Local\Programs\Python\Python312\Lib\site-packages\django\template\base.py", line 1081, in render
    return render_value_in_context(output, context)
           ^^^^^^^^^^^^^^^^^^^^^^^^^^^^^^^^^^^^^^^^
  File "C:\Users\bobby\AppData\Local\Programs\Python\Python312\Lib\site-packages\django\template\base.py", line 1058, in render_value_in_context
    value = str(value)
            ^^^^^^^^^^
  File "C:\Users\bobby\AppData\Local\Programs\Python\Python312\Lib\site-packages\django\forms\utils.py", line 79, in __str__
    return self.as_widget()
           ^^^^^^^^^^^^^^^^
  File "C:\Users\bobby\AppData\Local\Programs\Python\Python312\Lib\site-packages\django\forms\boundfield.py", line 108, in as_widget
    return widget.render(
           ^^^^^^^^^^^^^^
  File "C:\Users\bobby\AppData\Local\Programs\Python\Python312\Lib\site-packages\django\forms\widgets.py", line 329, in render
    context = self.get_context(name, value, attrs)
              ^^^^^^^^^^^^^^^^^^^^^^^^^^^^^^^^^^^^
  File "C:\Users\bobby\AppData\Local\Programs\Python\Python312\Lib\site-packages\django\contrib\admin\widgets.py", line 329, in get_context
    "rendered_widget": self.widget.render(name, value, attrs),
                       ^^^^^^^^^^^^^^^^^^^^^^^^^^^^^^^^^^^^^^
  File "C:\Users\bobby\AppData\Local\Programs\Python\Python312\Lib\site-packages\django\forms\widgets.py", line 329, in render
    context = self.get_context(name, value, attrs)
              ^^^^^^^^^^^^^^^^^^^^^^^^^^^^^^^^^^^^
  File "C:\Users\bobby\AppData\Local\Programs\Python\Python312\Lib\site-packages\django\forms\widgets.py", line 830, in get_context
    context = super().get_context(name, value, attrs)
              ^^^^^^^^^^^^^^^^^^^^^^^^^^^^^^^^^^^^^^^
  File "C:\Users\bobby\AppData\Local\Programs\Python\Python312\Lib\site-packages\django\forms\widgets.py", line 781, in get_context
    context["widget"]["optgroups"] = self.optgroups(
                                     ^^^^^^^^^^^^^^^
  File "C:\Users\bobby\AppData\Local\Programs\Python\Python312\Lib\site-packages\django\forms\widgets.py", line 721, in optgroups
    for index, (option_value, option_label) in enumerate(self.choices):
                                               ^^^^^^^^^^^^^^^^^^^^^^^
  File "C:\Users\bobby\AppData\Local\Programs\Python\Python312\Lib\site-packages\django\forms\models.py", line 1424, in __iter__
    for obj in queryset:
               ^^^^^^^^
  File "C:\Users\bobby\AppData\Local\Programs\Python\Python312\Lib\site-packages\django\db\models\query.py", line 502, in _iterator
    yield from iterable
  File "C:\Users\bobby\AppData\Local\Programs\Python\Python312\Lib\site-packages\django\db\models\query.py", line 91, in __iter__
    results = compiler.execute_sql(
              ^^^^^^^^^^^^^^^^^^^^^
  File "C:\Users\bobby\AppData\Local\Programs\Python\Python312\Lib\site-packages\django\db\models\sql\compiler.py", line 1623, in execute_sql
    cursor.execute(sql, params)
  File "C:\Users\bobby\AppData\Local\Programs\Python\Python312\Lib\site-packages\django\db\backends\utils.py", line 122, in execute
    return super().execute(sql, params)
           ^^^^^^^^^^^^^^^^^^^^^^^^^^^^
  File "C:\Users\bobby\AppData\Local\Programs\Python\Python312\Lib\site-packages\django\db\backends\utils.py", line 79, in execute
    return self._execute_with_wrappers(
           ^^^^^^^^^^^^^^^^^^^^^^^^^^^^
  File "C:\Users\bobby\AppData\Local\Programs\Python\Python312\Lib\site-packages\django\db\backends\utils.py", line 92, in _execute_with_wrappers
    return executor(sql, params, many, context)
           ^^^^^^^^^^^^^^^^^^^^^^^^^^^^^^^^^^^^
  File "C:\Users\bobby\AppData\Local\Programs\Python\Python312\Lib\site-packages\django\db\backends\utils.py", line 100, in _execute
    with self.db.wrap_database_errors:
         ^^^^^^^^^^^^^^^^^^^^^^^^^^^^
  File "C:\Users\bobby\AppData\Local\Programs\Python\Python312\Lib\site-packages\django\db\utils.py", line 91, in __exit__
    raise dj_exc_value.with_traceback(traceback) from exc_value
  File "C:\Users\bobby\AppData\Local\Programs\Python\Python312\Lib\site-packages\django\db\backends\utils.py", line 105, in _execute
    return self.cursor.execute(sql, params)
           ^^^^^^^^^^^^^^^^^^^^^^^^^^^^^^^^
  File "C:\Users\bobby\AppData\Local\Programs\Python\Python312\Lib\site-packages\django\db\backends\sqlite3\base.py", line 360, in execute
    return super().execute(query, params)
           ^^^^^^^^^^^^^^^^^^^^^^^^^^^^^^
django.db.utils.OperationalError: no such table: notes_subsubject
ERROR 2025-11-10 20:32:55,231 basehttp 4376 19360 "GET /admin/notes/flashcard/8/change/ HTTP/1.1" 500 653140
INFO 2025-11-10 20:32:56,927 basehttp 4376 19360 "GET /admin/notes/flashcard/ HTTP/1.1" 200 73108
WARNING 2025-11-10 20:32:57,241 log 4376 19360 Not Found: /sw.js
WARNING 2025-11-10 20:32:57,242 basehttp 4376 19360 "GET /sw.js HTTP/1.1" 404 2681
ERROR 2025-11-10 20:32:58,267 log 4376 19360 Internal Server Error: /admin/notes/flashcard/7/change/
Traceback (most recent call last):
  File "C:\Users\bobby\AppData\Local\Programs\Python\Python312\Lib\site-packages\django\db\backends\utils.py", line 105, in _execute
    return self.cursor.execute(sql, params)
           ^^^^^^^^^^^^^^^^^^^^^^^^^^^^^^^^
  File "C:\Users\bobby\AppData\Local\Programs\Python\Python312\Lib\site-packages\django\db\backends\sqlite3\base.py", line 360, in execute
    return super().execute(query, params)
           ^^^^^^^^^^^^^^^^^^^^^^^^^^^^^^
sqlite3.OperationalError: no such table: notes_subsubject

The above exception was the direct cause of the following exception:

Traceback (most recent call last):
  File "C:\Users\bobby\AppData\Local\Programs\Python\Python312\Lib\site-packages\django\core\handlers\exception.py", line 55, in inner
    response = get_response(request)
               ^^^^^^^^^^^^^^^^^^^^^
  File "C:\Users\bobby\AppData\Local\Programs\Python\Python312\Lib\site-packages\django\core\handlers\base.py", line 220, in _get_response
    response = response.render()
               ^^^^^^^^^^^^^^^^^
  File "C:\Users\bobby\AppData\Local\Programs\Python\Python312\Lib\site-packages\django\template\response.py", line 114, in render
    self.content = self.rendered_content
                   ^^^^^^^^^^^^^^^^^^^^^
  File "C:\Users\bobby\AppData\Local\Programs\Python\Python312\Lib\site-packages\django\template\response.py", line 92, in rendered_content
    return template.render(context, self._request)
           ^^^^^^^^^^^^^^^^^^^^^^^^^^^^^^^^^^^^^^^
  File "C:\Users\bobby\AppData\Local\Programs\Python\Python312\Lib\site-packages\django\template\backends\django.py", line 107, in render
    return self.template.render(context)
           ^^^^^^^^^^^^^^^^^^^^^^^^^^^^^
  File "C:\Users\bobby\AppData\Local\Programs\Python\Python312\Lib\site-packages\django\template\base.py", line 171, in render
    return self._render(context)
           ^^^^^^^^^^^^^^^^^^^^^
  File "C:\Users\bobby\AppData\Local\Programs\Python\Python312\Lib\site-packages\django\template\base.py", line 163, in _render
    return self.nodelist.render(context)
           ^^^^^^^^^^^^^^^^^^^^^^^^^^^^^
  File "C:\Users\bobby\AppData\Local\Programs\Python\Python312\Lib\site-packages\django\template\base.py", line 1016, in render
    return SafeString("".join([node.render_annotated(context) for node in self]))
                               ^^^^^^^^^^^^^^^^^^^^^^^^^^^^^^
  File "C:\Users\bobby\AppData\Local\Programs\Python\Python312\Lib\site-packages\django\template\base.py", line 977, in render_annotated
    return self.render(context)
           ^^^^^^^^^^^^^^^^^^^^
  File "C:\Users\bobby\AppData\Local\Programs\Python\Python312\Lib\site-packages\django\template\loader_tags.py", line 159, in render
    return compiled_parent._render(context)
           ^^^^^^^^^^^^^^^^^^^^^^^^^^^^^^^^
  File "C:\Users\bobby\AppData\Local\Programs\Python\Python312\Lib\site-packages\django\template\base.py", line 163, in _render
    return self.nodelist.render(context)
           ^^^^^^^^^^^^^^^^^^^^^^^^^^^^^
  File "C:\Users\bobby\AppData\Local\Programs\Python\Python312\Lib\site-packages\django\template\base.py", line 1016, in render
    return SafeString("".join([node.render_annotated(context) for node in self]))
                               ^^^^^^^^^^^^^^^^^^^^^^^^^^^^^^
  File "C:\Users\bobby\AppData\Local\Programs\Python\Python312\Lib\site-packages\django\template\base.py", line 977, in render_annotated
    return self.render(context)
           ^^^^^^^^^^^^^^^^^^^^
  File "C:\Users\bobby\AppData\Local\Programs\Python\Python312\Lib\site-packages\django\template\loader_tags.py", line 159, in render
    return compiled_parent._render(context)
           ^^^^^^^^^^^^^^^^^^^^^^^^^^^^^^^^
  File "C:\Users\bobby\AppData\Local\Programs\Python\Python312\Lib\site-packages\django\template\base.py", line 163, in _render
    return self.nodelist.render(context)
           ^^^^^^^^^^^^^^^^^^^^^^^^^^^^^
  File "C:\Users\bobby\AppData\Local\Programs\Python\Python312\Lib\site-packages\django\template\base.py", line 1016, in render
    return SafeString("".join([node.render_annotated(context) for node in self]))
                               ^^^^^^^^^^^^^^^^^^^^^^^^^^^^^^
  File "C:\Users\bobby\AppData\Local\Programs\Python\Python312\Lib\site-packages\django\template\base.py", line 977, in render_annotated
    return self.render(context)
           ^^^^^^^^^^^^^^^^^^^^
  File "C:\Users\bobby\AppData\Local\Programs\Python\Python312\Lib\site-packages\django\template\loader_tags.py", line 65, in render
    result = block.nodelist.render(context)
             ^^^^^^^^^^^^^^^^^^^^^^^^^^^^^^
  File "C:\Users\bobby\AppData\Local\Programs\Python\Python312\Lib\site-packages\django\template\base.py", line 1016, in render
    return SafeString("".join([node.render_annotated(context) for node in self]))
                               ^^^^^^^^^^^^^^^^^^^^^^^^^^^^^^
  File "C:\Users\bobby\AppData\Local\Programs\Python\Python312\Lib\site-packages\django\template\base.py", line 977, in render_annotated
    return self.render(context)
           ^^^^^^^^^^^^^^^^^^^^
  File "C:\Users\bobby\AppData\Local\Programs\Python\Python312\Lib\site-packages\django\template\loader_tags.py", line 65, in render
    result = block.nodelist.render(context)
             ^^^^^^^^^^^^^^^^^^^^^^^^^^^^^^
  File "C:\Users\bobby\AppData\Local\Programs\Python\Python312\Lib\site-packages\django\template\base.py", line 1016, in render
    return SafeString("".join([node.render_annotated(context) for node in self]))
                               ^^^^^^^^^^^^^^^^^^^^^^^^^^^^^^
  File "C:\Users\bobby\AppData\Local\Programs\Python\Python312\Lib\site-packages\django\template\base.py", line 977, in render_annotated
    return self.render(context)
           ^^^^^^^^^^^^^^^^^^^^
  File "C:\Users\bobby\AppData\Local\Programs\Python\Python312\Lib\site-packages\django\template\defaulttags.py", line 243, in render
    nodelist.append(node.render_annotated(context))
                    ^^^^^^^^^^^^^^^^^^^^^^^^^^^^^^
  File "C:\Users\bobby\AppData\Local\Programs\Python\Python312\Lib\site-packages\django\template\base.py", line 977, in render_annotated
    return self.render(context)
           ^^^^^^^^^^^^^^^^^^^^
  File "C:\Users\bobby\AppData\Local\Programs\Python\Python312\Lib\site-packages\django\template\loader_tags.py", line 210, in render
    return template.render(context)
           ^^^^^^^^^^^^^^^^^^^^^^^^
  File "C:\Users\bobby\AppData\Local\Programs\Python\Python312\Lib\site-packages\django\template\base.py", line 173, in render
    return self._render(context)
           ^^^^^^^^^^^^^^^^^^^^^
  File "C:\Users\bobby\AppData\Local\Programs\Python\Python312\Lib\site-packages\django\template\base.py", line 163, in _render
    return self.nodelist.render(context)
           ^^^^^^^^^^^^^^^^^^^^^^^^^^^^^
  File "C:\Users\bobby\AppData\Local\Programs\Python\Python312\Lib\site-packages\django\template\base.py", line 1016, in render
    return SafeString("".join([node.render_annotated(context) for node in self]))
                               ^^^^^^^^^^^^^^^^^^^^^^^^^^^^^^
  File "C:\Users\bobby\AppData\Local\Programs\Python\Python312\Lib\site-packages\django\template\base.py", line 977, in render_annotated
    return self.render(context)
           ^^^^^^^^^^^^^^^^^^^^
  File "C:\Users\bobby\AppData\Local\Programs\Python\Python312\Lib\site-packages\django\template\defaulttags.py", line 243, in render
    nodelist.append(node.render_annotated(context))
                    ^^^^^^^^^^^^^^^^^^^^^^^^^^^^^^
  File "C:\Users\bobby\AppData\Local\Programs\Python\Python312\Lib\site-packages\django\template\base.py", line 977, in render_annotated
    return self.render(context)
           ^^^^^^^^^^^^^^^^^^^^
  File "C:\Users\bobby\AppData\Local\Programs\Python\Python312\Lib\site-packages\django\template\defaulttags.py", line 243, in render
    nodelist.append(node.render_annotated(context))
                    ^^^^^^^^^^^^^^^^^^^^^^^^^^^^^^
  File "C:\Users\bobby\AppData\Local\Programs\Python\Python312\Lib\site-packages\django\template\base.py", line 977, in render_annotated
    return self.render(context)
           ^^^^^^^^^^^^^^^^^^^^
  File "C:\Users\bobby\AppData\Local\Programs\Python\Python312\Lib\site-packages\django\template\defaulttags.py", line 327, in render
    return nodelist.render(context)
           ^^^^^^^^^^^^^^^^^^^^^^^^
  File "C:\Users\bobby\AppData\Local\Programs\Python\Python312\Lib\site-packages\django\template\base.py", line 1016, in render
    return SafeString("".join([node.render_annotated(context) for node in self]))
                               ^^^^^^^^^^^^^^^^^^^^^^^^^^^^^^
  File "C:\Users\bobby\AppData\Local\Programs\Python\Python312\Lib\site-packages\django\template\base.py", line 977, in render_annotated
    return self.render(context)
           ^^^^^^^^^^^^^^^^^^^^
  File "C:\Users\bobby\AppData\Local\Programs\Python\Python312\Lib\site-packages\django\template\defaulttags.py", line 327, in render
    return nodelist.render(context)
           ^^^^^^^^^^^^^^^^^^^^^^^^
  File "C:\Users\bobby\AppData\Local\Programs\Python\Python312\Lib\site-packages\django\template\base.py", line 1016, in render
    return SafeString("".join([node.render_annotated(context) for node in self]))
                               ^^^^^^^^^^^^^^^^^^^^^^^^^^^^^^
  File "C:\Users\bobby\AppData\Local\Programs\Python\Python312\Lib\site-packages\django\template\base.py", line 977, in render_annotated
    return self.render(context)
           ^^^^^^^^^^^^^^^^^^^^
  File "C:\Users\bobby\AppData\Local\Programs\Python\Python312\Lib\site-packages\django\template\base.py", line 1081, in render
    return render_value_in_context(output, context)
           ^^^^^^^^^^^^^^^^^^^^^^^^^^^^^^^^^^^^^^^^
  File "C:\Users\bobby\AppData\Local\Programs\Python\Python312\Lib\site-packages\django\template\base.py", line 1058, in render_value_in_context
    value = str(value)
            ^^^^^^^^^^
  File "C:\Users\bobby\AppData\Local\Programs\Python\Python312\Lib\site-packages\django\forms\utils.py", line 79, in __str__
    return self.as_widget()
           ^^^^^^^^^^^^^^^^
  File "C:\Users\bobby\AppData\Local\Programs\Python\Python312\Lib\site-packages\django\forms\boundfield.py", line 108, in as_widget
    return widget.render(
           ^^^^^^^^^^^^^^
  File "C:\Users\bobby\AppData\Local\Programs\Python\Python312\Lib\site-packages\django\forms\widgets.py", line 329, in render
    context = self.get_context(name, value, attrs)
              ^^^^^^^^^^^^^^^^^^^^^^^^^^^^^^^^^^^^
  File "C:\Users\bobby\AppData\Local\Programs\Python\Python312\Lib\site-packages\django\contrib\admin\widgets.py", line 329, in get_context
    "rendered_widget": self.widget.render(name, value, attrs),
                       ^^^^^^^^^^^^^^^^^^^^^^^^^^^^^^^^^^^^^^
  File "C:\Users\bobby\AppData\Local\Programs\Python\Python312\Lib\site-packages\django\forms\widgets.py", line 329, in render
    context = self.get_context(name, value, attrs)
              ^^^^^^^^^^^^^^^^^^^^^^^^^^^^^^^^^^^^
  File "C:\Users\bobby\AppData\Local\Programs\Python\Python312\Lib\site-packages\django\forms\widgets.py", line 830, in get_context
    context = super().get_context(name, value, attrs)
              ^^^^^^^^^^^^^^^^^^^^^^^^^^^^^^^^^^^^^^^
  File "C:\Users\bobby\AppData\Local\Programs\Python\Python312\Lib\site-packages\django\forms\widgets.py", line 781, in get_context
    context["widget"]["optgroups"] = self.optgroups(
                                     ^^^^^^^^^^^^^^^
  File "C:\Users\bobby\AppData\Local\Programs\Python\Python312\Lib\site-packages\django\forms\widgets.py", line 721, in optgroups
    for index, (option_value, option_label) in enumerate(self.choices):
                                               ^^^^^^^^^^^^^^^^^^^^^^^
  File "C:\Users\bobby\AppData\Local\Programs\Python\Python312\Lib\site-packages\django\forms\models.py", line 1424, in __iter__
    for obj in queryset:
               ^^^^^^^^
  File "C:\Users\bobby\AppData\Local\Programs\Python\Python312\Lib\site-packages\django\db\models\query.py", line 502, in _iterator
    yield from iterable
  File "C:\Users\bobby\AppData\Local\Programs\Python\Python312\Lib\site-packages\django\db\models\query.py", line 91, in __iter__
    results = compiler.execute_sql(
              ^^^^^^^^^^^^^^^^^^^^^
  File "C:\Users\bobby\AppData\Local\Programs\Python\Python312\Lib\site-packages\django\db\models\sql\compiler.py", line 1623, in execute_sql
    cursor.execute(sql, params)
  File "C:\Users\bobby\AppData\Local\Programs\Python\Python312\Lib\site-packages\django\db\backends\utils.py", line 122, in execute
    return super().execute(sql, params)
           ^^^^^^^^^^^^^^^^^^^^^^^^^^^^
  File "C:\Users\bobby\AppData\Local\Programs\Python\Python312\Lib\site-packages\django\db\backends\utils.py", line 79, in execute
    return self._execute_with_wrappers(
           ^^^^^^^^^^^^^^^^^^^^^^^^^^^^
  File "C:\Users\bobby\AppData\Local\Programs\Python\Python312\Lib\site-packages\django\db\backends\utils.py", line 92, in _execute_with_wrappers
    return executor(sql, params, many, context)
           ^^^^^^^^^^^^^^^^^^^^^^^^^^^^^^^^^^^^
  File "C:\Users\bobby\AppData\Local\Programs\Python\Python312\Lib\site-packages\django\db\backends\utils.py", line 100, in _execute
    with self.db.wrap_database_errors:
         ^^^^^^^^^^^^^^^^^^^^^^^^^^^^
  File "C:\Users\bobby\AppData\Local\Programs\Python\Python312\Lib\site-packages\django\db\utils.py", line 91, in __exit__
    raise dj_exc_value.with_traceback(traceback) from exc_value
  File "C:\Users\bobby\AppData\Local\Programs\Python\Python312\Lib\site-packages\django\db\backends\utils.py", line 105, in _execute
    return self.cursor.execute(sql, params)
           ^^^^^^^^^^^^^^^^^^^^^^^^^^^^^^^^
  File "C:\Users\bobby\AppData\Local\Programs\Python\Python312\Lib\site-packages\django\db\backends\sqlite3\base.py", line 360, in execute
    return super().execute(query, params)
           ^^^^^^^^^^^^^^^^^^^^^^^^^^^^^^
django.db.utils.OperationalError: no such table: notes_subsubject
ERROR 2025-11-10 20:32:58,270 basehttp 4376 19360 "GET /admin/notes/flashcard/7/change/ HTTP/1.1" 500 653313
WARNING 2025-11-10 20:32:58,522 log 4376 19360 Not Found: /sw.js
WARNING 2025-11-10 20:32:58,522 basehttp 4376 19360 "GET /sw.js HTTP/1.1" 404 2681
INFO 2025-11-10 20:32:59,545 basehttp 4376 19360 "GET /admin/notes/flashcard/ HTTP/1.1" 200 73108
WARNING 2025-11-10 20:32:59,883 log 4376 19360 Not Found: /sw.js
WARNING 2025-11-10 20:32:59,883 basehttp 4376 19360 "GET /sw.js HTTP/1.1" 404 2681
WARNING 2025-11-10 20:33:01,130 log 4376 19360 Not Found: /sw.js
WARNING 2025-11-10 20:33:01,131 basehttp 4376 19360 "GET /sw.js HTTP/1.1" 404 2681
ERROR 2025-11-10 20:33:02,155 log 4376 19360 Internal Server Error: /admin/notes/flashcard/add/
Traceback (most recent call last):
  File "C:\Users\bobby\AppData\Local\Programs\Python\Python312\Lib\site-packages\django\db\backends\utils.py", line 105, in _execute
    return self.cursor.execute(sql, params)
           ^^^^^^^^^^^^^^^^^^^^^^^^^^^^^^^^
  File "C:\Users\bobby\AppData\Local\Programs\Python\Python312\Lib\site-packages\django\db\backends\sqlite3\base.py", line 360, in execute
    return super().execute(query, params)
           ^^^^^^^^^^^^^^^^^^^^^^^^^^^^^^
sqlite3.OperationalError: no such table: notes_subsubject

The above exception was the direct cause of the following exception:

Traceback (most recent call last):
  File "C:\Users\bobby\AppData\Local\Programs\Python\Python312\Lib\site-packages\django\core\handlers\exception.py", line 55, in inner
    response = get_response(request)
               ^^^^^^^^^^^^^^^^^^^^^
  File "C:\Users\bobby\AppData\Local\Programs\Python\Python312\Lib\site-packages\django\core\handlers\base.py", line 220, in _get_response
    response = response.render()
               ^^^^^^^^^^^^^^^^^
  File "C:\Users\bobby\AppData\Local\Programs\Python\Python312\Lib\site-packages\django\template\response.py", line 114, in render
    self.content = self.rendered_content
                   ^^^^^^^^^^^^^^^^^^^^^
  File "C:\Users\bobby\AppData\Local\Programs\Python\Python312\Lib\site-packages\django\template\response.py", line 92, in rendered_content
    return template.render(context, self._request)
           ^^^^^^^^^^^^^^^^^^^^^^^^^^^^^^^^^^^^^^^
  File "C:\Users\bobby\AppData\Local\Programs\Python\Python312\Lib\site-packages\django\template\backends\django.py", line 107, in render
    return self.template.render(context)
           ^^^^^^^^^^^^^^^^^^^^^^^^^^^^^
  File "C:\Users\bobby\AppData\Local\Programs\Python\Python312\Lib\site-packages\django\template\base.py", line 171, in render
    return self._render(context)
           ^^^^^^^^^^^^^^^^^^^^^
  File "C:\Users\bobby\AppData\Local\Programs\Python\Python312\Lib\site-packages\django\template\base.py", line 163, in _render
    return self.nodelist.render(context)
           ^^^^^^^^^^^^^^^^^^^^^^^^^^^^^
  File "C:\Users\bobby\AppData\Local\Programs\Python\Python312\Lib\site-packages\django\template\base.py", line 1016, in render
    return SafeString("".join([node.render_annotated(context) for node in self]))
                               ^^^^^^^^^^^^^^^^^^^^^^^^^^^^^^
  File "C:\Users\bobby\AppData\Local\Programs\Python\Python312\Lib\site-packages\django\template\base.py", line 977, in render_annotated
    return self.render(context)
           ^^^^^^^^^^^^^^^^^^^^
  File "C:\Users\bobby\AppData\Local\Programs\Python\Python312\Lib\site-packages\django\template\loader_tags.py", line 159, in render
    return compiled_parent._render(context)
           ^^^^^^^^^^^^^^^^^^^^^^^^^^^^^^^^
  File "C:\Users\bobby\AppData\Local\Programs\Python\Python312\Lib\site-packages\django\template\base.py", line 163, in _render
    return self.nodelist.render(context)
           ^^^^^^^^^^^^^^^^^^^^^^^^^^^^^
  File "C:\Users\bobby\AppData\Local\Programs\Python\Python312\Lib\site-packages\django\template\base.py", line 1016, in render
    return SafeString("".join([node.render_annotated(context) for node in self]))
                               ^^^^^^^^^^^^^^^^^^^^^^^^^^^^^^
  File "C:\Users\bobby\AppData\Local\Programs\Python\Python312\Lib\site-packages\django\template\base.py", line 977, in render_annotated
    return self.render(context)
           ^^^^^^^^^^^^^^^^^^^^
  File "C:\Users\bobby\AppData\Local\Programs\Python\Python312\Lib\site-packages\django\template\loader_tags.py", line 159, in render
    return compiled_parent._render(context)
           ^^^^^^^^^^^^^^^^^^^^^^^^^^^^^^^^
  File "C:\Users\bobby\AppData\Local\Programs\Python\Python312\Lib\site-packages\django\template\base.py", line 163, in _render
    return self.nodelist.render(context)
           ^^^^^^^^^^^^^^^^^^^^^^^^^^^^^
  File "C:\Users\bobby\AppData\Local\Programs\Python\Python312\Lib\site-packages\django\template\base.py", line 1016, in render
    return SafeString("".join([node.render_annotated(context) for node in self]))
                               ^^^^^^^^^^^^^^^^^^^^^^^^^^^^^^
  File "C:\Users\bobby\AppData\Local\Programs\Python\Python312\Lib\site-packages\django\template\base.py", line 977, in render_annotated
    return self.render(context)
           ^^^^^^^^^^^^^^^^^^^^
  File "C:\Users\bobby\AppData\Local\Programs\Python\Python312\Lib\site-packages\django\template\loader_tags.py", line 65, in render
    result = block.nodelist.render(context)
             ^^^^^^^^^^^^^^^^^^^^^^^^^^^^^^
  File "C:\Users\bobby\AppData\Local\Programs\Python\Python312\Lib\site-packages\django\template\base.py", line 1016, in render
    return SafeString("".join([node.render_annotated(context) for node in self]))
                               ^^^^^^^^^^^^^^^^^^^^^^^^^^^^^^
  File "C:\Users\bobby\AppData\Local\Programs\Python\Python312\Lib\site-packages\django\template\base.py", line 977, in render_annotated
    return self.render(context)
           ^^^^^^^^^^^^^^^^^^^^
  File "C:\Users\bobby\AppData\Local\Programs\Python\Python312\Lib\site-packages\django\template\loader_tags.py", line 65, in render
    result = block.nodelist.render(context)
             ^^^^^^^^^^^^^^^^^^^^^^^^^^^^^^
  File "C:\Users\bobby\AppData\Local\Programs\Python\Python312\Lib\site-packages\django\template\base.py", line 1016, in render
    return SafeString("".join([node.render_annotated(context) for node in self]))
                               ^^^^^^^^^^^^^^^^^^^^^^^^^^^^^^
  File "C:\Users\bobby\AppData\Local\Programs\Python\Python312\Lib\site-packages\django\template\base.py", line 977, in render_annotated
    return self.render(context)
           ^^^^^^^^^^^^^^^^^^^^
  File "C:\Users\bobby\AppData\Local\Programs\Python\Python312\Lib\site-packages\django\template\defaulttags.py", line 243, in render
    nodelist.append(node.render_annotated(context))
                    ^^^^^^^^^^^^^^^^^^^^^^^^^^^^^^
  File "C:\Users\bobby\AppData\Local\Programs\Python\Python312\Lib\site-packages\django\template\base.py", line 977, in render_annotated
    return self.render(context)
           ^^^^^^^^^^^^^^^^^^^^
  File "C:\Users\bobby\AppData\Local\Programs\Python\Python312\Lib\site-packages\django\template\loader_tags.py", line 210, in render
    return template.render(context)
           ^^^^^^^^^^^^^^^^^^^^^^^^
  File "C:\Users\bobby\AppData\Local\Programs\Python\Python312\Lib\site-packages\django\template\base.py", line 173, in render
    return self._render(context)
           ^^^^^^^^^^^^^^^^^^^^^
  File "C:\Users\bobby\AppData\Local\Programs\Python\Python312\Lib\site-packages\django\template\base.py", line 163, in _render
    return self.nodelist.render(context)
           ^^^^^^^^^^^^^^^^^^^^^^^^^^^^^
  File "C:\Users\bobby\AppData\Local\Programs\Python\Python312\Lib\site-packages\django\template\base.py", line 1016, in render
    return SafeString("".join([node.render_annotated(context) for node in self]))
                               ^^^^^^^^^^^^^^^^^^^^^^^^^^^^^^
  File "C:\Users\bobby\AppData\Local\Programs\Python\Python312\Lib\site-packages\django\template\base.py", line 977, in render_annotated
    return self.render(context)
           ^^^^^^^^^^^^^^^^^^^^
  File "C:\Users\bobby\AppData\Local\Programs\Python\Python312\Lib\site-packages\django\template\defaulttags.py", line 243, in render
    nodelist.append(node.render_annotated(context))
                    ^^^^^^^^^^^^^^^^^^^^^^^^^^^^^^
  File "C:\Users\bobby\AppData\Local\Programs\Python\Python312\Lib\site-packages\django\template\base.py", line 977, in render_annotated
    return self.render(context)
           ^^^^^^^^^^^^^^^^^^^^
  File "C:\Users\bobby\AppData\Local\Programs\Python\Python312\Lib\site-packages\django\template\defaulttags.py", line 243, in render
    nodelist.append(node.render_annotated(context))
                    ^^^^^^^^^^^^^^^^^^^^^^^^^^^^^^
  File "C:\Users\bobby\AppData\Local\Programs\Python\Python312\Lib\site-packages\django\template\base.py", line 977, in render_annotated
    return self.render(context)
           ^^^^^^^^^^^^^^^^^^^^
  File "C:\Users\bobby\AppData\Local\Programs\Python\Python312\Lib\site-packages\django\template\defaulttags.py", line 327, in render
    return nodelist.render(context)
           ^^^^^^^^^^^^^^^^^^^^^^^^
  File "C:\Users\bobby\AppData\Local\Programs\Python\Python312\Lib\site-packages\django\template\base.py", line 1016, in render
    return SafeString("".join([node.render_annotated(context) for node in self]))
                               ^^^^^^^^^^^^^^^^^^^^^^^^^^^^^^
  File "C:\Users\bobby\AppData\Local\Programs\Python\Python312\Lib\site-packages\django\template\base.py", line 977, in render_annotated
    return self.render(context)
           ^^^^^^^^^^^^^^^^^^^^
  File "C:\Users\bobby\AppData\Local\Programs\Python\Python312\Lib\site-packages\django\template\defaulttags.py", line 327, in render
    return nodelist.render(context)
           ^^^^^^^^^^^^^^^^^^^^^^^^
  File "C:\Users\bobby\AppData\Local\Programs\Python\Python312\Lib\site-packages\django\template\base.py", line 1016, in render
    return SafeString("".join([node.render_annotated(context) for node in self]))
                               ^^^^^^^^^^^^^^^^^^^^^^^^^^^^^^
  File "C:\Users\bobby\AppData\Local\Programs\Python\Python312\Lib\site-packages\django\template\base.py", line 977, in render_annotated
    return self.render(context)
           ^^^^^^^^^^^^^^^^^^^^
  File "C:\Users\bobby\AppData\Local\Programs\Python\Python312\Lib\site-packages\django\template\base.py", line 1081, in render
    return render_value_in_context(output, context)
           ^^^^^^^^^^^^^^^^^^^^^^^^^^^^^^^^^^^^^^^^
  File "C:\Users\bobby\AppData\Local\Programs\Python\Python312\Lib\site-packages\django\template\base.py", line 1058, in render_value_in_context
    value = str(value)
            ^^^^^^^^^^
  File "C:\Users\bobby\AppData\Local\Programs\Python\Python312\Lib\site-packages\django\forms\utils.py", line 79, in __str__
    return self.as_widget()
           ^^^^^^^^^^^^^^^^
  File "C:\Users\bobby\AppData\Local\Programs\Python\Python312\Lib\site-packages\django\forms\boundfield.py", line 108, in as_widget
    return widget.render(
           ^^^^^^^^^^^^^^
  File "C:\Users\bobby\AppData\Local\Programs\Python\Python312\Lib\site-packages\django\forms\widgets.py", line 329, in render
    context = self.get_context(name, value, attrs)
              ^^^^^^^^^^^^^^^^^^^^^^^^^^^^^^^^^^^^
  File "C:\Users\bobby\AppData\Local\Programs\Python\Python312\Lib\site-packages\django\contrib\admin\widgets.py", line 329, in get_context
    "rendered_widget": self.widget.render(name, value, attrs),
                       ^^^^^^^^^^^^^^^^^^^^^^^^^^^^^^^^^^^^^^
  File "C:\Users\bobby\AppData\Local\Programs\Python\Python312\Lib\site-packages\django\forms\widgets.py", line 329, in render
    context = self.get_context(name, value, attrs)
              ^^^^^^^^^^^^^^^^^^^^^^^^^^^^^^^^^^^^
  File "C:\Users\bobby\AppData\Local\Programs\Python\Python312\Lib\site-packages\django\forms\widgets.py", line 830, in get_context
    context = super().get_context(name, value, attrs)
              ^^^^^^^^^^^^^^^^^^^^^^^^^^^^^^^^^^^^^^^
  File "C:\Users\bobby\AppData\Local\Programs\Python\Python312\Lib\site-packages\django\forms\widgets.py", line 781, in get_context
    context["widget"]["optgroups"] = self.optgroups(
                                     ^^^^^^^^^^^^^^^
  File "C:\Users\bobby\AppData\Local\Programs\Python\Python312\Lib\site-packages\django\forms\widgets.py", line 721, in optgroups
    for index, (option_value, option_label) in enumerate(self.choices):
                                               ^^^^^^^^^^^^^^^^^^^^^^^
  File "C:\Users\bobby\AppData\Local\Programs\Python\Python312\Lib\site-packages\django\forms\models.py", line 1424, in __iter__
    for obj in queryset:
               ^^^^^^^^
  File "C:\Users\bobby\AppData\Local\Programs\Python\Python312\Lib\site-packages\django\db\models\query.py", line 502, in _iterator
    yield from iterable
  File "C:\Users\bobby\AppData\Local\Programs\Python\Python312\Lib\site-packages\django\db\models\query.py", line 91, in __iter__
    results = compiler.execute_sql(
              ^^^^^^^^^^^^^^^^^^^^^
  File "C:\Users\bobby\AppData\Local\Programs\Python\Python312\Lib\site-packages\django\db\models\sql\compiler.py", line 1623, in execute_sql
    cursor.execute(sql, params)
  File "C:\Users\bobby\AppData\Local\Programs\Python\Python312\Lib\site-packages\django\db\backends\utils.py", line 122, in execute
    return super().execute(sql, params)
           ^^^^^^^^^^^^^^^^^^^^^^^^^^^^
  File "C:\Users\bobby\AppData\Local\Programs\Python\Python312\Lib\site-packages\django\db\backends\utils.py", line 79, in execute
    return self._execute_with_wrappers(
           ^^^^^^^^^^^^^^^^^^^^^^^^^^^^
  File "C:\Users\bobby\AppData\Local\Programs\Python\Python312\Lib\site-packages\django\db\backends\utils.py", line 92, in _execute_with_wrappers
    return executor(sql, params, many, context)
           ^^^^^^^^^^^^^^^^^^^^^^^^^^^^^^^^^^^^
  File "C:\Users\bobby\AppData\Local\Programs\Python\Python312\Lib\site-packages\django\db\backends\utils.py", line 100, in _execute
    with self.db.wrap_database_errors:
         ^^^^^^^^^^^^^^^^^^^^^^^^^^^^
  File "C:\Users\bobby\AppData\Local\Programs\Python\Python312\Lib\site-packages\django\db\utils.py", line 91, in __exit__
    raise dj_exc_value.with_traceback(traceback) from exc_value
  File "C:\Users\bobby\AppData\Local\Programs\Python\Python312\Lib\site-packages\django\db\backends\utils.py", line 105, in _execute
    return self.cursor.execute(sql, params)
           ^^^^^^^^^^^^^^^^^^^^^^^^^^^^^^^^
  File "C:\Users\bobby\AppData\Local\Programs\Python\Python312\Lib\site-packages\django\db\backends\sqlite3\base.py", line 360, in execute
    return super().execute(query, params)
           ^^^^^^^^^^^^^^^^^^^^^^^^^^^^^^
django.db.utils.OperationalError: no such table: notes_subsubject
ERROR 2025-11-10 20:33:02,158 basehttp 4376 19360 "GET /admin/notes/flashcard/add/ HTTP/1.1" 500 653282
WARNING 2025-11-10 20:33:03,772 log 4376 19360 Not Found: /sw.js
WARNING 2025-11-10 20:33:03,773 basehttp 4376 19360 "GET /sw.js HTTP/1.1" 404 2681
INFO 2025-11-10 20:33:04,177 basehttp 4376 19360 "GET /admin/notes/flashcard/ HTTP/1.1" 200 73108
WARNING 2025-11-10 20:33:05,750 log 4376 19360 Not Found: /sw.js
WARNING 2025-11-10 20:33:05,750 basehttp 4376 19360 "GET /sw.js HTTP/1.1" 404 2681
INFO 2025-11-10 20:33:07,338 basehttp 4376 19360 "GET /admin/notes/flashcard/ HTTP/1.1" 200 73108
INFO 2025-11-10 20:33:07,355 basehttp 4376 19360 "GET /admin/jsi18n/ HTTP/1.1" 200 3342
WARNING 2025-11-10 20:33:08,905 log 4376 19360 Not Found: /sw.js
WARNING 2025-11-10 20:33:08,906 basehttp 4376 19360 "GET /sw.js HTTP/1.1" 404 2681
ERROR 2025-11-10 20:33:10,988 log 4376 19360 Internal Server Error: /admin/notes/flashcard/8/change/
Traceback (most recent call last):
  File "C:\Users\bobby\AppData\Local\Programs\Python\Python312\Lib\site-packages\django\db\backends\utils.py", line 105, in _execute
    return self.cursor.execute(sql, params)
           ^^^^^^^^^^^^^^^^^^^^^^^^^^^^^^^^
  File "C:\Users\bobby\AppData\Local\Programs\Python\Python312\Lib\site-packages\django\db\backends\sqlite3\base.py", line 360, in execute
    return super().execute(query, params)
           ^^^^^^^^^^^^^^^^^^^^^^^^^^^^^^
sqlite3.OperationalError: no such table: notes_subsubject

The above exception was the direct cause of the following exception:

Traceback (most recent call last):
  File "C:\Users\bobby\AppData\Local\Programs\Python\Python312\Lib\site-packages\django\core\handlers\exception.py", line 55, in inner
    response = get_response(request)
               ^^^^^^^^^^^^^^^^^^^^^
  File "C:\Users\bobby\AppData\Local\Programs\Python\Python312\Lib\site-packages\django\core\handlers\base.py", line 220, in _get_response
    response = response.render()
               ^^^^^^^^^^^^^^^^^
  File "C:\Users\bobby\AppData\Local\Programs\Python\Python312\Lib\site-packages\django\template\response.py", line 114, in render
    self.content = self.rendered_content
                   ^^^^^^^^^^^^^^^^^^^^^
  File "C:\Users\bobby\AppData\Local\Programs\Python\Python312\Lib\site-packages\django\template\response.py", line 92, in rendered_content
    return template.render(context, self._request)
           ^^^^^^^^^^^^^^^^^^^^^^^^^^^^^^^^^^^^^^^
  File "C:\Users\bobby\AppData\Local\Programs\Python\Python312\Lib\site-packages\django\template\backends\django.py", line 107, in render
    return self.template.render(context)
           ^^^^^^^^^^^^^^^^^^^^^^^^^^^^^
  File "C:\Users\bobby\AppData\Local\Programs\Python\Python312\Lib\site-packages\django\template\base.py", line 171, in render
    return self._render(context)
           ^^^^^^^^^^^^^^^^^^^^^
  File "C:\Users\bobby\AppData\Local\Programs\Python\Python312\Lib\site-packages\django\template\base.py", line 163, in _render
    return self.nodelist.render(context)
           ^^^^^^^^^^^^^^^^^^^^^^^^^^^^^
  File "C:\Users\bobby\AppData\Local\Programs\Python\Python312\Lib\site-packages\django\template\base.py", line 1016, in render
    return SafeString("".join([node.render_annotated(context) for node in self]))
                               ^^^^^^^^^^^^^^^^^^^^^^^^^^^^^^
  File "C:\Users\bobby\AppData\Local\Programs\Python\Python312\Lib\site-packages\django\template\base.py", line 977, in render_annotated
    return self.render(context)
           ^^^^^^^^^^^^^^^^^^^^
  File "C:\Users\bobby\AppData\Local\Programs\Python\Python312\Lib\site-packages\django\template\loader_tags.py", line 159, in render
    return compiled_parent._render(context)
           ^^^^^^^^^^^^^^^^^^^^^^^^^^^^^^^^
  File "C:\Users\bobby\AppData\Local\Programs\Python\Python312\Lib\site-packages\django\template\base.py", line 163, in _render
    return self.nodelist.render(context)
           ^^^^^^^^^^^^^^^^^^^^^^^^^^^^^
  File "C:\Users\bobby\AppData\Local\Programs\Python\Python312\Lib\site-packages\django\template\base.py", line 1016, in render
    return SafeString("".join([node.render_annotated(context) for node in self]))
                               ^^^^^^^^^^^^^^^^^^^^^^^^^^^^^^
  File "C:\Users\bobby\AppData\Local\Programs\Python\Python312\Lib\site-packages\django\template\base.py", line 977, in render_annotated
    return self.render(context)
           ^^^^^^^^^^^^^^^^^^^^
  File "C:\Users\bobby\AppData\Local\Programs\Python\Python312\Lib\site-packages\django\template\loader_tags.py", line 159, in render
    return compiled_parent._render(context)
           ^^^^^^^^^^^^^^^^^^^^^^^^^^^^^^^^
  File "C:\Users\bobby\AppData\Local\Programs\Python\Python312\Lib\site-packages\django\template\base.py", line 163, in _render
    return self.nodelist.render(context)
           ^^^^^^^^^^^^^^^^^^^^^^^^^^^^^
  File "C:\Users\bobby\AppData\Local\Programs\Python\Python312\Lib\site-packages\django\template\base.py", line 1016, in render
    return SafeString("".join([node.render_annotated(context) for node in self]))
                               ^^^^^^^^^^^^^^^^^^^^^^^^^^^^^^
  File "C:\Users\bobby\AppData\Local\Programs\Python\Python312\Lib\site-packages\django\template\base.py", line 977, in render_annotated
    return self.render(context)
           ^^^^^^^^^^^^^^^^^^^^
  File "C:\Users\bobby\AppData\Local\Programs\Python\Python312\Lib\site-packages\django\template\loader_tags.py", line 65, in render
    result = block.nodelist.render(context)
             ^^^^^^^^^^^^^^^^^^^^^^^^^^^^^^
  File "C:\Users\bobby\AppData\Local\Programs\Python\Python312\Lib\site-packages\django\template\base.py", line 1016, in render
    return SafeString("".join([node.render_annotated(context) for node in self]))
                               ^^^^^^^^^^^^^^^^^^^^^^^^^^^^^^
  File "C:\Users\bobby\AppData\Local\Programs\Python\Python312\Lib\site-packages\django\template\base.py", line 977, in render_annotated
    return self.render(context)
           ^^^^^^^^^^^^^^^^^^^^
  File "C:\Users\bobby\AppData\Local\Programs\Python\Python312\Lib\site-packages\django\template\loader_tags.py", line 65, in render
    result = block.nodelist.render(context)
             ^^^^^^^^^^^^^^^^^^^^^^^^^^^^^^
  File "C:\Users\bobby\AppData\Local\Programs\Python\Python312\Lib\site-packages\django\template\base.py", line 1016, in render
    return SafeString("".join([node.render_annotated(context) for node in self]))
                               ^^^^^^^^^^^^^^^^^^^^^^^^^^^^^^
  File "C:\Users\bobby\AppData\Local\Programs\Python\Python312\Lib\site-packages\django\template\base.py", line 977, in render_annotated
    return self.render(context)
           ^^^^^^^^^^^^^^^^^^^^
  File "C:\Users\bobby\AppData\Local\Programs\Python\Python312\Lib\site-packages\django\template\defaulttags.py", line 243, in render
    nodelist.append(node.render_annotated(context))
                    ^^^^^^^^^^^^^^^^^^^^^^^^^^^^^^
  File "C:\Users\bobby\AppData\Local\Programs\Python\Python312\Lib\site-packages\django\template\base.py", line 977, in render_annotated
    return self.render(context)
           ^^^^^^^^^^^^^^^^^^^^
  File "C:\Users\bobby\AppData\Local\Programs\Python\Python312\Lib\site-packages\django\template\loader_tags.py", line 210, in render
    return template.render(context)
           ^^^^^^^^^^^^^^^^^^^^^^^^
  File "C:\Users\bobby\AppData\Local\Programs\Python\Python312\Lib\site-packages\django\template\base.py", line 173, in render
    return self._render(context)
           ^^^^^^^^^^^^^^^^^^^^^
  File "C:\Users\bobby\AppData\Local\Programs\Python\Python312\Lib\site-packages\django\template\base.py", line 163, in _render
    return self.nodelist.render(context)
           ^^^^^^^^^^^^^^^^^^^^^^^^^^^^^
  File "C:\Users\bobby\AppData\Local\Programs\Python\Python312\Lib\site-packages\django\template\base.py", line 1016, in render
    return SafeString("".join([node.render_annotated(context) for node in self]))
                               ^^^^^^^^^^^^^^^^^^^^^^^^^^^^^^
  File "C:\Users\bobby\AppData\Local\Programs\Python\Python312\Lib\site-packages\django\template\base.py", line 977, in render_annotated
    return self.render(context)
           ^^^^^^^^^^^^^^^^^^^^
  File "C:\Users\bobby\AppData\Local\Programs\Python\Python312\Lib\site-packages\django\template\defaulttags.py", line 243, in render
    nodelist.append(node.render_annotated(context))
                    ^^^^^^^^^^^^^^^^^^^^^^^^^^^^^^
  File "C:\Users\bobby\AppData\Local\Programs\Python\Python312\Lib\site-packages\django\template\base.py", line 977, in render_annotated
    return self.render(context)
           ^^^^^^^^^^^^^^^^^^^^
  File "C:\Users\bobby\AppData\Local\Programs\Python\Python312\Lib\site-packages\django\template\defaulttags.py", line 243, in render
    nodelist.append(node.render_annotated(context))
                    ^^^^^^^^^^^^^^^^^^^^^^^^^^^^^^
  File "C:\Users\bobby\AppData\Local\Programs\Python\Python312\Lib\site-packages\django\template\base.py", line 977, in render_annotated
    return self.render(context)
           ^^^^^^^^^^^^^^^^^^^^
  File "C:\Users\bobby\AppData\Local\Programs\Python\Python312\Lib\site-packages\django\template\defaulttags.py", line 327, in render
    return nodelist.render(context)
           ^^^^^^^^^^^^^^^^^^^^^^^^
  File "C:\Users\bobby\AppData\Local\Programs\Python\Python312\Lib\site-packages\django\template\base.py", line 1016, in render
    return SafeString("".join([node.render_annotated(context) for node in self]))
                               ^^^^^^^^^^^^^^^^^^^^^^^^^^^^^^
  File "C:\Users\bobby\AppData\Local\Programs\Python\Python312\Lib\site-packages\django\template\base.py", line 977, in render_annotated
    return self.render(context)
           ^^^^^^^^^^^^^^^^^^^^
  File "C:\Users\bobby\AppData\Local\Programs\Python\Python312\Lib\site-packages\django\template\defaulttags.py", line 327, in render
    return nodelist.render(context)
           ^^^^^^^^^^^^^^^^^^^^^^^^
  File "C:\Users\bobby\AppData\Local\Programs\Python\Python312\Lib\site-packages\django\template\base.py", line 1016, in render
    return SafeString("".join([node.render_annotated(context) for node in self]))
                               ^^^^^^^^^^^^^^^^^^^^^^^^^^^^^^
  File "C:\Users\bobby\AppData\Local\Programs\Python\Python312\Lib\site-packages\django\template\base.py", line 977, in render_annotated
    return self.render(context)
           ^^^^^^^^^^^^^^^^^^^^
  File "C:\Users\bobby\AppData\Local\Programs\Python\Python312\Lib\site-packages\django\template\base.py", line 1081, in render
    return render_value_in_context(output, context)
           ^^^^^^^^^^^^^^^^^^^^^^^^^^^^^^^^^^^^^^^^
  File "C:\Users\bobby\AppData\Local\Programs\Python\Python312\Lib\site-packages\django\template\base.py", line 1058, in render_value_in_context
    value = str(value)
            ^^^^^^^^^^
  File "C:\Users\bobby\AppData\Local\Programs\Python\Python312\Lib\site-packages\django\forms\utils.py", line 79, in __str__
    return self.as_widget()
           ^^^^^^^^^^^^^^^^
  File "C:\Users\bobby\AppData\Local\Programs\Python\Python312\Lib\site-packages\django\forms\boundfield.py", line 108, in as_widget
    return widget.render(
           ^^^^^^^^^^^^^^
  File "C:\Users\bobby\AppData\Local\Programs\Python\Python312\Lib\site-packages\django\forms\widgets.py", line 329, in render
    context = self.get_context(name, value, attrs)
              ^^^^^^^^^^^^^^^^^^^^^^^^^^^^^^^^^^^^
  File "C:\Users\bobby\AppData\Local\Programs\Python\Python312\Lib\site-packages\django\contrib\admin\widgets.py", line 329, in get_context
    "rendered_widget": self.widget.render(name, value, attrs),
                       ^^^^^^^^^^^^^^^^^^^^^^^^^^^^^^^^^^^^^^
  File "C:\Users\bobby\AppData\Local\Programs\Python\Python312\Lib\site-packages\django\forms\widgets.py", line 329, in render
    context = self.get_context(name, value, attrs)
              ^^^^^^^^^^^^^^^^^^^^^^^^^^^^^^^^^^^^
  File "C:\Users\bobby\AppData\Local\Programs\Python\Python312\Lib\site-packages\django\forms\widgets.py", line 830, in get_context
    context = super().get_context(name, value, attrs)
              ^^^^^^^^^^^^^^^^^^^^^^^^^^^^^^^^^^^^^^^
  File "C:\Users\bobby\AppData\Local\Programs\Python\Python312\Lib\site-packages\django\forms\widgets.py", line 781, in get_context
    context["widget"]["optgroups"] = self.optgroups(
                                     ^^^^^^^^^^^^^^^
  File "C:\Users\bobby\AppData\Local\Programs\Python\Python312\Lib\site-packages\django\forms\widgets.py", line 721, in optgroups
    for index, (option_value, option_label) in enumerate(self.choices):
                                               ^^^^^^^^^^^^^^^^^^^^^^^
  File "C:\Users\bobby\AppData\Local\Programs\Python\Python312\Lib\site-packages\django\forms\models.py", line 1424, in __iter__
    for obj in queryset:
               ^^^^^^^^
  File "C:\Users\bobby\AppData\Local\Programs\Python\Python312\Lib\site-packages\django\db\models\query.py", line 502, in _iterator
    yield from iterable
  File "C:\Users\bobby\AppData\Local\Programs\Python\Python312\Lib\site-packages\django\db\models\query.py", line 91, in __iter__
    results = compiler.execute_sql(
              ^^^^^^^^^^^^^^^^^^^^^
  File "C:\Users\bobby\AppData\Local\Programs\Python\Python312\Lib\site-packages\django\db\models\sql\compiler.py", line 1623, in execute_sql
    cursor.execute(sql, params)
  File "C:\Users\bobby\AppData\Local\Programs\Python\Python312\Lib\site-packages\django\db\backends\utils.py", line 122, in execute
    return super().execute(sql, params)
           ^^^^^^^^^^^^^^^^^^^^^^^^^^^^
  File "C:\Users\bobby\AppData\Local\Programs\Python\Python312\Lib\site-packages\django\db\backends\utils.py", line 79, in execute
    return self._execute_with_wrappers(
           ^^^^^^^^^^^^^^^^^^^^^^^^^^^^
  File "C:\Users\bobby\AppData\Local\Programs\Python\Python312\Lib\site-packages\django\db\backends\utils.py", line 92, in _execute_with_wrappers
    return executor(sql, params, many, context)
           ^^^^^^^^^^^^^^^^^^^^^^^^^^^^^^^^^^^^
  File "C:\Users\bobby\AppData\Local\Programs\Python\Python312\Lib\site-packages\django\db\backends\utils.py", line 100, in _execute
    with self.db.wrap_database_errors:
         ^^^^^^^^^^^^^^^^^^^^^^^^^^^^
  File "C:\Users\bobby\AppData\Local\Programs\Python\Python312\Lib\site-packages\django\db\utils.py", line 91, in __exit__
    raise dj_exc_value.with_traceback(traceback) from exc_value
  File "C:\Users\bobby\AppData\Local\Programs\Python\Python312\Lib\site-packages\django\db\backends\utils.py", line 105, in _execute
    return self.cursor.execute(sql, params)
           ^^^^^^^^^^^^^^^^^^^^^^^^^^^^^^^^
  File "C:\Users\bobby\AppData\Local\Programs\Python\Python312\Lib\site-packages\django\db\backends\sqlite3\base.py", line 360, in execute
    return super().execute(query, params)
           ^^^^^^^^^^^^^^^^^^^^^^^^^^^^^^
django.db.utils.OperationalError: no such table: notes_subsubject
ERROR 2025-11-10 20:33:10,991 basehttp 4376 19360 "GET /admin/notes/flashcard/8/change/ HTTP/1.1" 500 653313
WARNING 2025-11-10 20:33:12,633 log 4376 19360 Not Found: /sw.js
WARNING 2025-11-10 20:33:12,634 basehttp 4376 19360 "GET /sw.js HTTP/1.1" 404 2681
INFO 2025-11-10 20:38:12,807 autoreload 17156 18028 Watching for file changes with StatReloader
INFO 2025-11-10 20:38:18,579 basehttp 17156 14468 "GET /admin/notes/flashcard/ HTTP/1.1" 200 73108
WARNING 2025-11-10 20:38:20,602 log 17156 14468 Not Found: /sw.js
WARNING 2025-11-10 20:38:20,602 basehttp 17156 14468 "GET /sw.js HTTP/1.1" 404 2681
INFO 2025-11-10 20:38:21,549 basehttp 17156 14468 "GET /admin/notes/flashcard/ HTTP/1.1" 200 73108
INFO 2025-11-10 20:38:21,570 basehttp 17156 14468 "GET /admin/jsi18n/ HTTP/1.1" 200 3342
WARNING 2025-11-10 20:38:23,131 log 17156 10308 Not Found: /sw.js
WARNING 2025-11-10 20:38:23,134 basehttp 17156 10308 "GET /sw.js HTTP/1.1" 404 2681
ERROR 2025-11-10 20:38:23,253 log 17156 14468 Internal Server Error: /admin/notes/flashcard/8/change/
Traceback (most recent call last):
  File "C:\Users\bobby\AppData\Local\Programs\Python\Python312\Lib\site-packages\django\db\backends\utils.py", line 105, in _execute
    return self.cursor.execute(sql, params)
           ^^^^^^^^^^^^^^^^^^^^^^^^^^^^^^^^
  File "C:\Users\bobby\AppData\Local\Programs\Python\Python312\Lib\site-packages\django\db\backends\sqlite3\base.py", line 360, in execute
    return super().execute(query, params)
           ^^^^^^^^^^^^^^^^^^^^^^^^^^^^^^
sqlite3.OperationalError: no such table: notes_subsubject

The above exception was the direct cause of the following exception:

Traceback (most recent call last):
  File "C:\Users\bobby\AppData\Local\Programs\Python\Python312\Lib\site-packages\django\core\handlers\exception.py", line 55, in inner
    response = get_response(request)
               ^^^^^^^^^^^^^^^^^^^^^
  File "C:\Users\bobby\AppData\Local\Programs\Python\Python312\Lib\site-packages\django\core\handlers\base.py", line 220, in _get_response
    response = response.render()
               ^^^^^^^^^^^^^^^^^
  File "C:\Users\bobby\AppData\Local\Programs\Python\Python312\Lib\site-packages\django\template\response.py", line 114, in render
    self.content = self.rendered_content
                   ^^^^^^^^^^^^^^^^^^^^^
  File "C:\Users\bobby\AppData\Local\Programs\Python\Python312\Lib\site-packages\django\template\response.py", line 92, in rendered_content
    return template.render(context, self._request)
           ^^^^^^^^^^^^^^^^^^^^^^^^^^^^^^^^^^^^^^^
  File "C:\Users\bobby\AppData\Local\Programs\Python\Python312\Lib\site-packages\django\template\backends\django.py", line 107, in render
    return self.template.render(context)
           ^^^^^^^^^^^^^^^^^^^^^^^^^^^^^
  File "C:\Users\bobby\AppData\Local\Programs\Python\Python312\Lib\site-packages\django\template\base.py", line 171, in render
    return self._render(context)
           ^^^^^^^^^^^^^^^^^^^^^
  File "C:\Users\bobby\AppData\Local\Programs\Python\Python312\Lib\site-packages\django\template\base.py", line 163, in _render
    return self.nodelist.render(context)
           ^^^^^^^^^^^^^^^^^^^^^^^^^^^^^
  File "C:\Users\bobby\AppData\Local\Programs\Python\Python312\Lib\site-packages\django\template\base.py", line 1016, in render
    return SafeString("".join([node.render_annotated(context) for node in self]))
                               ^^^^^^^^^^^^^^^^^^^^^^^^^^^^^^
  File "C:\Users\bobby\AppData\Local\Programs\Python\Python312\Lib\site-packages\django\template\base.py", line 977, in render_annotated
    return self.render(context)
           ^^^^^^^^^^^^^^^^^^^^
  File "C:\Users\bobby\AppData\Local\Programs\Python\Python312\Lib\site-packages\django\template\loader_tags.py", line 159, in render
    return compiled_parent._render(context)
           ^^^^^^^^^^^^^^^^^^^^^^^^^^^^^^^^
  File "C:\Users\bobby\AppData\Local\Programs\Python\Python312\Lib\site-packages\django\template\base.py", line 163, in _render
    return self.nodelist.render(context)
           ^^^^^^^^^^^^^^^^^^^^^^^^^^^^^
  File "C:\Users\bobby\AppData\Local\Programs\Python\Python312\Lib\site-packages\django\template\base.py", line 1016, in render
    return SafeString("".join([node.render_annotated(context) for node in self]))
                               ^^^^^^^^^^^^^^^^^^^^^^^^^^^^^^
  File "C:\Users\bobby\AppData\Local\Programs\Python\Python312\Lib\site-packages\django\template\base.py", line 977, in render_annotated
    return self.render(context)
           ^^^^^^^^^^^^^^^^^^^^
  File "C:\Users\bobby\AppData\Local\Programs\Python\Python312\Lib\site-packages\django\template\loader_tags.py", line 159, in render
    return compiled_parent._render(context)
           ^^^^^^^^^^^^^^^^^^^^^^^^^^^^^^^^
  File "C:\Users\bobby\AppData\Local\Programs\Python\Python312\Lib\site-packages\django\template\base.py", line 163, in _render
    return self.nodelist.render(context)
           ^^^^^^^^^^^^^^^^^^^^^^^^^^^^^
  File "C:\Users\bobby\AppData\Local\Programs\Python\Python312\Lib\site-packages\django\template\base.py", line 1016, in render
    return SafeString("".join([node.render_annotated(context) for node in self]))
                               ^^^^^^^^^^^^^^^^^^^^^^^^^^^^^^
  File "C:\Users\bobby\AppData\Local\Programs\Python\Python312\Lib\site-packages\django\template\base.py", line 977, in render_annotated
    return self.render(context)
           ^^^^^^^^^^^^^^^^^^^^
  File "C:\Users\bobby\AppData\Local\Programs\Python\Python312\Lib\site-packages\django\template\loader_tags.py", line 65, in render
    result = block.nodelist.render(context)
             ^^^^^^^^^^^^^^^^^^^^^^^^^^^^^^
  File "C:\Users\bobby\AppData\Local\Programs\Python\Python312\Lib\site-packages\django\template\base.py", line 1016, in render
    return SafeString("".join([node.render_annotated(context) for node in self]))
                               ^^^^^^^^^^^^^^^^^^^^^^^^^^^^^^
  File "C:\Users\bobby\AppData\Local\Programs\Python\Python312\Lib\site-packages\django\template\base.py", line 977, in render_annotated
    return self.render(context)
           ^^^^^^^^^^^^^^^^^^^^
  File "C:\Users\bobby\AppData\Local\Programs\Python\Python312\Lib\site-packages\django\template\loader_tags.py", line 65, in render
    result = block.nodelist.render(context)
             ^^^^^^^^^^^^^^^^^^^^^^^^^^^^^^
  File "C:\Users\bobby\AppData\Local\Programs\Python\Python312\Lib\site-packages\django\template\base.py", line 1016, in render
    return SafeString("".join([node.render_annotated(context) for node in self]))
                               ^^^^^^^^^^^^^^^^^^^^^^^^^^^^^^
  File "C:\Users\bobby\AppData\Local\Programs\Python\Python312\Lib\site-packages\django\template\base.py", line 977, in render_annotated
    return self.render(context)
           ^^^^^^^^^^^^^^^^^^^^
  File "C:\Users\bobby\AppData\Local\Programs\Python\Python312\Lib\site-packages\django\template\defaulttags.py", line 243, in render
    nodelist.append(node.render_annotated(context))
                    ^^^^^^^^^^^^^^^^^^^^^^^^^^^^^^
  File "C:\Users\bobby\AppData\Local\Programs\Python\Python312\Lib\site-packages\django\template\base.py", line 977, in render_annotated
    return self.render(context)
           ^^^^^^^^^^^^^^^^^^^^
  File "C:\Users\bobby\AppData\Local\Programs\Python\Python312\Lib\site-packages\django\template\loader_tags.py", line 210, in render
    return template.render(context)
           ^^^^^^^^^^^^^^^^^^^^^^^^
  File "C:\Users\bobby\AppData\Local\Programs\Python\Python312\Lib\site-packages\django\template\base.py", line 173, in render
    return self._render(context)
           ^^^^^^^^^^^^^^^^^^^^^
  File "C:\Users\bobby\AppData\Local\Programs\Python\Python312\Lib\site-packages\django\template\base.py", line 163, in _render
    return self.nodelist.render(context)
           ^^^^^^^^^^^^^^^^^^^^^^^^^^^^^
  File "C:\Users\bobby\AppData\Local\Programs\Python\Python312\Lib\site-packages\django\template\base.py", line 1016, in render
    return SafeString("".join([node.render_annotated(context) for node in self]))
                               ^^^^^^^^^^^^^^^^^^^^^^^^^^^^^^
  File "C:\Users\bobby\AppData\Local\Programs\Python\Python312\Lib\site-packages\django\template\base.py", line 977, in render_annotated
    return self.render(context)
           ^^^^^^^^^^^^^^^^^^^^
  File "C:\Users\bobby\AppData\Local\Programs\Python\Python312\Lib\site-packages\django\template\defaulttags.py", line 243, in render
    nodelist.append(node.render_annotated(context))
                    ^^^^^^^^^^^^^^^^^^^^^^^^^^^^^^
  File "C:\Users\bobby\AppData\Local\Programs\Python\Python312\Lib\site-packages\django\template\base.py", line 977, in render_annotated
    return self.render(context)
           ^^^^^^^^^^^^^^^^^^^^
  File "C:\Users\bobby\AppData\Local\Programs\Python\Python312\Lib\site-packages\django\template\defaulttags.py", line 243, in render
    nodelist.append(node.render_annotated(context))
                    ^^^^^^^^^^^^^^^^^^^^^^^^^^^^^^
  File "C:\Users\bobby\AppData\Local\Programs\Python\Python312\Lib\site-packages\django\template\base.py", line 977, in render_annotated
    return self.render(context)
           ^^^^^^^^^^^^^^^^^^^^
  File "C:\Users\bobby\AppData\Local\Programs\Python\Python312\Lib\site-packages\django\template\defaulttags.py", line 327, in render
    return nodelist.render(context)
           ^^^^^^^^^^^^^^^^^^^^^^^^
  File "C:\Users\bobby\AppData\Local\Programs\Python\Python312\Lib\site-packages\django\template\base.py", line 1016, in render
    return SafeString("".join([node.render_annotated(context) for node in self]))
                               ^^^^^^^^^^^^^^^^^^^^^^^^^^^^^^
  File "C:\Users\bobby\AppData\Local\Programs\Python\Python312\Lib\site-packages\django\template\base.py", line 977, in render_annotated
    return self.render(context)
           ^^^^^^^^^^^^^^^^^^^^
  File "C:\Users\bobby\AppData\Local\Programs\Python\Python312\Lib\site-packages\django\template\defaulttags.py", line 327, in render
    return nodelist.render(context)
           ^^^^^^^^^^^^^^^^^^^^^^^^
  File "C:\Users\bobby\AppData\Local\Programs\Python\Python312\Lib\site-packages\django\template\base.py", line 1016, in render
    return SafeString("".join([node.render_annotated(context) for node in self]))
                               ^^^^^^^^^^^^^^^^^^^^^^^^^^^^^^
  File "C:\Users\bobby\AppData\Local\Programs\Python\Python312\Lib\site-packages\django\template\base.py", line 977, in render_annotated
    return self.render(context)
           ^^^^^^^^^^^^^^^^^^^^
  File "C:\Users\bobby\AppData\Local\Programs\Python\Python312\Lib\site-packages\django\template\base.py", line 1081, in render
    return render_value_in_context(output, context)
           ^^^^^^^^^^^^^^^^^^^^^^^^^^^^^^^^^^^^^^^^
  File "C:\Users\bobby\AppData\Local\Programs\Python\Python312\Lib\site-packages\django\template\base.py", line 1058, in render_value_in_context
    value = str(value)
            ^^^^^^^^^^
  File "C:\Users\bobby\AppData\Local\Programs\Python\Python312\Lib\site-packages\django\forms\utils.py", line 79, in __str__
    return self.as_widget()
           ^^^^^^^^^^^^^^^^
  File "C:\Users\bobby\AppData\Local\Programs\Python\Python312\Lib\site-packages\django\forms\boundfield.py", line 108, in as_widget
    return widget.render(
           ^^^^^^^^^^^^^^
  File "C:\Users\bobby\AppData\Local\Programs\Python\Python312\Lib\site-packages\django\forms\widgets.py", line 329, in render
    context = self.get_context(name, value, attrs)
              ^^^^^^^^^^^^^^^^^^^^^^^^^^^^^^^^^^^^
  File "C:\Users\bobby\AppData\Local\Programs\Python\Python312\Lib\site-packages\django\contrib\admin\widgets.py", line 329, in get_context
    "rendered_widget": self.widget.render(name, value, attrs),
                       ^^^^^^^^^^^^^^^^^^^^^^^^^^^^^^^^^^^^^^
  File "C:\Users\bobby\AppData\Local\Programs\Python\Python312\Lib\site-packages\django\forms\widgets.py", line 329, in render
    context = self.get_context(name, value, attrs)
              ^^^^^^^^^^^^^^^^^^^^^^^^^^^^^^^^^^^^
  File "C:\Users\bobby\AppData\Local\Programs\Python\Python312\Lib\site-packages\django\forms\widgets.py", line 830, in get_context
    context = super().get_context(name, value, attrs)
              ^^^^^^^^^^^^^^^^^^^^^^^^^^^^^^^^^^^^^^^
  File "C:\Users\bobby\AppData\Local\Programs\Python\Python312\Lib\site-packages\django\forms\widgets.py", line 781, in get_context
    context["widget"]["optgroups"] = self.optgroups(
                                     ^^^^^^^^^^^^^^^
  File "C:\Users\bobby\AppData\Local\Programs\Python\Python312\Lib\site-packages\django\forms\widgets.py", line 721, in optgroups
    for index, (option_value, option_label) in enumerate(self.choices):
                                               ^^^^^^^^^^^^^^^^^^^^^^^
  File "C:\Users\bobby\AppData\Local\Programs\Python\Python312\Lib\site-packages\django\forms\models.py", line 1424, in __iter__
    for obj in queryset:
               ^^^^^^^^
  File "C:\Users\bobby\AppData\Local\Programs\Python\Python312\Lib\site-packages\django\db\models\query.py", line 502, in _iterator
    yield from iterable
  File "C:\Users\bobby\AppData\Local\Programs\Python\Python312\Lib\site-packages\django\db\models\query.py", line 91, in __iter__
    results = compiler.execute_sql(
              ^^^^^^^^^^^^^^^^^^^^^
  File "C:\Users\bobby\AppData\Local\Programs\Python\Python312\Lib\site-packages\django\db\models\sql\compiler.py", line 1623, in execute_sql
    cursor.execute(sql, params)
  File "C:\Users\bobby\AppData\Local\Programs\Python\Python312\Lib\site-packages\django\db\backends\utils.py", line 122, in execute
    return super().execute(sql, params)
           ^^^^^^^^^^^^^^^^^^^^^^^^^^^^
  File "C:\Users\bobby\AppData\Local\Programs\Python\Python312\Lib\site-packages\django\db\backends\utils.py", line 79, in execute
    return self._execute_with_wrappers(
           ^^^^^^^^^^^^^^^^^^^^^^^^^^^^
  File "C:\Users\bobby\AppData\Local\Programs\Python\Python312\Lib\site-packages\django\db\backends\utils.py", line 92, in _execute_with_wrappers
    return executor(sql, params, many, context)
           ^^^^^^^^^^^^^^^^^^^^^^^^^^^^^^^^^^^^
  File "C:\Users\bobby\AppData\Local\Programs\Python\Python312\Lib\site-packages\django\db\backends\utils.py", line 100, in _execute
    with self.db.wrap_database_errors:
         ^^^^^^^^^^^^^^^^^^^^^^^^^^^^
  File "C:\Users\bobby\AppData\Local\Programs\Python\Python312\Lib\site-packages\django\db\utils.py", line 91, in __exit__
    raise dj_exc_value.with_traceback(traceback) from exc_value
  File "C:\Users\bobby\AppData\Local\Programs\Python\Python312\Lib\site-packages\django\db\backends\utils.py", line 105, in _execute
    return self.cursor.execute(sql, params)
           ^^^^^^^^^^^^^^^^^^^^^^^^^^^^^^^^
  File "C:\Users\bobby\AppData\Local\Programs\Python\Python312\Lib\site-packages\django\db\backends\sqlite3\base.py", line 360, in execute
    return super().execute(query, params)
           ^^^^^^^^^^^^^^^^^^^^^^^^^^^^^^
django.db.utils.OperationalError: no such table: notes_subsubject
ERROR 2025-11-10 20:38:23,262 basehttp 17156 14468 "GET /admin/notes/flashcard/8/change/ HTTP/1.1" 500 653313
WARNING 2025-11-10 20:38:24,939 log 17156 14468 Not Found: /sw.js
WARNING 2025-11-10 20:38:24,939 basehttp 17156 14468 "GET /sw.js HTTP/1.1" 404 2681
INFO 2025-11-10 20:41:08,022 autoreload 17680 5032 Watching for file changes with StatReloader
ERROR 2025-11-10 20:41:12,777 log 17680 7144 Internal Server Error: /admin/notes/flashcard/8/change/
Traceback (most recent call last):
  File "C:\Users\bobby\AppData\Local\Programs\Python\Python312\Lib\site-packages\django\db\backends\utils.py", line 105, in _execute
    return self.cursor.execute(sql, params)
           ^^^^^^^^^^^^^^^^^^^^^^^^^^^^^^^^
  File "C:\Users\bobby\AppData\Local\Programs\Python\Python312\Lib\site-packages\django\db\backends\sqlite3\base.py", line 360, in execute
    return super().execute(query, params)
           ^^^^^^^^^^^^^^^^^^^^^^^^^^^^^^
sqlite3.OperationalError: no such table: notes_subsubject

The above exception was the direct cause of the following exception:

Traceback (most recent call last):
  File "C:\Users\bobby\AppData\Local\Programs\Python\Python312\Lib\site-packages\django\core\handlers\exception.py", line 55, in inner
    response = get_response(request)
               ^^^^^^^^^^^^^^^^^^^^^
  File "C:\Users\bobby\AppData\Local\Programs\Python\Python312\Lib\site-packages\django\core\handlers\base.py", line 220, in _get_response
    response = response.render()
               ^^^^^^^^^^^^^^^^^
  File "C:\Users\bobby\AppData\Local\Programs\Python\Python312\Lib\site-packages\django\template\response.py", line 114, in render
    self.content = self.rendered_content
                   ^^^^^^^^^^^^^^^^^^^^^
  File "C:\Users\bobby\AppData\Local\Programs\Python\Python312\Lib\site-packages\django\template\response.py", line 92, in rendered_content
    return template.render(context, self._request)
           ^^^^^^^^^^^^^^^^^^^^^^^^^^^^^^^^^^^^^^^
  File "C:\Users\bobby\AppData\Local\Programs\Python\Python312\Lib\site-packages\django\template\backends\django.py", line 107, in render
    return self.template.render(context)
           ^^^^^^^^^^^^^^^^^^^^^^^^^^^^^
  File "C:\Users\bobby\AppData\Local\Programs\Python\Python312\Lib\site-packages\django\template\base.py", line 171, in render
    return self._render(context)
           ^^^^^^^^^^^^^^^^^^^^^
  File "C:\Users\bobby\AppData\Local\Programs\Python\Python312\Lib\site-packages\django\template\base.py", line 163, in _render
    return self.nodelist.render(context)
           ^^^^^^^^^^^^^^^^^^^^^^^^^^^^^
  File "C:\Users\bobby\AppData\Local\Programs\Python\Python312\Lib\site-packages\django\template\base.py", line 1016, in render
    return SafeString("".join([node.render_annotated(context) for node in self]))
                               ^^^^^^^^^^^^^^^^^^^^^^^^^^^^^^
  File "C:\Users\bobby\AppData\Local\Programs\Python\Python312\Lib\site-packages\django\template\base.py", line 977, in render_annotated
    return self.render(context)
           ^^^^^^^^^^^^^^^^^^^^
  File "C:\Users\bobby\AppData\Local\Programs\Python\Python312\Lib\site-packages\django\template\loader_tags.py", line 159, in render
    return compiled_parent._render(context)
           ^^^^^^^^^^^^^^^^^^^^^^^^^^^^^^^^
  File "C:\Users\bobby\AppData\Local\Programs\Python\Python312\Lib\site-packages\django\template\base.py", line 163, in _render
    return self.nodelist.render(context)
           ^^^^^^^^^^^^^^^^^^^^^^^^^^^^^
  File "C:\Users\bobby\AppData\Local\Programs\Python\Python312\Lib\site-packages\django\template\base.py", line 1016, in render
    return SafeString("".join([node.render_annotated(context) for node in self]))
                               ^^^^^^^^^^^^^^^^^^^^^^^^^^^^^^
  File "C:\Users\bobby\AppData\Local\Programs\Python\Python312\Lib\site-packages\django\template\base.py", line 977, in render_annotated
    return self.render(context)
           ^^^^^^^^^^^^^^^^^^^^
  File "C:\Users\bobby\AppData\Local\Programs\Python\Python312\Lib\site-packages\django\template\loader_tags.py", line 159, in render
    return compiled_parent._render(context)
           ^^^^^^^^^^^^^^^^^^^^^^^^^^^^^^^^
  File "C:\Users\bobby\AppData\Local\Programs\Python\Python312\Lib\site-packages\django\template\base.py", line 163, in _render
    return self.nodelist.render(context)
           ^^^^^^^^^^^^^^^^^^^^^^^^^^^^^
  File "C:\Users\bobby\AppData\Local\Programs\Python\Python312\Lib\site-packages\django\template\base.py", line 1016, in render
    return SafeString("".join([node.render_annotated(context) for node in self]))
                               ^^^^^^^^^^^^^^^^^^^^^^^^^^^^^^
  File "C:\Users\bobby\AppData\Local\Programs\Python\Python312\Lib\site-packages\django\template\base.py", line 977, in render_annotated
    return self.render(context)
           ^^^^^^^^^^^^^^^^^^^^
  File "C:\Users\bobby\AppData\Local\Programs\Python\Python312\Lib\site-packages\django\template\loader_tags.py", line 65, in render
    result = block.nodelist.render(context)
             ^^^^^^^^^^^^^^^^^^^^^^^^^^^^^^
  File "C:\Users\bobby\AppData\Local\Programs\Python\Python312\Lib\site-packages\django\template\base.py", line 1016, in render
    return SafeString("".join([node.render_annotated(context) for node in self]))
                               ^^^^^^^^^^^^^^^^^^^^^^^^^^^^^^
  File "C:\Users\bobby\AppData\Local\Programs\Python\Python312\Lib\site-packages\django\template\base.py", line 977, in render_annotated
    return self.render(context)
           ^^^^^^^^^^^^^^^^^^^^
  File "C:\Users\bobby\AppData\Local\Programs\Python\Python312\Lib\site-packages\django\template\loader_tags.py", line 65, in render
    result = block.nodelist.render(context)
             ^^^^^^^^^^^^^^^^^^^^^^^^^^^^^^
  File "C:\Users\bobby\AppData\Local\Programs\Python\Python312\Lib\site-packages\django\template\base.py", line 1016, in render
    return SafeString("".join([node.render_annotated(context) for node in self]))
                               ^^^^^^^^^^^^^^^^^^^^^^^^^^^^^^
  File "C:\Users\bobby\AppData\Local\Programs\Python\Python312\Lib\site-packages\django\template\base.py", line 977, in render_annotated
    return self.render(context)
           ^^^^^^^^^^^^^^^^^^^^
  File "C:\Users\bobby\AppData\Local\Programs\Python\Python312\Lib\site-packages\django\template\defaulttags.py", line 243, in render
    nodelist.append(node.render_annotated(context))
                    ^^^^^^^^^^^^^^^^^^^^^^^^^^^^^^
  File "C:\Users\bobby\AppData\Local\Programs\Python\Python312\Lib\site-packages\django\template\base.py", line 977, in render_annotated
    return self.render(context)
           ^^^^^^^^^^^^^^^^^^^^
  File "C:\Users\bobby\AppData\Local\Programs\Python\Python312\Lib\site-packages\django\template\loader_tags.py", line 210, in render
    return template.render(context)
           ^^^^^^^^^^^^^^^^^^^^^^^^
  File "C:\Users\bobby\AppData\Local\Programs\Python\Python312\Lib\site-packages\django\template\base.py", line 173, in render
    return self._render(context)
           ^^^^^^^^^^^^^^^^^^^^^
  File "C:\Users\bobby\AppData\Local\Programs\Python\Python312\Lib\site-packages\django\template\base.py", line 163, in _render
    return self.nodelist.render(context)
           ^^^^^^^^^^^^^^^^^^^^^^^^^^^^^
  File "C:\Users\bobby\AppData\Local\Programs\Python\Python312\Lib\site-packages\django\template\base.py", line 1016, in render
    return SafeString("".join([node.render_annotated(context) for node in self]))
                               ^^^^^^^^^^^^^^^^^^^^^^^^^^^^^^
  File "C:\Users\bobby\AppData\Local\Programs\Python\Python312\Lib\site-packages\django\template\base.py", line 977, in render_annotated
    return self.render(context)
           ^^^^^^^^^^^^^^^^^^^^
  File "C:\Users\bobby\AppData\Local\Programs\Python\Python312\Lib\site-packages\django\template\defaulttags.py", line 243, in render
    nodelist.append(node.render_annotated(context))
                    ^^^^^^^^^^^^^^^^^^^^^^^^^^^^^^
  File "C:\Users\bobby\AppData\Local\Programs\Python\Python312\Lib\site-packages\django\template\base.py", line 977, in render_annotated
    return self.render(context)
           ^^^^^^^^^^^^^^^^^^^^
  File "C:\Users\bobby\AppData\Local\Programs\Python\Python312\Lib\site-packages\django\template\defaulttags.py", line 243, in render
    nodelist.append(node.render_annotated(context))
                    ^^^^^^^^^^^^^^^^^^^^^^^^^^^^^^
  File "C:\Users\bobby\AppData\Local\Programs\Python\Python312\Lib\site-packages\django\template\base.py", line 977, in render_annotated
    return self.render(context)
           ^^^^^^^^^^^^^^^^^^^^
  File "C:\Users\bobby\AppData\Local\Programs\Python\Python312\Lib\site-packages\django\template\defaulttags.py", line 327, in render
    return nodelist.render(context)
           ^^^^^^^^^^^^^^^^^^^^^^^^
  File "C:\Users\bobby\AppData\Local\Programs\Python\Python312\Lib\site-packages\django\template\base.py", line 1016, in render
    return SafeString("".join([node.render_annotated(context) for node in self]))
                               ^^^^^^^^^^^^^^^^^^^^^^^^^^^^^^
  File "C:\Users\bobby\AppData\Local\Programs\Python\Python312\Lib\site-packages\django\template\base.py", line 977, in render_annotated
    return self.render(context)
           ^^^^^^^^^^^^^^^^^^^^
  File "C:\Users\bobby\AppData\Local\Programs\Python\Python312\Lib\site-packages\django\template\defaulttags.py", line 327, in render
    return nodelist.render(context)
           ^^^^^^^^^^^^^^^^^^^^^^^^
  File "C:\Users\bobby\AppData\Local\Programs\Python\Python312\Lib\site-packages\django\template\base.py", line 1016, in render
    return SafeString("".join([node.render_annotated(context) for node in self]))
                               ^^^^^^^^^^^^^^^^^^^^^^^^^^^^^^
  File "C:\Users\bobby\AppData\Local\Programs\Python\Python312\Lib\site-packages\django\template\base.py", line 977, in render_annotated
    return self.render(context)
           ^^^^^^^^^^^^^^^^^^^^
  File "C:\Users\bobby\AppData\Local\Programs\Python\Python312\Lib\site-packages\django\template\base.py", line 1081, in render
    return render_value_in_context(output, context)
           ^^^^^^^^^^^^^^^^^^^^^^^^^^^^^^^^^^^^^^^^
  File "C:\Users\bobby\AppData\Local\Programs\Python\Python312\Lib\site-packages\django\template\base.py", line 1058, in render_value_in_context
    value = str(value)
            ^^^^^^^^^^
  File "C:\Users\bobby\AppData\Local\Programs\Python\Python312\Lib\site-packages\django\forms\utils.py", line 79, in __str__
    return self.as_widget()
           ^^^^^^^^^^^^^^^^
  File "C:\Users\bobby\AppData\Local\Programs\Python\Python312\Lib\site-packages\django\forms\boundfield.py", line 108, in as_widget
    return widget.render(
           ^^^^^^^^^^^^^^
  File "C:\Users\bobby\AppData\Local\Programs\Python\Python312\Lib\site-packages\django\forms\widgets.py", line 329, in render
    context = self.get_context(name, value, attrs)
              ^^^^^^^^^^^^^^^^^^^^^^^^^^^^^^^^^^^^
  File "C:\Users\bobby\AppData\Local\Programs\Python\Python312\Lib\site-packages\django\contrib\admin\widgets.py", line 329, in get_context
    "rendered_widget": self.widget.render(name, value, attrs),
                       ^^^^^^^^^^^^^^^^^^^^^^^^^^^^^^^^^^^^^^
  File "C:\Users\bobby\AppData\Local\Programs\Python\Python312\Lib\site-packages\django\forms\widgets.py", line 329, in render
    context = self.get_context(name, value, attrs)
              ^^^^^^^^^^^^^^^^^^^^^^^^^^^^^^^^^^^^
  File "C:\Users\bobby\AppData\Local\Programs\Python\Python312\Lib\site-packages\django\forms\widgets.py", line 830, in get_context
    context = super().get_context(name, value, attrs)
              ^^^^^^^^^^^^^^^^^^^^^^^^^^^^^^^^^^^^^^^
  File "C:\Users\bobby\AppData\Local\Programs\Python\Python312\Lib\site-packages\django\forms\widgets.py", line 781, in get_context
    context["widget"]["optgroups"] = self.optgroups(
                                     ^^^^^^^^^^^^^^^
  File "C:\Users\bobby\AppData\Local\Programs\Python\Python312\Lib\site-packages\django\forms\widgets.py", line 721, in optgroups
    for index, (option_value, option_label) in enumerate(self.choices):
                                               ^^^^^^^^^^^^^^^^^^^^^^^
  File "C:\Users\bobby\AppData\Local\Programs\Python\Python312\Lib\site-packages\django\forms\models.py", line 1424, in __iter__
    for obj in queryset:
               ^^^^^^^^
  File "C:\Users\bobby\AppData\Local\Programs\Python\Python312\Lib\site-packages\django\db\models\query.py", line 502, in _iterator
    yield from iterable
  File "C:\Users\bobby\AppData\Local\Programs\Python\Python312\Lib\site-packages\django\db\models\query.py", line 91, in __iter__
    results = compiler.execute_sql(
              ^^^^^^^^^^^^^^^^^^^^^
  File "C:\Users\bobby\AppData\Local\Programs\Python\Python312\Lib\site-packages\django\db\models\sql\compiler.py", line 1623, in execute_sql
    cursor.execute(sql, params)
  File "C:\Users\bobby\AppData\Local\Programs\Python\Python312\Lib\site-packages\django\db\backends\utils.py", line 122, in execute
    return super().execute(sql, params)
           ^^^^^^^^^^^^^^^^^^^^^^^^^^^^
  File "C:\Users\bobby\AppData\Local\Programs\Python\Python312\Lib\site-packages\django\db\backends\utils.py", line 79, in execute
    return self._execute_with_wrappers(
           ^^^^^^^^^^^^^^^^^^^^^^^^^^^^
  File "C:\Users\bobby\AppData\Local\Programs\Python\Python312\Lib\site-packages\django\db\backends\utils.py", line 92, in _execute_with_wrappers
    return executor(sql, params, many, context)
           ^^^^^^^^^^^^^^^^^^^^^^^^^^^^^^^^^^^^
  File "C:\Users\bobby\AppData\Local\Programs\Python\Python312\Lib\site-packages\django\db\backends\utils.py", line 100, in _execute
    with self.db.wrap_database_errors:
         ^^^^^^^^^^^^^^^^^^^^^^^^^^^^
  File "C:\Users\bobby\AppData\Local\Programs\Python\Python312\Lib\site-packages\django\db\utils.py", line 91, in __exit__
    raise dj_exc_value.with_traceback(traceback) from exc_value
  File "C:\Users\bobby\AppData\Local\Programs\Python\Python312\Lib\site-packages\django\db\backends\utils.py", line 105, in _execute
    return self.cursor.execute(sql, params)
           ^^^^^^^^^^^^^^^^^^^^^^^^^^^^^^^^
  File "C:\Users\bobby\AppData\Local\Programs\Python\Python312\Lib\site-packages\django\db\backends\sqlite3\base.py", line 360, in execute
    return super().execute(query, params)
           ^^^^^^^^^^^^^^^^^^^^^^^^^^^^^^
django.db.utils.OperationalError: no such table: notes_subsubject
ERROR 2025-11-10 20:41:12,783 basehttp 17680 7144 "GET /admin/notes/flashcard/8/change/ HTTP/1.1" 500 653140
ERROR 2025-11-10 20:41:13,765 log 17680 7144 Internal Server Error: /admin/notes/flashcard/8/change/
Traceback (most recent call last):
  File "C:\Users\bobby\AppData\Local\Programs\Python\Python312\Lib\site-packages\django\db\backends\utils.py", line 105, in _execute
    return self.cursor.execute(sql, params)
           ^^^^^^^^^^^^^^^^^^^^^^^^^^^^^^^^
  File "C:\Users\bobby\AppData\Local\Programs\Python\Python312\Lib\site-packages\django\db\backends\sqlite3\base.py", line 360, in execute
    return super().execute(query, params)
           ^^^^^^^^^^^^^^^^^^^^^^^^^^^^^^
sqlite3.OperationalError: no such table: notes_subsubject

The above exception was the direct cause of the following exception:

Traceback (most recent call last):
  File "C:\Users\bobby\AppData\Local\Programs\Python\Python312\Lib\site-packages\django\core\handlers\exception.py", line 55, in inner
    response = get_response(request)
               ^^^^^^^^^^^^^^^^^^^^^
  File "C:\Users\bobby\AppData\Local\Programs\Python\Python312\Lib\site-packages\django\core\handlers\base.py", line 220, in _get_response
    response = response.render()
               ^^^^^^^^^^^^^^^^^
  File "C:\Users\bobby\AppData\Local\Programs\Python\Python312\Lib\site-packages\django\template\response.py", line 114, in render
    self.content = self.rendered_content
                   ^^^^^^^^^^^^^^^^^^^^^
  File "C:\Users\bobby\AppData\Local\Programs\Python\Python312\Lib\site-packages\django\template\response.py", line 92, in rendered_content
    return template.render(context, self._request)
           ^^^^^^^^^^^^^^^^^^^^^^^^^^^^^^^^^^^^^^^
  File "C:\Users\bobby\AppData\Local\Programs\Python\Python312\Lib\site-packages\django\template\backends\django.py", line 107, in render
    return self.template.render(context)
           ^^^^^^^^^^^^^^^^^^^^^^^^^^^^^
  File "C:\Users\bobby\AppData\Local\Programs\Python\Python312\Lib\site-packages\django\template\base.py", line 171, in render
    return self._render(context)
           ^^^^^^^^^^^^^^^^^^^^^
  File "C:\Users\bobby\AppData\Local\Programs\Python\Python312\Lib\site-packages\django\template\base.py", line 163, in _render
    return self.nodelist.render(context)
           ^^^^^^^^^^^^^^^^^^^^^^^^^^^^^
  File "C:\Users\bobby\AppData\Local\Programs\Python\Python312\Lib\site-packages\django\template\base.py", line 1016, in render
    return SafeString("".join([node.render_annotated(context) for node in self]))
                               ^^^^^^^^^^^^^^^^^^^^^^^^^^^^^^
  File "C:\Users\bobby\AppData\Local\Programs\Python\Python312\Lib\site-packages\django\template\base.py", line 977, in render_annotated
    return self.render(context)
           ^^^^^^^^^^^^^^^^^^^^
  File "C:\Users\bobby\AppData\Local\Programs\Python\Python312\Lib\site-packages\django\template\loader_tags.py", line 159, in render
    return compiled_parent._render(context)
           ^^^^^^^^^^^^^^^^^^^^^^^^^^^^^^^^
  File "C:\Users\bobby\AppData\Local\Programs\Python\Python312\Lib\site-packages\django\template\base.py", line 163, in _render
    return self.nodelist.render(context)
           ^^^^^^^^^^^^^^^^^^^^^^^^^^^^^
  File "C:\Users\bobby\AppData\Local\Programs\Python\Python312\Lib\site-packages\django\template\base.py", line 1016, in render
    return SafeString("".join([node.render_annotated(context) for node in self]))
                               ^^^^^^^^^^^^^^^^^^^^^^^^^^^^^^
  File "C:\Users\bobby\AppData\Local\Programs\Python\Python312\Lib\site-packages\django\template\base.py", line 977, in render_annotated
    return self.render(context)
           ^^^^^^^^^^^^^^^^^^^^
  File "C:\Users\bobby\AppData\Local\Programs\Python\Python312\Lib\site-packages\django\template\loader_tags.py", line 159, in render
    return compiled_parent._render(context)
           ^^^^^^^^^^^^^^^^^^^^^^^^^^^^^^^^
  File "C:\Users\bobby\AppData\Local\Programs\Python\Python312\Lib\site-packages\django\template\base.py", line 163, in _render
    return self.nodelist.render(context)
           ^^^^^^^^^^^^^^^^^^^^^^^^^^^^^
  File "C:\Users\bobby\AppData\Local\Programs\Python\Python312\Lib\site-packages\django\template\base.py", line 1016, in render
    return SafeString("".join([node.render_annotated(context) for node in self]))
                               ^^^^^^^^^^^^^^^^^^^^^^^^^^^^^^
  File "C:\Users\bobby\AppData\Local\Programs\Python\Python312\Lib\site-packages\django\template\base.py", line 977, in render_annotated
    return self.render(context)
           ^^^^^^^^^^^^^^^^^^^^
  File "C:\Users\bobby\AppData\Local\Programs\Python\Python312\Lib\site-packages\django\template\loader_tags.py", line 65, in render
    result = block.nodelist.render(context)
             ^^^^^^^^^^^^^^^^^^^^^^^^^^^^^^
  File "C:\Users\bobby\AppData\Local\Programs\Python\Python312\Lib\site-packages\django\template\base.py", line 1016, in render
    return SafeString("".join([node.render_annotated(context) for node in self]))
                               ^^^^^^^^^^^^^^^^^^^^^^^^^^^^^^
  File "C:\Users\bobby\AppData\Local\Programs\Python\Python312\Lib\site-packages\django\template\base.py", line 977, in render_annotated
    return self.render(context)
           ^^^^^^^^^^^^^^^^^^^^
  File "C:\Users\bobby\AppData\Local\Programs\Python\Python312\Lib\site-packages\django\template\loader_tags.py", line 65, in render
    result = block.nodelist.render(context)
             ^^^^^^^^^^^^^^^^^^^^^^^^^^^^^^
  File "C:\Users\bobby\AppData\Local\Programs\Python\Python312\Lib\site-packages\django\template\base.py", line 1016, in render
    return SafeString("".join([node.render_annotated(context) for node in self]))
                               ^^^^^^^^^^^^^^^^^^^^^^^^^^^^^^
  File "C:\Users\bobby\AppData\Local\Programs\Python\Python312\Lib\site-packages\django\template\base.py", line 977, in render_annotated
    return self.render(context)
           ^^^^^^^^^^^^^^^^^^^^
  File "C:\Users\bobby\AppData\Local\Programs\Python\Python312\Lib\site-packages\django\template\defaulttags.py", line 243, in render
    nodelist.append(node.render_annotated(context))
                    ^^^^^^^^^^^^^^^^^^^^^^^^^^^^^^
  File "C:\Users\bobby\AppData\Local\Programs\Python\Python312\Lib\site-packages\django\template\base.py", line 977, in render_annotated
    return self.render(context)
           ^^^^^^^^^^^^^^^^^^^^
  File "C:\Users\bobby\AppData\Local\Programs\Python\Python312\Lib\site-packages\django\template\loader_tags.py", line 210, in render
    return template.render(context)
           ^^^^^^^^^^^^^^^^^^^^^^^^
  File "C:\Users\bobby\AppData\Local\Programs\Python\Python312\Lib\site-packages\django\template\base.py", line 173, in render
    return self._render(context)
           ^^^^^^^^^^^^^^^^^^^^^
  File "C:\Users\bobby\AppData\Local\Programs\Python\Python312\Lib\site-packages\django\template\base.py", line 163, in _render
    return self.nodelist.render(context)
           ^^^^^^^^^^^^^^^^^^^^^^^^^^^^^
  File "C:\Users\bobby\AppData\Local\Programs\Python\Python312\Lib\site-packages\django\template\base.py", line 1016, in render
    return SafeString("".join([node.render_annotated(context) for node in self]))
                               ^^^^^^^^^^^^^^^^^^^^^^^^^^^^^^
  File "C:\Users\bobby\AppData\Local\Programs\Python\Python312\Lib\site-packages\django\template\base.py", line 977, in render_annotated
    return self.render(context)
           ^^^^^^^^^^^^^^^^^^^^
  File "C:\Users\bobby\AppData\Local\Programs\Python\Python312\Lib\site-packages\django\template\defaulttags.py", line 243, in render
    nodelist.append(node.render_annotated(context))
                    ^^^^^^^^^^^^^^^^^^^^^^^^^^^^^^
  File "C:\Users\bobby\AppData\Local\Programs\Python\Python312\Lib\site-packages\django\template\base.py", line 977, in render_annotated
    return self.render(context)
           ^^^^^^^^^^^^^^^^^^^^
  File "C:\Users\bobby\AppData\Local\Programs\Python\Python312\Lib\site-packages\django\template\defaulttags.py", line 243, in render
    nodelist.append(node.render_annotated(context))
                    ^^^^^^^^^^^^^^^^^^^^^^^^^^^^^^
  File "C:\Users\bobby\AppData\Local\Programs\Python\Python312\Lib\site-packages\django\template\base.py", line 977, in render_annotated
    return self.render(context)
           ^^^^^^^^^^^^^^^^^^^^
  File "C:\Users\bobby\AppData\Local\Programs\Python\Python312\Lib\site-packages\django\template\defaulttags.py", line 327, in render
    return nodelist.render(context)
           ^^^^^^^^^^^^^^^^^^^^^^^^
  File "C:\Users\bobby\AppData\Local\Programs\Python\Python312\Lib\site-packages\django\template\base.py", line 1016, in render
    return SafeString("".join([node.render_annotated(context) for node in self]))
                               ^^^^^^^^^^^^^^^^^^^^^^^^^^^^^^
  File "C:\Users\bobby\AppData\Local\Programs\Python\Python312\Lib\site-packages\django\template\base.py", line 977, in render_annotated
    return self.render(context)
           ^^^^^^^^^^^^^^^^^^^^
  File "C:\Users\bobby\AppData\Local\Programs\Python\Python312\Lib\site-packages\django\template\defaulttags.py", line 327, in render
    return nodelist.render(context)
           ^^^^^^^^^^^^^^^^^^^^^^^^
  File "C:\Users\bobby\AppData\Local\Programs\Python\Python312\Lib\site-packages\django\template\base.py", line 1016, in render
    return SafeString("".join([node.render_annotated(context) for node in self]))
                               ^^^^^^^^^^^^^^^^^^^^^^^^^^^^^^
  File "C:\Users\bobby\AppData\Local\Programs\Python\Python312\Lib\site-packages\django\template\base.py", line 977, in render_annotated
    return self.render(context)
           ^^^^^^^^^^^^^^^^^^^^
  File "C:\Users\bobby\AppData\Local\Programs\Python\Python312\Lib\site-packages\django\template\base.py", line 1081, in render
    return render_value_in_context(output, context)
           ^^^^^^^^^^^^^^^^^^^^^^^^^^^^^^^^^^^^^^^^
  File "C:\Users\bobby\AppData\Local\Programs\Python\Python312\Lib\site-packages\django\template\base.py", line 1058, in render_value_in_context
    value = str(value)
            ^^^^^^^^^^
  File "C:\Users\bobby\AppData\Local\Programs\Python\Python312\Lib\site-packages\django\forms\utils.py", line 79, in __str__
    return self.as_widget()
           ^^^^^^^^^^^^^^^^
  File "C:\Users\bobby\AppData\Local\Programs\Python\Python312\Lib\site-packages\django\forms\boundfield.py", line 108, in as_widget
    return widget.render(
           ^^^^^^^^^^^^^^
  File "C:\Users\bobby\AppData\Local\Programs\Python\Python312\Lib\site-packages\django\forms\widgets.py", line 329, in render
    context = self.get_context(name, value, attrs)
              ^^^^^^^^^^^^^^^^^^^^^^^^^^^^^^^^^^^^
  File "C:\Users\bobby\AppData\Local\Programs\Python\Python312\Lib\site-packages\django\contrib\admin\widgets.py", line 329, in get_context
    "rendered_widget": self.widget.render(name, value, attrs),
                       ^^^^^^^^^^^^^^^^^^^^^^^^^^^^^^^^^^^^^^
  File "C:\Users\bobby\AppData\Local\Programs\Python\Python312\Lib\site-packages\django\forms\widgets.py", line 329, in render
    context = self.get_context(name, value, attrs)
              ^^^^^^^^^^^^^^^^^^^^^^^^^^^^^^^^^^^^
  File "C:\Users\bobby\AppData\Local\Programs\Python\Python312\Lib\site-packages\django\forms\widgets.py", line 830, in get_context
    context = super().get_context(name, value, attrs)
              ^^^^^^^^^^^^^^^^^^^^^^^^^^^^^^^^^^^^^^^
  File "C:\Users\bobby\AppData\Local\Programs\Python\Python312\Lib\site-packages\django\forms\widgets.py", line 781, in get_context
    context["widget"]["optgroups"] = self.optgroups(
                                     ^^^^^^^^^^^^^^^
  File "C:\Users\bobby\AppData\Local\Programs\Python\Python312\Lib\site-packages\django\forms\widgets.py", line 721, in optgroups
    for index, (option_value, option_label) in enumerate(self.choices):
                                               ^^^^^^^^^^^^^^^^^^^^^^^
  File "C:\Users\bobby\AppData\Local\Programs\Python\Python312\Lib\site-packages\django\forms\models.py", line 1424, in __iter__
    for obj in queryset:
               ^^^^^^^^
  File "C:\Users\bobby\AppData\Local\Programs\Python\Python312\Lib\site-packages\django\db\models\query.py", line 502, in _iterator
    yield from iterable
  File "C:\Users\bobby\AppData\Local\Programs\Python\Python312\Lib\site-packages\django\db\models\query.py", line 91, in __iter__
    results = compiler.execute_sql(
              ^^^^^^^^^^^^^^^^^^^^^
  File "C:\Users\bobby\AppData\Local\Programs\Python\Python312\Lib\site-packages\django\db\models\sql\compiler.py", line 1623, in execute_sql
    cursor.execute(sql, params)
  File "C:\Users\bobby\AppData\Local\Programs\Python\Python312\Lib\site-packages\django\db\backends\utils.py", line 122, in execute
    return super().execute(sql, params)
           ^^^^^^^^^^^^^^^^^^^^^^^^^^^^
  File "C:\Users\bobby\AppData\Local\Programs\Python\Python312\Lib\site-packages\django\db\backends\utils.py", line 79, in execute
    return self._execute_with_wrappers(
           ^^^^^^^^^^^^^^^^^^^^^^^^^^^^
  File "C:\Users\bobby\AppData\Local\Programs\Python\Python312\Lib\site-packages\django\db\backends\utils.py", line 92, in _execute_with_wrappers
    return executor(sql, params, many, context)
           ^^^^^^^^^^^^^^^^^^^^^^^^^^^^^^^^^^^^
  File "C:\Users\bobby\AppData\Local\Programs\Python\Python312\Lib\site-packages\django\db\backends\utils.py", line 100, in _execute
    with self.db.wrap_database_errors:
         ^^^^^^^^^^^^^^^^^^^^^^^^^^^^
  File "C:\Users\bobby\AppData\Local\Programs\Python\Python312\Lib\site-packages\django\db\utils.py", line 91, in __exit__
    raise dj_exc_value.with_traceback(traceback) from exc_value
  File "C:\Users\bobby\AppData\Local\Programs\Python\Python312\Lib\site-packages\django\db\backends\utils.py", line 105, in _execute
    return self.cursor.execute(sql, params)
           ^^^^^^^^^^^^^^^^^^^^^^^^^^^^^^^^
  File "C:\Users\bobby\AppData\Local\Programs\Python\Python312\Lib\site-packages\django\db\backends\sqlite3\base.py", line 360, in execute
    return super().execute(query, params)
           ^^^^^^^^^^^^^^^^^^^^^^^^^^^^^^
django.db.utils.OperationalError: no such table: notes_subsubject
ERROR 2025-11-10 20:41:13,768 basehttp 17680 7144 "GET /admin/notes/flashcard/8/change/ HTTP/1.1" 500 653140
INFO 2025-11-10 20:41:15,070 basehttp 17680 7144 "GET /admin/notes/flashcard/ HTTP/1.1" 200 73108
INFO 2025-11-10 20:41:16,049 basehttp 17680 7144 "GET /admin/notes/flashcard/ HTTP/1.1" 200 73108
INFO 2025-11-10 20:41:16,068 basehttp 17680 7144 "GET /admin/jsi18n/ HTTP/1.1" 200 3342
WARNING 2025-11-10 20:41:17,628 log 17680 7144 Not Found: /sw.js
WARNING 2025-11-10 20:41:17,630 basehttp 17680 7144 "GET /sw.js HTTP/1.1" 404 2681
ERROR 2025-11-10 20:41:19,927 log 17680 7144 Internal Server Error: /admin/notes/subsubject/
Traceback (most recent call last):
  File "C:\Users\bobby\AppData\Local\Programs\Python\Python312\Lib\site-packages\django\db\backends\utils.py", line 105, in _execute
    return self.cursor.execute(sql, params)
           ^^^^^^^^^^^^^^^^^^^^^^^^^^^^^^^^
  File "C:\Users\bobby\AppData\Local\Programs\Python\Python312\Lib\site-packages\django\db\backends\sqlite3\base.py", line 360, in execute
    return super().execute(query, params)
           ^^^^^^^^^^^^^^^^^^^^^^^^^^^^^^
sqlite3.OperationalError: no such table: notes_subsubject

The above exception was the direct cause of the following exception:

Traceback (most recent call last):
  File "C:\Users\bobby\AppData\Local\Programs\Python\Python312\Lib\site-packages\django\core\handlers\exception.py", line 55, in inner
    response = get_response(request)
               ^^^^^^^^^^^^^^^^^^^^^
  File "C:\Users\bobby\AppData\Local\Programs\Python\Python312\Lib\site-packages\django\core\handlers\base.py", line 197, in _get_response
    response = wrapped_callback(request, *callback_args, **callback_kwargs)
               ^^^^^^^^^^^^^^^^^^^^^^^^^^^^^^^^^^^^^^^^^^^^^^^^^^^^^^^^^^^^
  File "C:\Users\bobby\AppData\Local\Programs\Python\Python312\Lib\site-packages\django\contrib\admin\options.py", line 719, in wrapper
    return self.admin_site.admin_view(view)(*args, **kwargs)
           ^^^^^^^^^^^^^^^^^^^^^^^^^^^^^^^^^^^^^^^^^^^^^^^^^
  File "C:\Users\bobby\AppData\Local\Programs\Python\Python312\Lib\site-packages\django\utils\decorators.py", line 192, in _view_wrapper
    result = _process_exception(request, e)
             ^^^^^^^^^^^^^^^^^^^^^^^^^^^^^^
  File "C:\Users\bobby\AppData\Local\Programs\Python\Python312\Lib\site-packages\django\utils\decorators.py", line 190, in _view_wrapper
    response = view_func(request, *args, **kwargs)
               ^^^^^^^^^^^^^^^^^^^^^^^^^^^^^^^^^^^
  File "C:\Users\bobby\AppData\Local\Programs\Python\Python312\Lib\site-packages\django\views\decorators\cache.py", line 80, in _view_wrapper
    response = view_func(request, *args, **kwargs)
               ^^^^^^^^^^^^^^^^^^^^^^^^^^^^^^^^^^^
  File "C:\Users\bobby\AppData\Local\Programs\Python\Python312\Lib\site-packages\django\contrib\admin\sites.py", line 246, in inner
    return view(request, *args, **kwargs)
           ^^^^^^^^^^^^^^^^^^^^^^^^^^^^^^
  File "C:\Users\bobby\AppData\Local\Programs\Python\Python312\Lib\site-packages\django\utils\decorators.py", line 48, in _wrapper
    return bound_method(*args, **kwargs)
           ^^^^^^^^^^^^^^^^^^^^^^^^^^^^^
  File "C:\Users\bobby\AppData\Local\Programs\Python\Python312\Lib\site-packages\django\utils\decorators.py", line 192, in _view_wrapper
    result = _process_exception(request, e)
             ^^^^^^^^^^^^^^^^^^^^^^^^^^^^^^
  File "C:\Users\bobby\AppData\Local\Programs\Python\Python312\Lib\site-packages\django\utils\decorators.py", line 190, in _view_wrapper
    response = view_func(request, *args, **kwargs)
               ^^^^^^^^^^^^^^^^^^^^^^^^^^^^^^^^^^^
  File "C:\Users\bobby\AppData\Local\Programs\Python\Python312\Lib\site-packages\django\contrib\admin\options.py", line 2024, in changelist_view
    cl = self.get_changelist_instance(request)
         ^^^^^^^^^^^^^^^^^^^^^^^^^^^^^^^^^^^^^
  File "C:\Users\bobby\AppData\Local\Programs\Python\Python312\Lib\site-packages\django\contrib\admin\options.py", line 867, in get_changelist_instance
    return ChangeList(
           ^^^^^^^^^^^
  File "C:\Users\bobby\AppData\Local\Programs\Python\Python312\Lib\site-packages\django\contrib\admin\views\main.py", line 146, in __init__
    self.get_results(request)
  File "C:\Users\bobby\AppData\Local\Programs\Python\Python312\Lib\site-packages\django\contrib\admin\views\main.py", line 313, in get_results
    result_count = paginator.count
                   ^^^^^^^^^^^^^^^
  File "C:\Users\bobby\AppData\Local\Programs\Python\Python312\Lib\site-packages\django\utils\functional.py", line 47, in __get__
    res = instance.__dict__[self.name] = self.func(instance)
                                         ^^^^^^^^^^^^^^^^^^^
  File "C:\Users\bobby\AppData\Local\Programs\Python\Python312\Lib\site-packages\django\core\paginator.py", line 110, in count
    return c()
           ^^^
  File "C:\Users\bobby\AppData\Local\Programs\Python\Python312\Lib\site-packages\django\db\models\query.py", line 604, in count
    return self.query.get_count(using=self.db)
           ^^^^^^^^^^^^^^^^^^^^^^^^^^^^^^^^^^^
  File "C:\Users\bobby\AppData\Local\Programs\Python\Python312\Lib\site-packages\django\db\models\sql\query.py", line 644, in get_count
    return obj.get_aggregation(using, {"__count": Count("*")})["__count"]
           ^^^^^^^^^^^^^^^^^^^^^^^^^^^^^^^^^^^^^^^^^^^^^^^^^^^
  File "C:\Users\bobby\AppData\Local\Programs\Python\Python312\Lib\site-packages\django\db\models\sql\query.py", line 626, in get_aggregation
    result = compiler.execute_sql(SINGLE)
             ^^^^^^^^^^^^^^^^^^^^^^^^^^^^
  File "C:\Users\bobby\AppData\Local\Programs\Python\Python312\Lib\site-packages\django\db\models\sql\compiler.py", line 1623, in execute_sql
    cursor.execute(sql, params)
  File "C:\Users\bobby\AppData\Local\Programs\Python\Python312\Lib\site-packages\django\db\backends\utils.py", line 122, in execute
    return super().execute(sql, params)
           ^^^^^^^^^^^^^^^^^^^^^^^^^^^^
  File "C:\Users\bobby\AppData\Local\Programs\Python\Python312\Lib\site-packages\django\db\backends\utils.py", line 79, in execute
    return self._execute_with_wrappers(
           ^^^^^^^^^^^^^^^^^^^^^^^^^^^^
  File "C:\Users\bobby\AppData\Local\Programs\Python\Python312\Lib\site-packages\django\db\backends\utils.py", line 92, in _execute_with_wrappers
    return executor(sql, params, many, context)
           ^^^^^^^^^^^^^^^^^^^^^^^^^^^^^^^^^^^^
  File "C:\Users\bobby\AppData\Local\Programs\Python\Python312\Lib\site-packages\django\db\backends\utils.py", line 100, in _execute
    with self.db.wrap_database_errors:
         ^^^^^^^^^^^^^^^^^^^^^^^^^^^^
  File "C:\Users\bobby\AppData\Local\Programs\Python\Python312\Lib\site-packages\django\db\utils.py", line 91, in __exit__
    raise dj_exc_value.with_traceback(traceback) from exc_value
  File "C:\Users\bobby\AppData\Local\Programs\Python\Python312\Lib\site-packages\django\db\backends\utils.py", line 105, in _execute
    return self.cursor.execute(sql, params)
           ^^^^^^^^^^^^^^^^^^^^^^^^^^^^^^^^
  File "C:\Users\bobby\AppData\Local\Programs\Python\Python312\Lib\site-packages\django\db\backends\sqlite3\base.py", line 360, in execute
    return super().execute(query, params)
           ^^^^^^^^^^^^^^^^^^^^^^^^^^^^^^
django.db.utils.OperationalError: no such table: notes_subsubject
ERROR 2025-11-10 20:41:19,932 basehttp 17680 7144 "GET /admin/notes/subsubject/ HTTP/1.1" 500 201969
WARNING 2025-11-10 20:41:21,507 log 17680 7144 Not Found: /sw.js
WARNING 2025-11-10 20:41:21,508 basehttp 17680 7144 "GET /sw.js HTTP/1.1" 404 2681
INFO 2025-11-10 20:59:37,329 autoreload 11316 13156 Watching for file changes with StatReloader
INFO 2025-11-10 21:00:32,420 autoreload 14792 16328 Watching for file changes with StatReloader
WARNING 2025-11-10 21:00:32,931 log 14792 11012 Not Found: /sw.js
WARNING 2025-11-10 21:00:32,931 basehttp 14792 11012 "GET /sw.js HTTP/1.1" 404 2681
INFO 2025-11-10 21:00:35,635 basehttp 14792 11012 "GET /admin/ HTTP/1.1" 302 0
INFO 2025-11-10 21:00:35,679 basehttp 14792 11012 "GET /admin/login/?next=/admin/ HTTP/1.1" 200 4172
INFO 2025-11-10 21:00:35,742 basehttp 14792 11012 "GET /static/admin/css/login.css HTTP/1.1" 200 951
WARNING 2025-11-10 21:00:37,291 log 14792 19264 Not Found: /sw.js
WARNING 2025-11-10 21:00:37,291 basehttp 14792 19264 "GET /sw.js HTTP/1.1" 404 2681
INFO 2025-11-10 21:00:37,646 basehttp 14792 11012 "POST /admin/login/?next=/admin/ HTTP/1.1" 302 0
INFO 2025-11-10 21:00:37,694 basehttp 14792 11012 "GET /admin/ HTTP/1.1" 200 92468
WARNING 2025-11-10 21:00:39,312 log 14792 11012 Not Found: /sw.js
WARNING 2025-11-10 21:00:39,312 basehttp 14792 11012 "GET /sw.js HTTP/1.1" 404 2681
INFO 2025-11-10 21:00:43,763 basehttp 14792 11012 "GET /admin/notes/category/ HTTP/1.1" 200 71498
INFO 2025-11-10 21:00:43,785 basehttp 14792 11012 "GET /admin/jsi18n/ HTTP/1.1" 200 3342
INFO 2025-11-10 21:00:44,985 basehttp 14792 11012 "GET /admin/notes/category/add/ HTTP/1.1" 200 72267
INFO 2025-11-10 21:00:45,005 basehttp 14792 11012 "GET /static/admin/css/forms.css HTTP/1.1" 200 8525
INFO 2025-11-10 21:00:45,012 basehttp 14792 11012 "GET /admin/jsi18n/ HTTP/1.1" 200 3342
INFO 2025-11-10 21:00:45,013 basehttp 14792 19264 "GET /static/admin/js/prepopulate_init.js HTTP/1.1" 200 586
INFO 2025-11-10 21:00:45,025 basehttp 14792 11012 "GET /static/admin/css/widgets.css HTTP/1.1" 200 11991
INFO 2025-11-10 21:00:45,031 basehttp 14792 19264 "GET /static/admin/js/change_form.js HTTP/1.1" 200 606
WARNING 2025-11-10 21:00:45,380 log 14792 19264 Not Found: /sw.js
WARNING 2025-11-10 21:00:45,380 basehttp 14792 19264 "GET /sw.js HTTP/1.1" 404 2681
WARNING 2025-11-10 21:00:46,598 log 14792 19264 Not Found: /sw.js
WARNING 2025-11-10 21:00:46,598 basehttp 14792 19264 "GET /sw.js HTTP/1.1" 404 2681
INFO 2025-11-10 21:00:50,438 basehttp 14792 19264 "POST /admin/notes/category/add/ HTTP/1.1" 302 0
INFO 2025-11-10 21:00:50,478 basehttp 14792 19264 "GET /admin/notes/category/ HTTP/1.1" 200 72982
INFO 2025-11-10 21:00:50,495 basehttp 14792 19264 "GET /admin/jsi18n/ HTTP/1.1" 200 3342
INFO 2025-11-10 21:00:50,517 basehttp 14792 19264 "GET /static/admin/img/icon-yes.svg HTTP/1.1" 200 436
WARNING 2025-11-10 21:00:52,064 log 14792 19264 Not Found: /sw.js
WARNING 2025-11-10 21:00:52,064 basehttp 14792 19264 "GET /sw.js HTTP/1.1" 404 2681
INFO 2025-11-10 21:00:55,358 basehttp 14792 19264 "GET /admin/notes/flashcard/ HTTP/1.1" 200 71505
INFO 2025-11-10 21:00:55,375 basehttp 14792 19264 "GET /admin/jsi18n/ HTTP/1.1" 200 3342
INFO 2025-11-10 21:00:56,328 basehttp 14792 19264 "GET /admin/notes/flashcard/add/ HTTP/1.1" 200 76316
INFO 2025-11-10 21:00:56,347 basehttp 14792 11012 "GET /admin/jsi18n/ HTTP/1.1" 200 3342
INFO 2025-11-10 21:00:56,350 basehttp 14792 19264 "GET /static/admin/img/icon-viewlink.svg HTTP/1.1" 200 581
WARNING 2025-11-10 21:00:57,901 log 14792 19264 Not Found: /sw.js
WARNING 2025-11-10 21:00:57,901 basehttp 14792 19264 "GET /sw.js HTTP/1.1" 404 2681
INFO 2025-11-10 21:00:58,904 basehttp 14792 19264 "GET /admin/notes/subsubject/add/?_to_field=id&_popup=1 HTTP/1.1" 200 6072
INFO 2025-11-10 21:00:58,920 basehttp 14792 19264 "GET /admin/jsi18n/ HTTP/1.1" 200 3342
WARNING 2025-11-10 21:01:00,459 log 14792 19264 Not Found: /sw.js
WARNING 2025-11-10 21:01:00,459 basehttp 14792 19264 "GET /sw.js HTTP/1.1" 404 2681
INFO 2025-11-10 21:01:02,685 basehttp 14792 19264 "GET /admin/notes/subject/add/?_to_field=id&_popup=1 HTTP/1.1" 200 4387
INFO 2025-11-10 21:01:02,700 basehttp 14792 19264 "GET /admin/jsi18n/ HTTP/1.1" 200 3342
WARNING 2025-11-10 21:01:04,221 log 14792 19264 Not Found: /sw.js
WARNING 2025-11-10 21:01:04,221 basehttp 14792 19264 "GET /sw.js HTTP/1.1" 404 2681
INFO 2025-11-10 21:01:08,016 basehttp 14792 19264 "GET /admin/notes/subsubject/add/?_to_field=id&_popup=1 HTTP/1.1" 200 6072
INFO 2025-11-10 21:01:08,031 basehttp 14792 19264 "GET /admin/jsi18n/ HTTP/1.1" 200 3342
WARNING 2025-11-10 21:01:09,568 log 14792 19264 Not Found: /sw.js
WARNING 2025-11-10 21:01:09,568 basehttp 14792 19264 "GET /sw.js HTTP/1.1" 404 2681
INFO 2025-11-10 21:01:14,075 basehttp 14792 19264 "GET /admin/notes/subject/add/?_to_field=id&_popup=1 HTTP/1.1" 200 4387
INFO 2025-11-10 21:01:14,091 basehttp 14792 19264 "GET /admin/jsi18n/ HTTP/1.1" 200 3342
WARNING 2025-11-10 21:01:15,630 log 14792 19264 Not Found: /sw.js
WARNING 2025-11-10 21:01:15,631 basehttp 14792 19264 "GET /sw.js HTTP/1.1" 404 2681
INFO 2025-11-10 21:01:20,666 basehttp 14792 19264 "POST /admin/notes/subject/add/?_to_field=id&_popup=1 HTTP/1.1" 200 333
INFO 2025-11-10 21:01:20,688 basehttp 14792 19264 "GET /static/admin/js/popup_response.js HTTP/1.1" 200 532
WARNING 2025-11-10 21:01:21,716 log 14792 19264 Not Found: /sw.js
WARNING 2025-11-10 21:01:21,716 basehttp 14792 19264 "GET /sw.js HTTP/1.1" 404 2681
INFO 2025-11-10 21:01:34,554 basehttp 14792 19264 "POST /admin/notes/subsubject/add/?_to_field=id&_popup=1 HTTP/1.1" 200 358
WARNING 2025-11-10 21:01:35,583 log 14792 19264 Not Found: /sw.js
WARNING 2025-11-10 21:01:35,583 basehttp 14792 19264 "GET /sw.js HTTP/1.1" 404 2681
INFO 2025-11-13 11:06:53,538 autoreload 14448 14408 Watching for file changes with StatReloader
WARNING 2025-11-13 11:06:58,476 log 14448 8300 Not Found: /
WARNING 2025-11-13 11:06:58,477 basehttp 14448 8300 "GET / HTTP/1.1" 404 2648
WARNING 2025-11-13 11:06:58,512 log 14448 8300 Not Found: /favicon.ico
WARNING 2025-11-13 11:06:58,512 basehttp 14448 8300 "GET /favicon.ico HTTP/1.1" 404 2699
INFO 2025-11-13 11:07:08,958 basehttp 14448 8300 "GET /admin/ HTTP/1.1" 302 0
INFO 2025-11-13 11:07:09,124 basehttp 14448 8300 "GET /admin/login/?next=/admin/ HTTP/1.1" 200 4172
INFO 2025-11-13 11:07:09,330 basehttp 14448 8300 "GET /static/admin/css/base.css HTTP/1.1" 200 22120
INFO 2025-11-13 11:07:09,352 basehttp 14448 4376 "GET /static/admin/css/nav_sidebar.css HTTP/1.1" 200 2810
INFO 2025-11-13 11:07:09,352 basehttp 14448 11952 "GET /static/admin/css/dark_mode.css HTTP/1.1" 200 2808
INFO 2025-11-13 11:07:09,356 basehttp 14448 12800 "GET /static/admin/js/theme.js HTTP/1.1" 200 1653
INFO 2025-11-13 11:07:09,358 basehttp 14448 11860 "GET /static/admin/css/login.css HTTP/1.1" 200 951
INFO 2025-11-13 11:07:09,358 basehttp 14448 10560 "GET /static/admin/css/responsive.css HTTP/1.1" 200 16565
INFO 2025-11-13 11:07:09,377 basehttp 14448 11860 "GET /static/admin/js/nav_sidebar.js HTTP/1.1" 200 3063
INFO 2025-11-13 11:07:12,079 basehttp 14448 11860 "POST /admin/login/?next=/admin/ HTTP/1.1" 302 0
INFO 2025-11-13 11:07:12,203 basehttp 14448 11860 "GET /admin/ HTTP/1.1" 200 93582
INFO 2025-11-13 11:07:12,236 basehttp 14448 11860 "GET /static/admin/css/dashboard.css HTTP/1.1" 200 441
INFO 2025-11-13 11:07:12,249 basehttp 14448 10560 "GET /static/admin/img/icon-changelink.svg HTTP/1.1" 200 380
INFO 2025-11-13 11:07:12,249 basehttp 14448 11860 "GET /static/admin/img/icon-addlink.svg HTTP/1.1" 200 331
INFO 2025-11-13 11:07:34,984 basehttp 14448 11860 "GET /admin/notes/flashcard/ HTTP/1.1" 200 71505
INFO 2025-11-13 11:07:35,015 basehttp 14448 11860 "GET /static/admin/css/changelists.css HTTP/1.1" 200 6878
INFO 2025-11-13 11:07:35,021 basehttp 14448 11952 "GET /static/admin/js/jquery.init.js HTTP/1.1" 200 347
INFO 2025-11-13 11:07:35,030 basehttp 14448 4376 "GET /static/admin/js/core.js HTTP/1.1" 200 6208
INFO 2025-11-13 11:07:35,030 basehttp 14448 8300 "GET /static/admin/js/admin/RelatedObjectLookups.js HTTP/1.1" 200 9777
INFO 2025-11-13 11:07:35,040 basehttp 14448 10560 "GET /admin/jsi18n/ HTTP/1.1" 200 3342
INFO 2025-11-13 11:07:35,041 basehttp 14448 11860 "GET /static/admin/js/actions.js HTTP/1.1" 200 8076
INFO 2025-11-13 11:07:35,042 basehttp 14448 11952 "GET /static/admin/js/urlify.js HTTP/1.1" 200 7887
INFO 2025-11-13 11:07:35,051 basehttp 14448 4376 "GET /static/admin/js/prepopulate.js HTTP/1.1" 200 1531
INFO 2025-11-13 11:07:35,059 basehttp 14448 12800 "GET /static/admin/js/vendor/jquery/jquery.js HTTP/1.1" 200 285314
INFO 2025-11-13 11:07:35,083 basehttp 14448 12800 "GET /static/admin/js/filters.js HTTP/1.1" 200 978
INFO 2025-11-13 11:07:35,113 basehttp 14448 8300 "GET /static/admin/js/vendor/xregexp/xregexp.js HTTP/1.1" 200 325171
INFO 2025-11-13 11:07:35,141 basehttp 14448 8300 "GET /static/admin/img/tooltag-add.svg HTTP/1.1" 200 331
INFO 2025-11-13 11:07:36,536 basehttp 14448 8300 "GET /admin/notes/flashcard/add/ HTTP/1.1" 200 76382
INFO 2025-11-13 11:07:36,559 basehttp 14448 4376 "GET /admin/jsi18n/ HTTP/1.1" 200 3342
INFO 2025-11-13 11:07:36,562 basehttp 14448 8300 "GET /static/admin/css/forms.css HTTP/1.1" 200 8525
INFO 2025-11-13 11:07:36,566 basehttp 14448 12800 "GET /static/admin/js/prepopulate_init.js HTTP/1.1" 200 586
INFO 2025-11-13 11:07:36,574 basehttp 14448 8300 "GET /static/admin/img/icon-viewlink.svg HTTP/1.1" 200 581
INFO 2025-11-13 11:07:36,575 basehttp 14448 4376 "GET /static/admin/css/widgets.css HTTP/1.1" 200 11991
INFO 2025-11-13 11:07:36,597 basehttp 14448 4376 "GET /static/admin/js/change_form.js HTTP/1.1" 200 606
INFO 2025-11-13 11:09:03,813 basehttp 14448 4376 "POST /admin/notes/flashcard/add/ HTTP/1.1" 302 0
INFO 2025-11-13 11:09:03,901 basehttp 14448 4376 "GET /admin/notes/flashcard/ HTTP/1.1" 200 73033
INFO 2025-11-13 11:09:03,924 basehttp 14448 4376 "GET /admin/jsi18n/ HTTP/1.1" 200 3342
INFO 2025-11-13 11:09:03,967 basehttp 14448 4376 "GET /static/admin/img/icon-yes.svg HTTP/1.1" 200 436
INFO 2025-11-13 11:09:05,978 basehttp 14448 4376 "GET /admin/notes/flashcard/1/change/ HTTP/1.1" 200 76910
INFO 2025-11-13 11:09:06,005 basehttp 14448 4376 "GET /admin/jsi18n/ HTTP/1.1" 200 3342
INFO 2025-11-13 11:09:14,508 basehttp 14448 4376 "GET /admin/notes/flashcard/ HTTP/1.1" 200 72816
INFO 2025-11-13 11:09:16,597 basehttp 14448 4376 "GET /admin/notes/flashcard/add/ HTTP/1.1" 200 76382
INFO 2025-11-13 11:09:17,858 basehttp 14448 4376 "GET /admin/notes/flashcardimage/ HTTP/1.1" 200 73914
INFO 2025-11-13 11:09:17,880 basehttp 14448 4376 "GET /admin/jsi18n/ HTTP/1.1" 200 3342
INFO 2025-11-13 11:09:20,860 basehttp 14448 4376 "GET /admin/notes/flashcardimage/4/change/ HTTP/1.1" 200 75174
INFO 2025-11-13 11:09:20,883 basehttp 14448 4376 "GET /admin/jsi18n/ HTTP/1.1" 200 3342
INFO 2025-11-13 11:09:24,364 basehttp 14448 4376 "GET /admin/notes/flashcardimage/ HTTP/1.1" 200 73914
INFO 2025-11-13 11:09:25,469 basehttp 14448 4376 "GET /admin/notes/flashcardimage/3/change/ HTTP/1.1" 200 75174
INFO 2025-11-13 11:09:25,493 basehttp 14448 4376 "GET /admin/jsi18n/ HTTP/1.1" 200 3342
INFO 2025-11-13 11:09:26,978 basehttp 14448 4376 "GET /admin/notes/flashcardimage/ HTTP/1.1" 200 73914
INFO 2025-11-13 11:09:27,911 basehttp 14448 4376 "GET /admin/notes/flashcardimage/2/change/ HTTP/1.1" 200 75174
INFO 2025-11-13 11:09:27,932 basehttp 14448 4376 "GET /admin/jsi18n/ HTTP/1.1" 200 3342
INFO 2025-11-13 11:10:39,514 basehttp 14448 4376 "GET /admin/notes/flashcardimage/ HTTP/1.1" 200 73914
INFO 2025-11-13 11:10:39,543 basehttp 14448 4376 "GET /admin/jsi18n/ HTTP/1.1" 200 3342
INFO 2025-11-13 11:11:03,251 autoreload 14448 14408 X:\edvoyage-backup-cursor\backend\edvoayge\notes\models.py changed, reloading.
INFO 2025-11-13 11:11:04,057 autoreload 6924 14572 Watching for file changes with StatReloader
INFO 2025-11-13 11:11:10,424 basehttp 6924 9396 "GET /admin/notes/flashcardimage/ HTTP/1.1" 200 73890
INFO 2025-11-13 11:11:10,447 basehttp 6924 9396 "GET /admin/jsi18n/ HTTP/1.1" 200 3342
INFO 2025-11-13 11:11:19,546 basehttp 6924 9396 "GET /admin/notes/flashcardimage/ HTTP/1.1" 200 73890
INFO 2025-11-13 11:11:24,840 basehttp 6924 9396 "GET /api/v1/notes/ HTTP/1.1" 200 529
INFO 2025-11-13 11:11:42,000 basehttp 6924 9396 "GET /api/v1/notes/flashcards/ HTTP/1.1" 200 694
INFO 2025-11-13 11:12:02,392 basehttp 6924 9396 "GET /admin/notes/flashcardimage/2/change/ HTTP/1.1" 200 75165
INFO 2025-11-13 11:12:03,121 basehttp 6924 9396 "GET /admin/notes/flashcardimage/ HTTP/1.1" 200 73890
INFO 2025-11-13 11:12:06,179 basehttp 6924 9396 "GET /admin/notes/flashcard/add/ HTTP/1.1" 200 76382
INFO 2025-11-13 11:12:12,588 basehttp 6924 9396 "POST /admin/notes/flashcard/add/ HTTP/1.1" 302 0
INFO 2025-11-13 11:12:12,619 basehttp 6924 9396 "GET /admin/notes/flashcard/add/ HTTP/1.1" 200 76636
INFO 2025-11-13 11:12:12,655 basehttp 6924 9396 "GET /admin/jsi18n/ HTTP/1.1" 200 3342
INFO 2025-11-13 11:12:23,352 basehttp 6924 9396 "POST /admin/notes/flashcard/add/ HTTP/1.1" 302 0
INFO 2025-11-13 11:12:23,395 basehttp 6924 9396 "GET /admin/notes/flashcard/ HTTP/1.1" 200 73616
INFO 2025-11-13 11:12:23,416 basehttp 6924 9396 "GET /admin/jsi18n/ HTTP/1.1" 200 3342
INFO 2025-11-13 11:12:27,732 basehttp 6924 9396 "GET /api/v1/notes/flashcards/ HTTP/1.1" 200 2459
INFO 2025-11-13 11:22:43,902 basehttp 6924 3132 "GET /api/v1/notes/flashcards/ HTTP/1.1" 200 2459
INFO 2025-11-13 11:23:07,461 autoreload 6924 14572 X:\edvoyage-backup-cursor\backend\edvoayge\edvoayge\settings.py changed, reloading.
INFO 2025-11-13 11:23:08,694 autoreload 1568 15548 Watching for file changes with StatReloader
INFO 2025-11-13 11:23:14,639 autoreload 7812 12232 Watching for file changes with StatReloader
INFO 2025-11-13 11:23:19,972 basehttp 7812 8620 "GET /api/v1/notes/flashcards/ HTTP/1.1" 200 2459
INFO 2025-11-13 11:24:10,859 basehttp 7812 8620 "GET /api/v1/notes/flashcards/ HTTP/1.1" 200 2459
INFO 2025-11-13 11:25:08,547 basehttp 7812 7420 "GET /api/v1/notes/flashcards/ HTTP/1.1" 200 2459
INFO 2025-11-13 11:25:12,748 autoreload 7812 12232 X:\edvoyage-backup-cursor\backend\edvoayge\edvoayge\settings.py changed, reloading.
INFO 2025-11-13 11:25:13,701 autoreload 3988 10192 Watching for file changes with StatReloader
INFO 2025-11-13 11:25:18,608 basehttp 3988 12092 "GET /api/v1/notes/flashcards/ HTTP/1.1" 200 2459
INFO 2025-11-13 11:26:11,496 basehttp 3988 12092 "GET /api/v1/notes/flashcards/ HTTP/1.1" 200 2459
INFO 2025-11-13 11:26:23,784 basehttp 3988 12092 "GET /api/v1/notes/flashcards/ HTTP/1.1" 200 2459
INFO 2025-11-13 11:28:13,859 basehttp 3988 12092 "GET /api/v1/notes/flashcards/ HTTP/1.1" 200 2459
INFO 2025-11-13 11:28:20,777 basehttp 3988 12092 "GET /api/v1/notes/flashcards/ HTTP/1.1" 200 2459
INFO 2025-11-13 11:28:38,189 basehttp 3988 12092 "GET /api/v1/notes/flashcards/ HTTP/1.1" 200 2459
INFO 2025-11-13 11:28:39,913 basehttp 3988 12092 "GET /api/v1/notes/flashcards/ HTTP/1.1" 200 2459
INFO 2025-11-13 11:29:01,028 basehttp 3988 9592 "GET /admin/notes/flashcard/3/change/ HTTP/1.1" 200 76928
INFO 2025-11-13 11:29:01,070 basehttp 3988 9592 "GET /admin/jsi18n/ HTTP/1.1" 200 3342
INFO 2025-11-13 11:29:07,531 basehttp 3988 9592 "GET /admin/notes/subsubject/add/?_to_field=id&_popup=1 HTTP/1.1" 200 6116
INFO 2025-11-13 11:29:07,545 basehttp 3988 9592 "GET /admin/jsi18n/ HTTP/1.1" 200 3342
INFO 2025-11-13 11:31:03,091 autoreload 3988 10192 X:\edvoyage-backup-cursor\backend\edvoayge\notes\models.py changed, reloading.
INFO 2025-11-13 11:31:04,017 autoreload 8200 15724 Watching for file changes with StatReloader
INFO 2025-11-13 11:32:20,248 autoreload 8200 15724 X:\edvoyage-backup-cursor\backend\edvoayge\notes\models.py changed, reloading.
INFO 2025-11-13 11:32:21,027 autoreload 10516 10512 Watching for file changes with StatReloader
INFO 2025-11-13 11:32:40,365 autoreload 10516 10512 X:\edvoyage-backup-cursor\backend\edvoayge\notes\models.py changed, reloading.
INFO 2025-11-13 11:32:41,229 autoreload 7456 14444 Watching for file changes with StatReloader
INFO 2025-11-13 11:34:49,142 autoreload 9584 15772 Watching for file changes with StatReloader
INFO 2025-11-13 11:34:52,988 basehttp 9584 8224 "GET /api/v1/notes/flashcards/ HTTP/1.1" 200 52
INFO 2025-11-13 11:35:01,002 basehttp 9584 8224 "GET /admin/notes/flashcard/ HTTP/1.1" 302 0
INFO 2025-11-13 11:35:01,056 basehttp 9584 8224 "GET /admin/login/?next=/admin/notes/flashcard/ HTTP/1.1" 200 4204
INFO 2025-11-13 11:35:37,471 autoreload 13356 11452 Watching for file changes with StatReloader
INFO 2025-11-13 11:35:42,225 basehttp 13356 12884 "GET /admin/ HTTP/1.1" 302 0
INFO 2025-11-13 11:35:42,268 basehttp 13356 12884 "GET /admin/login/?next=/admin/ HTTP/1.1" 200 4172
INFO 2025-11-13 11:35:44,330 basehttp 13356 12884 "POST /admin/login/?next=/admin/ HTTP/1.1" 302 0
INFO 2025-11-13 11:35:44,390 basehttp 13356 12884 "GET /admin/ HTTP/1.1" 200 92468
INFO 2025-11-13 11:36:01,168 basehttp 13356 12884 "GET /admin/notes/flashcard/ HTTP/1.1" 200 71505
INFO 2025-11-13 11:36:01,196 basehttp 13356 12884 "GET /admin/jsi18n/ HTTP/1.1" 200 3342
INFO 2025-11-13 11:36:02,237 basehttp 13356 12884 "GET /admin/notes/flashcard/add/ HTTP/1.1" 200 77978
INFO 2025-11-13 11:36:02,262 basehttp 13356 12884 "GET /admin/jsi18n/ HTTP/1.1" 200 3342
INFO 2025-11-13 11:36:03,890 basehttp 13356 12884 "GET /admin/notes/category/add/?_to_field=id&_popup=1 HTTP/1.1" 200 4392
INFO 2025-11-13 11:36:03,905 basehttp 13356 12884 "GET /admin/jsi18n/ HTTP/1.1" 200 3342
INFO 2025-11-13 11:36:08,319 basehttp 13356 12884 "POST /admin/notes/category/add/?_to_field=id&_popup=1 HTTP/1.1" 200 333
INFO 2025-11-13 11:36:08,400 basehttp 13356 12884 "GET /static/admin/js/popup_response.js HTTP/1.1" 200 532
INFO 2025-11-13 11:36:10,323 basehttp 13356 12884 "GET /admin/notes/subject/add/?_to_field=id&_popup=1 HTTP/1.1" 200 4387
INFO 2025-11-13 11:36:10,338 basehttp 13356 12884 "GET /admin/jsi18n/ HTTP/1.1" 200 3342
INFO 2025-11-13 11:36:18,633 basehttp 13356 12884 "POST /admin/notes/subject/add/?_to_field=id&_popup=1 HTTP/1.1" 200 330
INFO 2025-11-13 11:36:21,509 basehttp 13356 12884 "GET /admin/notes/subsubject/add/?_to_field=id&_popup=1 HTTP/1.1" 200 6113
INFO 2025-11-13 11:36:21,523 basehttp 13356 12884 "GET /admin/jsi18n/ HTTP/1.1" 200 3342
INFO 2025-11-13 11:36:26,086 basehttp 13356 12884 "GET /admin/notes/subsubject/add/?_to_field=id&_popup=1 HTTP/1.1" 200 6113
INFO 2025-11-13 11:36:26,104 basehttp 13356 12884 "GET /admin/jsi18n/ HTTP/1.1" 200 3342
INFO 2025-11-13 11:36:30,788 basehttp 13356 12884 "GET /admin/notes/category/1/change/?_to_field=id&_popup=1 HTTP/1.1" 200 4402
INFO 2025-11-13 11:36:30,802 basehttp 13356 12884 "GET /admin/jsi18n/ HTTP/1.1" 200 3342
INFO 2025-11-13 11:36:38,420 basehttp 13356 12884 "POST /admin/notes/category/1/change/?_to_field=id&_popup=1 HTTP/1.1" 200 407
INFO 2025-11-13 11:36:40,779 basehttp 13356 12884 "GET /admin/notes/subject/1/change/?_to_field=id&_popup=1 HTTP/1.1" 200 4389
INFO 2025-11-13 11:36:40,793 basehttp 13356 12884 "GET /admin/jsi18n/ HTTP/1.1" 200 3342
INFO 2025-11-13 11:36:45,577 basehttp 13356 12884 "POST /admin/notes/subject/1/change/?_to_field=id&_popup=1 HTTP/1.1" 200 411
INFO 2025-11-13 11:36:46,964 basehttp 13356 12884 "GET /admin/notes/subsubject/add/?_to_field=id&_popup=1 HTTP/1.1" 200 6116
INFO 2025-11-13 11:36:46,979 basehttp 13356 12884 "GET /admin/jsi18n/ HTTP/1.1" 200 3342
INFO 2025-11-13 11:36:54,768 basehttp 13356 12884 "POST /admin/notes/subsubject/add/?_to_field=id&_popup=1 HTTP/1.1" 200 330
INFO 2025-11-13 11:37:03,292 basehttp 13356 12884 "POST /admin/notes/flashcard/add/ HTTP/1.1" 302 0
INFO 2025-11-13 11:37:03,346 basehttp 13356 12884 "GET /admin/notes/flashcard/ HTTP/1.1" 200 73057
INFO 2025-11-13 11:37:03,368 basehttp 13356 12884 "GET /admin/jsi18n/ HTTP/1.1" 200 3342
INFO 2025-11-13 11:37:04,598 basehttp 13356 12884 "GET /admin/notes/flashcard/add/ HTTP/1.1" 200 78103
INFO 2025-11-13 11:37:04,618 basehttp 13356 12884 "GET /admin/jsi18n/ HTTP/1.1" 200 3342
INFO 2025-11-13 11:37:15,581 basehttp 13356 12884 "POST /admin/notes/flashcard/add/ HTTP/1.1" 302 0
INFO 2025-11-13 11:37:15,620 basehttp 13356 12884 "GET /admin/notes/flashcard/ HTTP/1.1" 200 73365
INFO 2025-11-13 11:37:15,642 basehttp 13356 12884 "GET /admin/jsi18n/ HTTP/1.1" 200 3342
INFO 2025-11-13 11:37:17,083 basehttp 13356 12884 "GET /admin/notes/flashcard/2/change/ HTTP/1.1" 200 78689
INFO 2025-11-13 11:37:17,104 basehttp 13356 12884 "GET /admin/jsi18n/ HTTP/1.1" 200 3342
INFO 2025-11-13 11:37:19,839 basehttp 13356 12884 "GET /admin/notes/flashcard/ HTTP/1.1" 200 73140
INFO 2025-11-13 11:37:20,731 basehttp 13356 12884 "GET /admin/notes/flashcard/1/change/ HTTP/1.1" 200 78689
INFO 2025-11-13 11:37:20,752 basehttp 13356 12884 "GET /admin/jsi18n/ HTTP/1.1" 200 3342
INFO 2025-11-13 11:37:24,747 basehttp 13356 12884 "GET /admin/notes/flashcard/1/delete/ HTTP/1.1" 200 72490
INFO 2025-11-13 11:37:24,782 basehttp 13356 12884 "GET /static/admin/js/cancel.js HTTP/1.1" 200 884
INFO 2025-11-13 11:37:26,126 basehttp 13356 12884 "POST /admin/notes/flashcard/1/delete/ HTTP/1.1" 302 0
INFO 2025-11-13 11:37:26,163 basehttp 13356 12884 "GET /admin/notes/flashcard/ HTTP/1.1" 200 73012
INFO 2025-11-13 11:37:26,187 basehttp 13356 12884 "GET /admin/jsi18n/ HTTP/1.1" 200 3342
INFO 2025-11-13 11:37:27,844 basehttp 13356 12884 "GET /admin/notes/flashcard/add/ HTTP/1.1" 200 78103
INFO 2025-11-13 11:37:27,863 basehttp 13356 12884 "GET /admin/jsi18n/ HTTP/1.1" 200 3342
INFO 2025-11-13 11:37:37,368 basehttp 13356 12884 "POST /admin/notes/flashcard/add/ HTTP/1.1" 302 0
INFO 2025-11-13 11:37:37,406 basehttp 13356 12884 "GET /admin/notes/flashcard/ HTTP/1.1" 200 73365
INFO 2025-11-13 11:37:37,430 basehttp 13356 12884 "GET /admin/jsi18n/ HTTP/1.1" 200 3342
INFO 2025-11-13 11:37:49,849 basehttp 13356 12884 "GET /api/v1/notes/ HTTP/1.1" 200 529
INFO 2025-11-13 11:38:02,675 basehttp 13356 12884 "GET /api/v1/notes/flashcards/ HTTP/1.1" 200 1780
INFO 2025-11-13 11:52:11,237 basehttp 13356 1184 "GET /api/v1/notes/flashcards/ HTTP/1.1" 200 1780
INFO 2025-11-13 11:52:16,206 autoreload 13356 11452 X:\edvoyage-backup-cursor\backend\edvoayge\edvoayge\settings.py changed, reloading.
INFO 2025-11-13 11:52:17,177 autoreload 4216 11964 Watching for file changes with StatReloader
INFO 2025-11-13 11:52:19,183 basehttp 4216 5292 "GET /api/v1/notes/flashcards/ HTTP/1.1" 200 1780
INFO 2025-11-13 11:54:13,571 basehttp 4216 15904 "GET /api/v1/notes/flashcards/ HTTP/1.1" 200 1780
INFO 2025-11-13 11:54:33,082 basehttp 4216 15904 "GET /admin/notes/flashcard/3/change/ HTTP/1.1" 200 78671
INFO 2025-11-13 11:54:33,109 basehttp 4216 15904 "GET /admin/jsi18n/ HTTP/1.1" 200 3342
INFO 2025-11-13 11:55:13,251 autoreload 4216 11964 X:\edvoyage-backup-cursor\backend\edvoayge\notes\serializers.py changed, reloading.
INFO 2025-11-13 11:55:14,224 autoreload 14156 3240 Watching for file changes with StatReloader
INFO 2025-11-13 11:55:19,210 autoreload 14156 3240 X:\edvoyage-backup-cursor\backend\edvoayge\notes\serializers.py changed, reloading.
INFO 2025-11-13 11:55:20,129 autoreload 12088 9080 Watching for file changes with StatReloader
INFO 2025-11-13 11:55:32,164 basehttp 12088 14896 "GET /api/v1/notes/flashcards/ HTTP/1.1" 200 1812
INFO 2025-11-13 11:55:42,182 autoreload 12088 9080 X:\edvoyage-backup-cursor\backend\edvoayge\notes\serializers.py changed, reloading.
INFO 2025-11-13 11:55:43,251 autoreload 9332 5148 Watching for file changes with StatReloader
ERROR 2025-11-13 11:55:44,171 log 9332 14812 Internal Server Error: /api/v1/notes/flashcards/
Traceback (most recent call last):
  File "C:\Users\bobby\AppData\Local\Programs\Python\Python312\Lib\site-packages\django\core\handlers\exception.py", line 55, in inner
    response = get_response(request)
               ^^^^^^^^^^^^^^^^^^^^^
  File "C:\Users\bobby\AppData\Local\Programs\Python\Python312\Lib\site-packages\django\core\handlers\base.py", line 197, in _get_response
    response = wrapped_callback(request, *callback_args, **callback_kwargs)
               ^^^^^^^^^^^^^^^^^^^^^^^^^^^^^^^^^^^^^^^^^^^^^^^^^^^^^^^^^^^^
  File "C:\Users\bobby\AppData\Local\Programs\Python\Python312\Lib\site-packages\django\views\decorators\csrf.py", line 65, in _view_wrapper
    return view_func(request, *args, **kwargs)
           ^^^^^^^^^^^^^^^^^^^^^^^^^^^^^^^^^^^
  File "C:\Users\bobby\AppData\Local\Programs\Python\Python312\Lib\site-packages\rest_framework\viewsets.py", line 125, in view
    return self.dispatch(request, *args, **kwargs)
           ^^^^^^^^^^^^^^^^^^^^^^^^^^^^^^^^^^^^^^^
  File "C:\Users\bobby\AppData\Local\Programs\Python\Python312\Lib\site-packages\rest_framework\views.py", line 515, in dispatch
    response = self.handle_exception(exc)
               ^^^^^^^^^^^^^^^^^^^^^^^^^^
  File "C:\Users\bobby\AppData\Local\Programs\Python\Python312\Lib\site-packages\rest_framework\views.py", line 475, in handle_exception
    self.raise_uncaught_exception(exc)
  File "C:\Users\bobby\AppData\Local\Programs\Python\Python312\Lib\site-packages\rest_framework\views.py", line 486, in raise_uncaught_exception
    raise exc
  File "C:\Users\bobby\AppData\Local\Programs\Python\Python312\Lib\site-packages\rest_framework\views.py", line 512, in dispatch
    response = handler(request, *args, **kwargs)
               ^^^^^^^^^^^^^^^^^^^^^^^^^^^^^^^^^
  File "C:\Users\bobby\AppData\Local\Programs\Python\Python312\Lib\site-packages\rest_framework\mixins.py", line 43, in list
    return self.get_paginated_response(serializer.data)
                                       ^^^^^^^^^^^^^^^
  File "C:\Users\bobby\AppData\Local\Programs\Python\Python312\Lib\site-packages\rest_framework\serializers.py", line 797, in data
    ret = super().data
          ^^^^^^^^^^^^
  File "C:\Users\bobby\AppData\Local\Programs\Python\Python312\Lib\site-packages\rest_framework\serializers.py", line 251, in data
    self._data = self.to_representation(self.instance)
                 ^^^^^^^^^^^^^^^^^^^^^^^^^^^^^^^^^^^^^
  File "C:\Users\bobby\AppData\Local\Programs\Python\Python312\Lib\site-packages\rest_framework\serializers.py", line 716, in to_representation
    self.child.to_representation(item) for item in iterable
    ^^^^^^^^^^^^^^^^^^^^^^^^^^^^^^^^^^
  File "C:\Users\bobby\AppData\Local\Programs\Python\Python312\Lib\site-packages\rest_framework\serializers.py", line 525, in to_representation
    for field in fields:
                 ^^^^^^
  File "C:\Users\bobby\AppData\Local\Programs\Python\Python312\Lib\site-packages\rest_framework\serializers.py", line 386, in _readable_fields
    for field in self.fields.values():
                 ^^^^^^^^^^^
  File "C:\Users\bobby\AppData\Local\Programs\Python\Python312\Lib\site-packages\django\utils\functional.py", line 47, in __get__
    res = instance.__dict__[self.name] = self.func(instance)
                                         ^^^^^^^^^^^^^^^^^^^
  File "C:\Users\bobby\AppData\Local\Programs\Python\Python312\Lib\site-packages\rest_framework\serializers.py", line 374, in fields
    for key, value in self.get_fields().items():
                      ^^^^^^^^^^^^^^^^^
  File "C:\Users\bobby\AppData\Local\Programs\Python\Python312\Lib\site-packages\rest_framework\serializers.py", line 1105, in get_fields
    field_class, field_kwargs = self.build_field(
                                ^^^^^^^^^^^^^^^^^
  File "C:\Users\bobby\AppData\Local\Programs\Python\Python312\Lib\site-packages\rest_framework\serializers.py", line 1251, in build_field
    return self.build_unknown_field(field_name, model_class)
           ^^^^^^^^^^^^^^^^^^^^^^^^^^^^^^^^^^^^^^^^^^^^^^^^^
  File "C:\Users\bobby\AppData\Local\Programs\Python\Python312\Lib\site-packages\rest_framework\serializers.py", line 1369, in build_unknown_field
    raise ImproperlyConfigured(
django.core.exceptions.ImproperlyConfigured: Field name `sub_subject_name` is not valid for model `Flashcard` in `notes.serializers.FlashcardSerializer`.
ERROR 2025-11-13 11:55:44,175 basehttp 9332 14812 "GET /api/v1/notes/flashcards/ HTTP/1.1" 500 152436
INFO 2025-11-13 11:55:50,266 autoreload 9332 5148 X:\edvoyage-backup-cursor\backend\edvoayge\notes\serializers.py changed, reloading.
INFO 2025-11-13 11:55:51,224 autoreload 2748 10204 Watching for file changes with StatReloader
INFO 2025-11-13 11:56:41,516 autoreload 2748 10204 X:\edvoyage-backup-cursor\backend\edvoayge\notes\serializers.py changed, reloading.
INFO 2025-11-13 11:56:42,587 autoreload 5488 14324 Watching for file changes with StatReloader
INFO 2025-11-13 11:56:44,407 basehttp 5488 11984 "GET /api/v1/notes/flashcards/ HTTP/1.1" 200 1812
INFO 2025-11-13 18:55:38,035 autoreload 4512 4620 Watching for file changes with StatReloader
INFO 2025-11-13 19:02:55,088 basehttp 4512 12384 "GET /api/v1/notes/flashcards/ HTTP/1.1" 200 1812
INFO 2025-11-13 19:03:48,181 autoreload 4512 4620 X:\edvoyage-backup-cursor\backend\edvoayge\notes\views.py changed, reloading.
INFO 2025-11-13 19:03:49,384 autoreload 10192 3844 Watching for file changes with StatReloader
INFO 2025-11-13 19:03:52,482 basehttp 10192 4528 "GET /api/v1/notes/flashcards/ HTTP/1.1" 200 1812
INFO 2025-11-13 19:05:16,522 basehttp 10192 4528 "GET /api/v1/notes/flashcards/ HTTP/1.1" 200 1812
INFO 2025-11-13 19:05:47,131 autoreload 10192 3844 X:\edvoyage-backup-cursor\backend\edvoayge\edvoayge\settings.py changed, reloading.
INFO 2025-11-13 19:05:48,613 autoreload 3532 13380 Watching for file changes with StatReloader
INFO 2025-11-13 19:05:50,843 basehttp 3532 14256 "GET /api/v1/notes/flashcards/ HTTP/1.1" 200 1812
INFO 2025-11-13 19:07:42,441 basehttp 3532 14256 "GET /api/v1/notes/flashcards/ HTTP/1.1" 200 1812
INFO 2025-11-13 19:16:10,163 basehttp 3532 8340 "GET /api/v1/notes/flashcards/ HTTP/1.1" 200 1812
INFO 2025-11-13 19:23:32,750 basehttp 3532 10140 "GET /api/v1/notes/flashcards/ HTTP/1.1" 200 1812
INFO 2025-11-13 19:23:45,508 autoreload 3532 13380 X:\edvoyage-backup-cursor\backend\edvoayge\edvoayge\settings.py changed, reloading.
INFO 2025-11-13 19:23:46,752 autoreload 2796 13208 Watching for file changes with StatReloader
INFO 2025-11-13 19:23:47,440 basehttp 2796 9148 "GET /api/v1/notes/flashcards/ HTTP/1.1" 200 1812
INFO 2025-11-13 20:09:59,673 autoreload 8552 9836 Watching for file changes with StatReloader
INFO 2025-11-13 20:10:06,656 basehttp 8552 13924 "GET /media/flashcards/c0dba4ff-40b4-4c38-9fb3-401e7f35a337.jpg HTTP/1.1" 200 221606
INFO 2025-11-13 20:10:11,884 basehttp 8552 13924 "GET /media/flashcards/6ac6eaeb-fec1-49ab-808c-e49d0393eec1.jpg HTTP/1.1" 200 218602
INFO 2025-11-13 20:10:14,352 basehttp 8552 13924 "GET /media/flashcards/7768f896-65ec-428c-866d-24bf9911cae6.jpg HTTP/1.1" 200 262289
INFO 2025-11-13 20:10:23,300 basehttp 8552 13924 "GET /media/flashcards/ba909754-2fcd-4d7e-99df-9a0751d8821b.jpg HTTP/1.1" 200 204879
INFO 2025-11-13 20:11:09,763 basehttp 8552 3348 "GET /media/flashcards/c0dba4ff-40b4-4c38-9fb3-401e7f35a337.jpg HTTP/1.1" 200 221606
WARNING 2025-11-13 20:11:09,868 log 8552 3348 Not Found: /favicon.ico
WARNING 2025-11-13 20:11:09,869 basehttp 8552 3348 "GET /favicon.ico HTTP/1.1" 404 2699
INFO 2025-11-13 20:11:15,968 basehttp 8552 3348 "GET /media/flashcards/00fff7cf-5002-4d21-b666-0d405ff6dd36.jpg HTTP/1.1" 200 286350
INFO 2025-11-13 20:20:48,025 basehttp 8552 4252 "GET /media/flashcards/00fff7cf-5002-4d21-b666-0d405ff6dd36.jpg HTTP/1.1" 200 286350
INFO 2025-11-13 21:19:28,584 autoreload 6288 14608 Watching for file changes with StatReloader
WARNING 2025-11-13 21:19:32,388 log 6288 10760 Not Found: /
WARNING 2025-11-13 21:19:32,389 basehttp 6288 10760 "GET / HTTP/1.1" 404 2648
INFO 2025-11-13 21:19:37,834 basehttp 6288 10760 "GET /api/v1/notes/flashcards/ HTTP/1.1" 200 1812
INFO 2025-11-13 21:29:29,858 basehttp 6288 9756 "GET /api/v1/notes/flashcards/ HTTP/1.1" 200 1812
INFO 2025-11-13 21:29:30,026 basehttp 6288 9756 "GET /api/v1/notes/flashcards/ HTTP/1.1" 200 1812
INFO 2025-11-13 21:29:30,923 autoreload 6288 14608 X:\edvoyage-backup-cursor\backend\edvoayge\edvoayge\settings.py changed, reloading.
INFO 2025-11-13 21:29:31,782 autoreload 8732 12804 Watching for file changes with StatReloader
INFO 2025-11-13 21:29:32,901 basehttp 8732 8480 "GET /api/v1/notes/flashcards/ HTTP/1.1" 200 1812
INFO 2025-11-13 21:29:32,963 basehttp 8732 8480 "GET /api/v1/notes/flashcards/ HTTP/1.1" 200 1812
INFO 2025-11-13 21:50:29,023 basehttp 8732 13128 - Broken pipe from ('127.0.0.1', 56488)
INFO 2025-11-13 21:50:31,287 basehttp 8732 13220 "GET /api/v1/notes/flashcards/ HTTP/1.1" 200 1812
INFO 2025-11-13 21:50:31,355 basehttp 8732 13220 "GET /api/v1/notes/flashcards/ HTTP/1.1" 200 1812
INFO 2025-11-13 21:50:33,895 basehttp 8732 13220 "GET /api/v1/notes/flashcards/ HTTP/1.1" 200 1812
INFO 2025-11-13 21:53:59,968 basehttp 8732 13220 - Broken pipe from ('127.0.0.1', 4291)
INFO 2025-11-13 21:54:00,971 basehttp 8732 12992 "GET /api/v1/notes/flashcards/ HTTP/1.1" 200 1812
INFO 2025-11-13 21:54:01,036 basehttp 8732 12992 "GET /api/v1/notes/flashcards/ HTTP/1.1" 200 1812
INFO 2025-11-13 21:54:03,468 basehttp 8732 12992 "GET /api/v1/notes/flashcards/ HTTP/1.1" 200 1812
INFO 2025-11-13 21:54:16,588 basehttp 8732 12992 "GET /api/v1/notes/flashcards/ HTTP/1.1" 200 1812
INFO 2025-11-13 21:58:02,125 basehttp 8732 12992 - Broken pipe from ('127.0.0.1', 54066)
INFO 2025-11-13 21:58:03,148 basehttp 8732 11688 "GET /api/v1/notes/flashcards/ HTTP/1.1" 200 1812
INFO 2025-11-13 21:58:03,219 basehttp 8732 11688 "GET /api/v1/notes/flashcards/ HTTP/1.1" 200 1812
INFO 2025-11-13 21:58:04,553 basehttp 8732 11688 "GET /api/v1/notes/flashcards/ HTTP/1.1" 200 1812
INFO 2025-11-13 21:58:05,189 basehttp 8732 11688 "GET /api/v1/notes/flashcards/ HTTP/1.1" 200 1812
INFO 2025-11-13 21:58:05,928 basehttp 8732 11688 "GET /api/v1/notes/flashcards/ HTTP/1.1" 200 1812
INFO 2025-11-13 21:58:06,046 basehttp 8732 11688 "GET /media/flashcards/00fff7cf-5002-4d21-b666-0d405ff6dd36.jpg HTTP/1.1" 200 286350
INFO 2025-11-13 21:58:09,031 basehttp 8732 11688 "GET /api/v1/notes/flashcards/ HTTP/1.1" 200 1812
INFO 2025-11-13 21:58:23,184 basehttp 8732 13348 "GET /admin/ HTTP/1.1" 200 95714
INFO 2025-11-13 21:58:23,237 basehttp 8732 13348 "GET /static/admin/img/icon-deletelink.svg HTTP/1.1" 200 392
INFO 2025-11-13 21:58:25,941 basehttp 8732 13348 "GET /admin/notes/flashcard/ HTTP/1.1" 200 73140
INFO 2025-11-13 21:58:25,984 basehttp 8732 13348 "GET /admin/jsi18n/ HTTP/1.1" 200 3342
INFO 2025-11-13 21:58:28,191 basehttp 8732 13348 "GET /admin/notes/flashcard/3/change/ HTTP/1.1" 200 78671
INFO 2025-11-13 21:58:28,211 basehttp 8732 13348 "GET /admin/jsi18n/ HTTP/1.1" 200 3342
INFO 2025-11-13 21:58:34,074 basehttp 8732 13348 "POST /admin/notes/flashcard/3/change/ HTTP/1.1" 302 0
INFO 2025-11-13 21:58:34,103 basehttp 8732 13348 "GET /admin/notes/flashcard/ HTTP/1.1" 200 73367
INFO 2025-11-13 21:58:34,124 basehttp 8732 13348 "GET /admin/jsi18n/ HTTP/1.1" 200 3342
INFO 2025-11-13 21:58:37,331 basehttp 8732 13348 "GET /api/v1/notes/flashcards/ HTTP/1.1" 200 1813
INFO 2025-11-13 21:58:41,734 basehttp 8732 11688 "GET /api/v1/notes/flashcards/ HTTP/1.1" 200 1813
INFO 2025-11-13 21:58:41,792 basehttp 8732 11688 "GET /api/v1/notes/flashcards/ HTTP/1.1" 200 1813
INFO 2025-11-13 21:58:42,980 basehttp 8732 11688 "GET /api/v1/notes/flashcards/ HTTP/1.1" 200 1813
INFO 2025-11-13 21:58:43,833 basehttp 8732 11688 "GET /api/v1/notes/flashcards/ HTTP/1.1" 200 1813
INFO 2025-11-13 21:58:45,214 basehttp 8732 11688 "GET /api/v1/notes/flashcards/ HTTP/1.1" 200 1813
INFO 2025-11-13 21:58:47,039 basehttp 8732 11688 "GET /api/v1/notes/flashcards/ HTTP/1.1" 200 1813
INFO 2025-11-13 21:58:47,098 basehttp 8732 11688 "GET /media/flashcards/c0dba4ff-40b4-4c38-9fb3-401e7f35a337.jpg HTTP/1.1" 200 221606
INFO 2025-11-14 17:02:59,047 autoreload 17568 3764 Watching for file changes with StatReloader
INFO 2025-11-14 17:05:02,820 autoreload 17568 3764 X:\edvoyage-backup-cursor\backend\edvoayge\edvoayge\settings.py changed, reloading.
INFO 2025-11-14 17:05:04,070 autoreload 10336 4024 Watching for file changes with StatReloader
INFO 2025-11-14 17:05:39,390 autoreload 10336 4024 X:\edvoyage-backup-cursor\backend\edvoayge\edvoayge\settings.py changed, reloading.
INFO 2025-11-14 17:05:40,455 autoreload 15348 10648 Watching for file changes with StatReloader
INFO 2025-11-14 17:07:44,833 basehttp 15348 14224 "GET /api/v1/notes/flashcards/ HTTP/1.1" 200 1813
INFO 2025-11-14 17:07:44,982 basehttp 15348 14224 "GET /api/v1/notes/flashcards/ HTTP/1.1" 200 1813
INFO 2025-11-14 17:07:52,356 basehttp 15348 14224 "GET /api/v1/notes/flashcards/ HTTP/1.1" 200 1813
INFO 2025-11-14 17:07:54,190 basehttp 15348 14224 "GET /api/v1/notes/flashcards/ HTTP/1.1" 200 1813
INFO 2025-11-14 17:07:55,382 basehttp 15348 14224 "GET /api/v1/notes/flashcards/ HTTP/1.1" 200 1813
INFO 2025-11-14 17:07:55,565 basehttp 15348 14224 "GET /media/flashcards/00fff7cf-5002-4d21-b666-0d405ff6dd36.jpg HTTP/1.1" 200 286350
INFO 2025-11-14 17:08:23,093 basehttp 15348 14224 "GET /api/v1/notes/flashcards/ HTTP/1.1" 200 1813
INFO 2025-11-14 17:08:24,351 basehttp 15348 14224 "GET /api/v1/notes/flashcards/ HTTP/1.1" 200 1813
INFO 2025-11-14 17:08:33,615 basehttp 15348 14224 "GET /api/v1/notes/flashcards/ HTTP/1.1" 200 1813
INFO 2025-11-14 17:09:12,398 basehttp 15348 14224 "GET /api/v1/notes/flashcards/ HTTP/1.1" 200 1813
INFO 2025-11-14 17:09:13,354 basehttp 15348 14224 "GET /api/v1/notes/flashcards/ HTTP/1.1" 200 1813
INFO 2025-11-14 17:09:15,267 basehttp 15348 14224 "GET /api/v1/notes/flashcards/ HTTP/1.1" 200 1813
INFO 2025-11-14 17:11:22,640 basehttp 15348 16848 "GET /api/v1/notes/flashcards/ HTTP/1.1" 200 1813
INFO 2025-11-14 17:11:22,772 basehttp 15348 16848 "GET /api/v1/notes/flashcards/ HTTP/1.1" 200 1813
INFO 2025-11-14 17:11:24,160 basehttp 15348 16848 "GET /api/v1/notes/flashcards/ HTTP/1.1" 200 1813
INFO 2025-11-14 17:11:24,924 basehttp 15348 16848 "GET /api/v1/notes/flashcards/ HTTP/1.1" 200 1813
INFO 2025-11-14 17:11:25,813 basehttp 15348 16848 "GET /api/v1/notes/flashcards/ HTTP/1.1" 200 1813
INFO 2025-11-14 17:11:29,530 basehttp 15348 18220 "GET /api/v1/notes/flashcards/ HTTP/1.1" 200 1813
INFO 2025-11-14 17:11:30,292 basehttp 15348 18220 "GET /api/v1/notes/flashcards/ HTTP/1.1" 200 1813
INFO 2025-11-14 17:11:30,364 basehttp 15348 18220 "GET /media/flashcards/c0dba4ff-40b4-4c38-9fb3-401e7f35a337.jpg HTTP/1.1" 200 221606
INFO 2025-11-14 17:11:32,105 basehttp 15348 18220 "GET /media/flashcards/6ac6eaeb-fec1-49ab-808c-e49d0393eec1.jpg HTTP/1.1" 200 218602
INFO 2025-11-14 17:11:32,686 basehttp 15348 18220 "GET /media/flashcards/7768f896-65ec-428c-866d-24bf9911cae6.jpg HTTP/1.1" 200 262289
INFO 2025-11-14 17:11:33,266 basehttp 15348 18220 "GET /media/flashcards/ba909754-2fcd-4d7e-99df-9a0751d8821b.jpg HTTP/1.1" 200 204879
INFO 2025-11-14 17:23:29,283 basehttp 15348 15940 "GET /api/v1/notes/flashcards/ HTTP/1.1" 200 1813
INFO 2025-11-14 17:23:29,561 basehttp 15348 15940 "GET /api/v1/notes/flashcards/ HTTP/1.1" 200 1813
INFO 2025-11-14 17:24:43,056 basehttp 15348 15940 "GET /api/v1/notes/flashcards/ HTTP/1.1" 200 1813
INFO 2025-11-14 17:24:43,141 basehttp 15348 15940 "GET /api/v1/notes/flashcards/ HTTP/1.1" 200 1813
INFO 2025-11-14 17:25:06,445 basehttp 15348 15940 "GET /api/v1/notes/flashcards/ HTTP/1.1" 200 1813
INFO 2025-11-14 17:25:06,530 basehttp 15348 15940 "GET /api/v1/notes/flashcards/ HTTP/1.1" 200 1813
INFO 2025-11-14 17:26:59,375 basehttp 15348 15940 "GET /api/v1/notes/flashcards/ HTTP/1.1" 200 1813
INFO 2025-11-14 17:26:59,640 basehttp 15348 15940 "GET /api/v1/notes/flashcards/ HTTP/1.1" 200 1813
INFO 2025-11-14 17:28:01,886 basehttp 15348 15940 "GET /api/v1/notes/flashcards/ HTTP/1.1" 200 1813
INFO 2025-11-14 17:28:02,022 basehttp 15348 15940 "GET /api/v1/notes/flashcards/ HTTP/1.1" 200 1813
INFO 2025-11-14 17:28:10,874 basehttp 15348 15940 "GET /api/v1/notes/flashcards/ HTTP/1.1" 200 1813
INFO 2025-11-14 17:28:10,987 basehttp 15348 15940 "GET /api/v1/notes/flashcards/ HTTP/1.1" 200 1813
INFO 2025-11-14 17:33:34,165 basehttp 15348 3044 "GET /api/v1/notes/flashcards/ HTTP/1.1" 200 1813
INFO 2025-11-14 17:33:34,406 basehttp 15348 3044 "GET /api/v1/notes/flashcards/ HTTP/1.1" 200 1813
INFO 2025-11-14 17:33:38,361 basehttp 15348 3044 "GET /api/v1/notes/flashcards/ HTTP/1.1" 200 1813
INFO 2025-11-14 17:35:07,042 basehttp 15348 3044 "GET /api/v1/notes/flashcards/ HTTP/1.1" 200 1813
INFO 2025-11-14 17:35:07,153 basehttp 15348 3044 "GET /api/v1/notes/flashcards/ HTTP/1.1" 200 1813
INFO 2025-11-14 17:35:08,193 basehttp 15348 3044 "GET /api/v1/notes/flashcards/ HTTP/1.1" 200 1813
INFO 2025-11-14 17:35:28,333 basehttp 15348 3044 "GET /api/v1/notes/flashcards/ HTTP/1.1" 200 1813
INFO 2025-11-14 17:35:28,410 basehttp 15348 3044 "GET /api/v1/notes/flashcards/ HTTP/1.1" 200 1813
INFO 2025-11-14 17:35:29,274 basehttp 15348 3044 "GET /api/v1/notes/flashcards/ HTTP/1.1" 200 1813
INFO 2025-11-14 17:44:54,152 basehttp 15348 17428 "GET /api/v1/notes/flashcards/ HTTP/1.1" 200 1813
INFO 2025-11-14 17:44:54,411 basehttp 15348 17428 "GET /api/v1/notes/flashcards/ HTTP/1.1" 200 1813
INFO 2025-11-14 17:44:56,289 basehttp 15348 17428 "GET /api/v1/notes/flashcards/ HTTP/1.1" 200 1813
INFO 2025-11-14 17:44:57,057 basehttp 15348 17428 "GET /api/v1/notes/flashcards/ HTTP/1.1" 200 1813
INFO 2025-11-14 17:44:58,101 basehttp 15348 17428 "GET /api/v1/notes/flashcards/ HTTP/1.1" 200 1813
INFO 2025-11-14 17:46:02,237 basehttp 15348 17428 "GET /api/v1/notes/flashcards/ HTTP/1.1" 200 1813
INFO 2025-11-14 17:46:02,388 basehttp 15348 17428 "GET /api/v1/notes/flashcards/ HTTP/1.1" 200 1813
INFO 2025-11-14 17:46:03,636 basehttp 15348 17428 "GET /api/v1/notes/flashcards/ HTTP/1.1" 200 1813
INFO 2025-11-14 17:46:04,205 basehttp 15348 17428 "GET /api/v1/notes/flashcards/ HTTP/1.1" 200 1813
INFO 2025-11-14 17:46:07,984 basehttp 15348 17428 "GET /api/v1/notes/flashcards/ HTTP/1.1" 200 1813
INFO 2025-11-14 21:01:10,609 autoreload 5336 3912 Watching for file changes with StatReloader
INFO 2025-11-14 21:01:44,155 basehttp 5336 3060 "GET /api/v1/notes/flashcards/ HTTP/1.1" 200 1813
INFO 2025-11-14 21:01:44,326 basehttp 5336 3060 "GET /api/v1/notes/flashcards/ HTTP/1.1" 200 1813
INFO 2025-11-14 21:01:51,612 basehttp 5336 3060 "GET /api/v1/notes/flashcards/ HTTP/1.1" 200 1813
INFO 2025-11-14 21:01:53,163 basehttp 5336 3060 "GET /api/v1/notes/flashcards/ HTTP/1.1" 200 1813
INFO 2025-11-14 21:05:19,470 basehttp 5336 11072 "GET /api/v1/notes/flashcards/ HTTP/1.1" 200 1813
INFO 2025-11-14 21:05:19,648 basehttp 5336 11072 "GET /api/v1/notes/flashcards/ HTTP/1.1" 200 1813
INFO 2025-11-14 21:06:30,943 basehttp 5336 11072 "GET /api/v1/notes/flashcards/ HTTP/1.1" 200 1813
INFO 2025-11-14 21:06:31,036 basehttp 5336 11072 "GET /api/v1/notes/flashcards/ HTTP/1.1" 200 1813
INFO 2025-11-14 21:06:55,055 basehttp 5336 11072 "GET /api/v1/notes/flashcards/ HTTP/1.1" 200 1813
INFO 2025-11-14 21:06:55,136 basehttp 5336 11072 "GET /api/v1/notes/flashcards/ HTTP/1.1" 200 1813
INFO 2025-11-14 21:07:00,702 basehttp 5336 11072 "GET /api/v1/notes/flashcards/ HTTP/1.1" 200 1813
INFO 2025-11-14 21:07:00,786 basehttp 5336 11072 "GET /api/v1/notes/flashcards/ HTTP/1.1" 200 1813
INFO 2025-11-14 21:07:17,698 basehttp 5336 11072 "GET /api/v1/notes/flashcards/ HTTP/1.1" 200 1813
INFO 2025-11-14 21:07:17,821 basehttp 5336 11072 "GET /api/v1/notes/flashcards/ HTTP/1.1" 200 1813
INFO 2025-11-14 21:08:24,715 basehttp 5336 11072 "GET /api/v1/notes/flashcards/ HTTP/1.1" 200 1813
INFO 2025-11-14 21:08:24,853 basehttp 5336 11072 "GET /api/v1/notes/flashcards/ HTTP/1.1" 200 1813
INFO 2025-11-14 21:09:09,871 basehttp 5336 11072 "GET /api/v1/notes/flashcards/ HTTP/1.1" 200 1813
INFO 2025-11-14 21:09:09,955 basehttp 5336 11072 "GET /api/v1/notes/flashcards/ HTTP/1.1" 200 1813
INFO 2025-11-14 21:13:09,985 basehttp 5336 11072 "GET /api/v1/notes/flashcards/ HTTP/1.1" 200 1813
INFO 2025-11-14 21:13:10,677 basehttp 5336 11072 "GET /api/v1/notes/flashcards/ HTTP/1.1" 200 1813
INFO 2025-11-14 21:13:53,575 basehttp 5336 11072 "GET /api/v1/notes/flashcards/ HTTP/1.1" 200 1813
INFO 2025-11-14 21:13:53,690 basehttp 5336 11072 "GET /api/v1/notes/flashcards/ HTTP/1.1" 200 1813
INFO 2025-11-14 21:16:52,433 basehttp 5336 11072 "GET /api/v1/notes/flashcards/ HTTP/1.1" 200 1813
INFO 2025-11-14 21:16:52,524 basehttp 5336 11072 "GET /api/v1/notes/flashcards/ HTTP/1.1" 200 1813
INFO 2025-11-14 21:17:14,850 basehttp 5336 11072 "GET /api/v1/notes/flashcards/ HTTP/1.1" 200 1813
INFO 2025-11-14 21:17:14,934 basehttp 5336 11072 "GET /api/v1/notes/flashcards/ HTTP/1.1" 200 1813
INFO 2025-11-14 21:18:22,851 basehttp 5336 11072 "GET /api/v1/notes/flashcards/ HTTP/1.1" 200 1813
INFO 2025-11-14 21:18:22,939 basehttp 5336 11072 "GET /api/v1/notes/flashcards/ HTTP/1.1" 200 1813
INFO 2025-11-14 21:18:34,209 basehttp 5336 11072 "GET /api/v1/notes/flashcards/ HTTP/1.1" 200 1813
INFO 2025-11-14 21:18:34,276 basehttp 5336 11072 "GET /api/v1/notes/flashcards/ HTTP/1.1" 200 1813
INFO 2025-11-14 21:18:59,234 basehttp 5336 11072 "GET /api/v1/notes/flashcards/ HTTP/1.1" 200 1813
INFO 2025-11-14 21:18:59,327 basehttp 5336 11072 "GET /api/v1/notes/flashcards/ HTTP/1.1" 200 1813
INFO 2025-11-14 21:20:03,756 basehttp 5336 11072 "GET /api/v1/notes/flashcards/ HTTP/1.1" 200 1813
INFO 2025-11-14 21:20:03,838 basehttp 5336 11072 "GET /api/v1/notes/flashcards/ HTTP/1.1" 200 1813
INFO 2025-11-14 21:20:45,565 basehttp 5336 11072 "GET /api/v1/notes/flashcards/ HTTP/1.1" 200 1813
INFO 2025-11-14 21:20:45,633 basehttp 5336 11072 "GET /api/v1/notes/flashcards/ HTTP/1.1" 200 1813
INFO 2025-11-14 21:20:53,152 basehttp 5336 11072 "GET /api/v1/notes/flashcards/ HTTP/1.1" 200 1813
INFO 2025-11-14 21:20:53,223 basehttp 5336 11072 "GET /api/v1/notes/flashcards/ HTTP/1.1" 200 1813
INFO 2025-11-14 21:21:03,191 basehttp 5336 11072 "GET /api/v1/notes/flashcards/ HTTP/1.1" 200 1813
INFO 2025-11-14 21:21:03,290 basehttp 5336 11072 "GET /api/v1/notes/flashcards/ HTTP/1.1" 200 1813
INFO 2025-11-14 21:21:08,885 basehttp 5336 11072 "GET /api/v1/notes/flashcards/ HTTP/1.1" 200 1813
INFO 2025-11-14 21:21:08,954 basehttp 5336 11072 "GET /api/v1/notes/flashcards/ HTTP/1.1" 200 1813
INFO 2025-11-14 21:22:41,782 basehttp 5336 11072 "GET /api/v1/notes/flashcards/ HTTP/1.1" 200 1813
INFO 2025-11-14 21:22:41,881 basehttp 5336 11072 "GET /api/v1/notes/flashcards/ HTTP/1.1" 200 1813
INFO 2025-11-14 21:22:53,058 basehttp 5336 11072 "GET /api/v1/notes/flashcards/ HTTP/1.1" 200 1813
INFO 2025-11-14 21:22:53,155 basehttp 5336 11072 "GET /api/v1/notes/flashcards/ HTTP/1.1" 200 1813
INFO 2025-11-14 21:23:14,004 basehttp 5336 11072 "GET /api/v1/notes/flashcards/ HTTP/1.1" 200 1813
INFO 2025-11-14 21:23:14,088 basehttp 5336 11072 "GET /api/v1/notes/flashcards/ HTTP/1.1" 200 1813
INFO 2025-11-14 21:37:57,926 basehttp 5336 9732 "GET /api/v1/notes/flashcards/ HTTP/1.1" 200 1813
INFO 2025-11-14 21:37:58,036 basehttp 5336 9732 "GET /api/v1/notes/flashcards/ HTTP/1.1" 200 1813
INFO 2025-11-14 21:38:01,588 basehttp 5336 9732 "GET /api/v1/notes/flashcards/ HTTP/1.1" 200 1813
INFO 2025-11-14 21:38:02,610 basehttp 5336 9732 "GET /api/v1/notes/flashcards/ HTTP/1.1" 200 1813
INFO 2025-11-14 21:38:03,527 basehttp 5336 9732 "GET /api/v1/notes/flashcards/ HTTP/1.1" 200 1813
INFO 2025-11-14 21:38:03,626 basehttp 5336 9732 "GET /media/flashcards/00fff7cf-5002-4d21-b666-0d405ff6dd36.jpg HTTP/1.1" 200 286350
INFO 2025-11-14 21:38:06,863 basehttp 5336 9732 "GET /media/flashcards/9e4010c5-ab04-43d7-bd7a-440c96581962.jpg HTTP/1.1" 200 268170
INFO 2025-11-14 21:38:37,885 basehttp 5336 9732 "GET /api/v1/notes/flashcards/ HTTP/1.1" 200 1813
INFO 2025-11-14 21:38:38,010 basehttp 5336 9732 "GET /api/v1/notes/flashcards/ HTTP/1.1" 200 1813
INFO 2025-11-14 21:54:06,278 basehttp 5336 18796 "GET /api/v1/notes/flashcards/ HTTP/1.1" 200 1813
INFO 2025-11-14 21:54:06,470 basehttp 5336 18796 "GET /api/v1/notes/flashcards/ HTTP/1.1" 200 1813
INFO 2025-11-14 21:54:11,900 basehttp 5336 18796 "GET /api/v1/notes/flashcards/ HTTP/1.1" 200 1813
INFO 2025-11-14 21:54:16,571 basehttp 5336 18796 "GET /api/v1/notes/flashcards/ HTTP/1.1" 200 1813
INFO 2025-11-14 21:54:22,184 basehttp 5336 18796 "GET /api/v1/notes/flashcards/ HTTP/1.1" 200 1813
INFO 2025-11-14 21:54:22,251 basehttp 5336 18796 "GET /media/flashcards/00fff7cf-5002-4d21-b666-0d405ff6dd36.jpg HTTP/1.1" 200 286350
INFO 2025-11-14 21:54:31,182 basehttp 5336 18796 "GET /api/v1/notes/flashcards/ HTTP/1.1" 200 1813
INFO 2025-11-14 21:54:33,334 basehttp 5336 18796 "GET /media/flashcards/9e4010c5-ab04-43d7-bd7a-440c96581962.jpg HTTP/1.1" 200 268170
INFO 2025-11-14 21:54:34,154 basehttp 5336 18796 "GET /media/flashcards/82a282e3-f114-4191-8689-a9edcd749220.jpg HTTP/1.1" 200 195352
INFO 2025-11-14 21:54:35,003 basehttp 5336 18796 "GET /media/flashcards/14a9e6ac-676e-4bff-a727-a3e54a095968.jpg HTTP/1.1" 200 282847
INFO 2025-11-14 21:54:40,983 basehttp 5336 18796 "GET /api/v1/notes/flashcards/ HTTP/1.1" 200 1813
INFO 2025-11-14 21:54:41,030 basehttp 5336 18796 "GET /media/flashcards/c0dba4ff-40b4-4c38-9fb3-401e7f35a337.jpg HTTP/1.1" 200 221606
INFO 2025-11-14 21:54:43,678 basehttp 5336 18796 "GET /media/flashcards/6ac6eaeb-fec1-49ab-808c-e49d0393eec1.jpg HTTP/1.1" 200 218602
INFO 2025-11-14 21:54:44,634 basehttp 5336 18796 "GET /media/flashcards/7768f896-65ec-428c-866d-24bf9911cae6.jpg HTTP/1.1" 200 262289
INFO 2025-11-14 21:55:28,785 basehttp 5336 18796 "GET /api/v1/notes/flashcards/ HTTP/1.1" 200 1813
INFO 2025-11-14 21:55:29,452 basehttp 5336 18796 "GET /api/v1/notes/flashcards/ HTTP/1.1" 200 1813
INFO 2025-11-14 21:55:30,093 basehttp 5336 18796 "GET /api/v1/notes/flashcards/ HTTP/1.1" 200 1813
INFO 2025-11-14 21:57:42,356 basehttp 5336 9056 "GET /admin HTTP/1.1" 301 0
INFO 2025-11-14 21:57:42,879 basehttp 5336 16524 "GET /admin/ HTTP/1.1" 302 0
INFO 2025-11-14 21:57:43,068 basehttp 5336 16524 "GET /admin/login/?next=/admin/ HTTP/1.1" 200 4172
INFO 2025-11-14 21:57:43,091 basehttp 5336 13620 "GET /static/admin/css/dark_mode.css HTTP/1.1" 200 2808
INFO 2025-11-14 21:57:43,091 basehttp 5336 16524 "GET /static/admin/css/base.css HTTP/1.1" 200 22120
INFO 2025-11-14 21:57:43,104 basehttp 5336 13620 "GET /static/admin/css/login.css HTTP/1.1" 200 951
INFO 2025-11-14 21:57:43,106 basehttp 5336 16524 "GET /static/admin/css/nav_sidebar.css HTTP/1.1" 200 2810
INFO 2025-11-14 21:57:43,117 basehttp 5336 13620 "GET /static/admin/css/responsive.css HTTP/1.1" 200 16565
INFO 2025-11-14 21:57:43,132 basehttp 5336 16524 "GET /static/admin/js/theme.js HTTP/1.1" 200 1653
INFO 2025-11-14 21:57:43,141 basehttp 5336 13620 "GET /static/admin/js/nav_sidebar.js HTTP/1.1" 200 3063
WARNING 2025-11-14 21:57:43,170 log 5336 13620 Not Found: /favicon.ico
WARNING 2025-11-14 21:57:43,171 basehttp 5336 13620 "GET /favicon.ico HTTP/1.1" 404 2699
INFO 2025-11-14 21:57:46,983 basehttp 5336 13620 "POST /admin/login/?next=/admin/ HTTP/1.1" 302 0
INFO 2025-11-14 21:57:47,097 basehttp 5336 13620 "GET /admin/ HTTP/1.1" 200 96090
INFO 2025-11-14 21:57:47,117 basehttp 5336 13620 "GET /static/admin/css/dashboard.css HTTP/1.1" 200 441
INFO 2025-11-14 21:57:47,133 basehttp 5336 13620 "GET /static/admin/img/icon-addlink.svg HTTP/1.1" 200 331
INFO 2025-11-14 21:57:47,133 basehttp 5336 10212 "GET /static/admin/img/icon-deletelink.svg HTTP/1.1" 200 392
INFO 2025-11-14 21:57:47,134 basehttp 5336 16524 "GET /static/admin/img/icon-changelink.svg HTTP/1.1" 200 380
INFO 2025-11-14 21:57:49,504 basehttp 5336 10212 "GET /admin/notes/flashcard/ HTTP/1.1" 200 73140
INFO 2025-11-14 21:57:49,527 basehttp 5336 10212 "GET /static/admin/css/changelists.css HTTP/1.1" 200 6878
INFO 2025-11-14 21:57:49,529 basehttp 5336 8964 "GET /static/admin/js/jquery.init.js HTTP/1.1" 200 347
INFO 2025-11-14 21:57:49,537 basehttp 5336 428 "GET /static/admin/js/core.js HTTP/1.1" 200 6208
INFO 2025-11-14 21:57:49,540 basehttp 5336 3532 "GET /static/admin/js/admin/RelatedObjectLookups.js HTTP/1.1" 200 9777
INFO 2025-11-14 21:57:49,552 basehttp 5336 16524 "GET /admin/jsi18n/ HTTP/1.1" 200 3342
INFO 2025-11-14 21:57:49,552 basehttp 5336 10212 "GET /static/admin/js/actions.js HTTP/1.1" 200 8076
INFO 2025-11-14 21:57:49,558 basehttp 5336 8964 "GET /static/admin/js/urlify.js HTTP/1.1" 200 7887
INFO 2025-11-14 21:57:49,562 basehttp 5336 428 "GET /static/admin/js/prepopulate.js HTTP/1.1" 200 1531
INFO 2025-11-14 21:57:49,573 basehttp 5336 13620 "GET /static/admin/js/vendor/jquery/jquery.js HTTP/1.1" 200 285314
INFO 2025-11-14 21:57:49,592 basehttp 5336 13620 "GET /static/admin/js/filters.js HTTP/1.1" 200 978
INFO 2025-11-14 21:57:49,661 basehttp 5336 3532 "GET /static/admin/js/vendor/xregexp/xregexp.js HTTP/1.1" 200 325171
INFO 2025-11-14 21:57:49,686 basehttp 5336 3532 "GET /static/admin/img/tooltag-add.svg HTTP/1.1" 200 331
INFO 2025-11-14 21:57:51,254 basehttp 5336 3532 "GET /admin/notes/flashcard/3/change/ HTTP/1.1" 200 78672
INFO 2025-11-14 21:57:51,270 basehttp 5336 13620 "GET /admin/jsi18n/ HTTP/1.1" 200 3342
INFO 2025-11-14 21:57:51,273 basehttp 5336 3532 "GET /static/admin/css/forms.css HTTP/1.1" 200 8525
INFO 2025-11-14 21:57:51,279 basehttp 5336 428 "GET /static/admin/js/prepopulate_init.js HTTP/1.1" 200 586
INFO 2025-11-14 21:57:51,289 basehttp 5336 3532 "GET /static/admin/img/icon-viewlink.svg HTTP/1.1" 200 581
INFO 2025-11-14 21:57:51,289 basehttp 5336 13620 "GET /static/admin/css/widgets.css HTTP/1.1" 200 11991
INFO 2025-11-14 21:57:51,307 basehttp 5336 13620 "GET /static/admin/js/change_form.js HTTP/1.1" 200 606
INFO 2025-11-15 09:22:43,481 autoreload 5320 16964 Watching for file changes with StatReloader
INFO 2025-11-15 09:24:42,142 basehttp 5320 12204 "GET /api/v1/notes/flashcards/ HTTP/1.1" 200 1813
INFO 2025-11-15 09:27:04,290 basehttp 5320 12204 "GET /api/v1/notes/flashcards/ HTTP/1.1" 200 1813
INFO 2025-11-15 09:27:06,780 basehttp 5320 12204 "GET /api/v1/notes/flashcards/ HTTP/1.1" 200 1813
INFO 2025-11-15 09:27:19,202 basehttp 5320 14296 "OPTIONS /api/v1/users/otp/create/ HTTP/1.1" 200 0
INFO 2025-11-15 09:27:25,805 services 5320 14296 OTP email sent successfully to bobbykboseoffice@gmail.com
INFO 2025-11-15 09:27:25,821 basehttp 5320 14296 "POST /api/v1/users/otp/create/ HTTP/1.1" 201 490
INFO 2025-11-15 09:27:32,196 basehttp 5320 15920 "GET /api/v1/universities/universities/stats/ HTTP/1.1" 200 279
INFO 2025-11-15 09:27:32,214 basehttp 5320 15920 "GET /api/v1/courses/courses/stats/ HTTP/1.1" 200 256
WARNING 2025-11-15 09:27:32,214 log 5320 14296 Not Found: /api/v1/auth/home
WARNING 2025-11-15 09:27:32,214 basehttp 5320 14296 "GET /api/v1/auth/home HTTP/1.1" 404 6061
INFO 2025-11-15 09:27:32,224 basehttp 5320 15920 "GET /api/v1/quizzes/questions/?date=2025-11-15 HTTP/1.1" 200 52
WARNING 2025-11-15 09:27:54,494 log 5320 15820 Not Found: /
WARNING 2025-11-15 09:27:54,494 basehttp 5320 15820 "GET / HTTP/1.1" 404 2648
WARNING 2025-11-15 09:27:54,597 log 5320 15820 Not Found: /favicon.ico
WARNING 2025-11-15 09:27:54,597 basehttp 5320 15820 "GET /favicon.ico HTTP/1.1" 404 2699
WARNING 2025-11-15 09:27:57,175 log 5320 15820 Not Found: /sw.js
WARNING 2025-11-15 09:27:57,175 basehttp 5320 15820 "GET /sw.js HTTP/1.1" 404 2681
WARNING 2025-11-15 09:28:01,918 log 5320 15820 Not Found: /api/v1/
WARNING 2025-11-15 09:28:01,918 basehttp 5320 15820 "GET /api/v1/ HTTP/1.1" 404 6034
WARNING 2025-11-15 09:28:04,724 log 5320 15820 Not Found: /sw.js
WARNING 2025-11-15 09:28:04,726 basehttp 5320 15820 "GET /sw.js HTTP/1.1" 404 2681
INFO 2025-11-15 09:28:08,026 basehttp 5320 15820 "GET /admin/ HTTP/1.1" 302 0
INFO 2025-11-15 09:28:08,278 basehttp 5320 15820 "GET /admin/login/?next=/admin/ HTTP/1.1" 200 4172
INFO 2025-11-15 09:28:08,502 basehttp 5320 15452 "GET /static/admin/css/dark_mode.css HTTP/1.1" 200 2808
INFO 2025-11-15 09:28:08,509 basehttp 5320 15820 "GET /static/admin/css/base.css HTTP/1.1" 200 22120
INFO 2025-11-15 09:28:08,516 basehttp 5320 14364 "GET /static/admin/js/theme.js HTTP/1.1" 200 1653
INFO 2025-11-15 09:28:08,518 basehttp 5320 15820 "GET /static/admin/css/login.css HTTP/1.1" 200 951
INFO 2025-11-15 09:28:08,518 basehttp 5320 15452 "GET /static/admin/css/nav_sidebar.css HTTP/1.1" 200 2810
INFO 2025-11-15 09:28:08,535 basehttp 5320 14364 "GET /static/admin/css/responsive.css HTTP/1.1" 200 16565
INFO 2025-11-15 09:28:08,543 basehttp 5320 15452 "GET /static/admin/js/nav_sidebar.js HTTP/1.1" 200 3063
WARNING 2025-11-15 09:28:10,115 log 5320 15452 Not Found: /sw.js
WARNING 2025-11-15 09:28:10,117 basehttp 5320 15452 "GET /sw.js HTTP/1.1" 404 2681
INFO 2025-11-15 09:28:11,004 basehttp 5320 15452 "POST /admin/login/?next=/admin/ HTTP/1.1" 302 0
INFO 2025-11-15 09:28:11,124 basehttp 5320 15452 "GET /admin/ HTTP/1.1" 200 96090
INFO 2025-11-15 09:28:11,159 basehttp 5320 15452 "GET /static/admin/css/dashboard.css HTTP/1.1" 200 441
INFO 2025-11-15 09:28:11,182 basehttp 5320 15452 "GET /static/admin/img/icon-addlink.svg HTTP/1.1" 200 331
INFO 2025-11-15 09:28:11,183 basehttp 5320 14364 "GET /static/admin/img/icon-changelink.svg HTTP/1.1" 200 380
INFO 2025-11-15 09:28:11,183 basehttp 5320 15820 "GET /static/admin/img/icon-deletelink.svg HTTP/1.1" 200 392
WARNING 2025-11-15 09:28:12,772 log 5320 15452 Not Found: /sw.js
WARNING 2025-11-15 09:28:12,774 basehttp 5320 15452 "GET /sw.js HTTP/1.1" 404 2681
INFO 2025-11-15 09:28:33,561 basehttp 5320 15452 "GET /admin/universities/university/ HTTP/1.1" 200 71542
INFO 2025-11-15 09:28:33,596 basehttp 5320 15452 "GET /static/admin/css/changelists.css HTTP/1.1" 200 6878
INFO 2025-11-15 09:28:33,603 basehttp 5320 11980 "GET /static/admin/js/jquery.init.js HTTP/1.1" 200 347
INFO 2025-11-15 09:28:33,610 basehttp 5320 13300 "GET /static/admin/js/core.js HTTP/1.1" 200 6208
INFO 2025-11-15 09:28:33,610 basehttp 5320 16772 "GET /static/admin/js/admin/RelatedObjectLookups.js HTTP/1.1" 200 9777
INFO 2025-11-15 09:28:33,623 basehttp 5320 15452 "GET /static/admin/js/actions.js HTTP/1.1" 200 8076
INFO 2025-11-15 09:28:33,634 basehttp 5320 11980 "GET /static/admin/js/urlify.js HTTP/1.1" 200 7887
INFO 2025-11-15 09:28:33,634 basehttp 5320 14364 "GET /admin/jsi18n/ HTTP/1.1" 200 3342
INFO 2025-11-15 09:28:33,642 basehttp 5320 13300 "GET /static/admin/js/prepopulate.js HTTP/1.1" 200 1531
INFO 2025-11-15 09:28:33,648 basehttp 5320 15820 "GET /static/admin/js/vendor/jquery/jquery.js HTTP/1.1" 200 285314
INFO 2025-11-15 09:28:33,681 basehttp 5320 15820 "GET /static/admin/js/filters.js HTTP/1.1" 200 978
INFO 2025-11-15 09:28:33,711 basehttp 5320 16772 "GET /static/admin/js/vendor/xregexp/xregexp.js HTTP/1.1" 200 325171
INFO 2025-11-15 09:28:33,745 basehttp 5320 16772 "GET /static/admin/img/tooltag-add.svg HTTP/1.1" 200 331
INFO 2025-11-15 09:28:35,230 basehttp 5320 16772 "GET /admin/universities/university/add/ HTTP/1.1" 200 87526
INFO 2025-11-15 09:28:35,260 basehttp 5320 15820 "GET /admin/jsi18n/ HTTP/1.1" 200 3342
INFO 2025-11-15 09:28:35,268 basehttp 5320 16772 "GET /static/admin/css/forms.css HTTP/1.1" 200 8525
INFO 2025-11-15 09:28:35,268 basehttp 5320 13300 "GET /static/admin/js/prepopulate_init.js HTTP/1.1" 200 586
INFO 2025-11-15 09:28:35,282 basehttp 5320 15820 "GET /static/admin/css/widgets.css HTTP/1.1" 200 11991
WARNING 2025-11-15 09:28:35,291 log 5320 13300 Not Found: /sw.js
INFO 2025-11-15 09:28:35,292 basehttp 5320 16772 "GET /static/admin/js/change_form.js HTTP/1.1" 200 606
WARNING 2025-11-15 09:28:35,292 basehttp 5320 13300 "GET /sw.js HTTP/1.1" 404 2681
WARNING 2025-11-15 09:28:36,863 log 5320 13300 Not Found: /sw.js
WARNING 2025-11-15 09:28:36,863 basehttp 5320 13300 "GET /sw.js HTTP/1.1" 404 2681
INFO 2025-11-15 09:29:38,169 basehttp 5320 16780 "POST /admin/universities/university/add/ HTTP/1.1" 302 0
INFO 2025-11-15 09:29:38,242 basehttp 5320 16780 "GET /admin/universities/university/ HTTP/1.1" 200 73071
INFO 2025-11-15 09:29:38,286 basehttp 5320 16780 "GET /admin/jsi18n/ HTTP/1.1" 200 3342
INFO 2025-11-15 09:29:38,313 basehttp 5320 16780 "GET /static/admin/img/icon-yes.svg HTTP/1.1" 200 436
WARNING 2025-11-15 09:29:39,869 log 5320 16780 Not Found: /sw.js
WARNING 2025-11-15 09:29:39,869 basehttp 5320 16780 "GET /sw.js HTTP/1.1" 404 2681
INFO 2025-11-15 09:29:43,607 basehttp 5320 12204 "GET /api/v1/notes/flashcards/ HTTP/1.1" 200 1813
WARNING 2025-11-15 09:29:44,357 log 5320 15920 Not Found: /api/v1/auth/home
WARNING 2025-11-15 09:29:44,359 basehttp 5320 15920 "GET /api/v1/auth/home HTTP/1.1" 404 6061
INFO 2025-11-15 09:29:44,390 basehttp 5320 14296 "GET /api/v1/universities/universities/stats/ HTTP/1.1" 200 2566
INFO 2025-11-15 09:29:44,390 basehttp 5320 15920 "GET /api/v1/courses/courses/stats/ HTTP/1.1" 200 256
INFO 2025-11-15 09:29:44,400 basehttp 5320 14296 "GET /api/v1/quizzes/questions/?date=2025-11-15 HTTP/1.1" 200 52
INFO 2025-11-15 09:29:46,677 basehttp 5320 14296 "OPTIONS /api/v1/universities/universities/ HTTP/1.1" 200 0
INFO 2025-11-15 09:29:46,697 basehttp 5320 14296 "GET /api/v1/universities/universities/ HTTP/1.1" 200 2404
INFO 2025-11-15 09:29:46,879 basehttp 5320 14296 "GET /media/universities/logos/fast_api.png HTTP/1.1" 200 1091903
INFO 2025-11-15 09:29:50,787 basehttp 5320 14296 "GET /media/universities/banners/college_students_coronavirus_p_1200x768.jpg HTTP/1.1" 200 26924
INFO 2025-11-15 09:29:50,886 basehttp 5320 14296 "GET /api/v1/universities/universities/1/ HTTP/1.1" 200 2437
INFO 2025-11-15 09:29:55,429 basehttp 5320 14296 "GET /api/v1/universities/universities/1/ HTTP/1.1" 200 2437
INFO 2025-11-15 09:29:57,265 basehttp 5320 14296 "GET /api/v1/courses/courses/?university_id=1 HTTP/1.1" 200 52
INFO 2025-11-15 09:29:58,315 basehttp 5320 14296 "GET /api/v1/universities/universities/1/ HTTP/1.1" 200 2437
INFO 2025-11-15 10:02:37,894 autoreload 14500 12724 Watching for file changes with StatReloader
INFO 2025-11-15 10:03:13,962 basehttp 14500 18048 "GET /api/v1/notes/flashcards/ HTTP/1.1" 200 1813
INFO 2025-11-15 10:18:28,936 basehttp 14500 4392 "OPTIONS /api/v1/users/otp/create/ HTTP/1.1" 200 0
INFO 2025-11-15 10:18:35,578 services 14500 4392 OTP email sent successfully to bobbykboseoffice@gmail.com
INFO 2025-11-15 10:18:35,578 basehttp 14500 4392 "POST /api/v1/users/otp/create/ HTTP/1.1" 201 490
WARNING 2025-11-15 10:18:40,855 log 14500 4392 Not Found: /api/v1/auth/home
WARNING 2025-11-15 10:18:40,860 basehttp 14500 4392 "GET /api/v1/auth/home HTTP/1.1" 404 6061
INFO 2025-11-15 10:18:40,877 basehttp 14500 4392 "GET /api/v1/courses/courses/stats/ HTTP/1.1" 200 256
INFO 2025-11-15 10:18:40,893 basehttp 14500 4392 "GET /api/v1/quizzes/questions/?date=2025-11-15 HTTP/1.1" 200 52
INFO 2025-11-15 10:18:40,903 basehttp 14500 9464 "GET /api/v1/universities/universities/stats/ HTTP/1.1" 200 2566
INFO 2025-11-15 10:18:42,586 basehttp 14500 9464 "OPTIONS /api/v1/universities/universities/ HTTP/1.1" 200 0
INFO 2025-11-15 10:18:42,594 basehttp 14500 9464 "GET /api/v1/universities/universities/ HTTP/1.1" 200 2404
INFO 2025-11-15 10:18:42,758 basehttp 14500 9464 "GET /media/universities/logos/fast_api.png HTTP/1.1" 200 1091903
INFO 2025-11-15 10:18:44,078 basehttp 14500 9464 "GET /media/universities/banners/college_students_coronavirus_p_1200x768.jpg HTTP/1.1" 200 26924
INFO 2025-11-15 10:18:44,157 basehttp 14500 9464 "GET /api/v1/universities/universities/1/ HTTP/1.1" 200 2437
INFO 2025-11-15 10:18:45,715 basehttp 14500 9464 "GET /api/v1/universities/universities/1/ HTTP/1.1" 200 2437
INFO 2025-11-15 10:19:24,210 basehttp 14500 9996 "GET /admin/universities/feed/ HTTP/1.1" 200 71498
INFO 2025-11-15 10:19:24,244 basehttp 14500 9996 "GET /admin/jsi18n/ HTTP/1.1" 200 3342
INFO 2025-11-15 10:19:25,226 basehttp 14500 9996 "GET /admin/universities/feed/add/ HTTP/1.1" 200 76014
INFO 2025-11-15 10:19:25,265 basehttp 14500 9996 "GET /admin/jsi18n/ HTTP/1.1" 200 3342
INFO 2025-11-15 10:19:25,274 basehttp 14500 6912 "GET /static/admin/img/icon-viewlink.svg HTTP/1.1" 200 581
WARNING 2025-11-15 10:19:26,836 log 14500 6912 Not Found: /sw.js
WARNING 2025-11-15 10:19:26,836 basehttp 14500 6912 "GET /sw.js HTTP/1.1" 404 2681
INFO 2025-11-15 10:19:51,471 basehttp 14500 6912 "POST /admin/universities/feed/add/ HTTP/1.1" 302 0
INFO 2025-11-15 10:19:51,510 basehttp 14500 6912 "GET /admin/universities/feed/ HTTP/1.1" 200 73036
INFO 2025-11-15 10:19:51,538 basehttp 14500 6912 "GET /admin/jsi18n/ HTTP/1.1" 200 3342
WARNING 2025-11-15 10:19:53,115 log 14500 6912 Not Found: /sw.js
WARNING 2025-11-15 10:19:53,115 basehttp 14500 6912 "GET /sw.js HTTP/1.1" 404 2681
INFO 2025-11-15 10:20:23,259 basehttp 14500 6912 "GET /admin/courses/course/ HTTP/1.1" 200 71492
INFO 2025-11-15 10:20:23,281 basehttp 14500 6912 "GET /admin/jsi18n/ HTTP/1.1" 200 3342
INFO 2025-11-15 10:20:24,505 basehttp 14500 6912 "GET /admin/courses/course/add/ HTTP/1.1" 200 83913
INFO 2025-11-15 10:20:24,529 basehttp 14500 6912 "GET /admin/jsi18n/ HTTP/1.1" 200 3342
WARNING 2025-11-15 10:20:24,858 log 14500 6912 Not Found: /sw.js
WARNING 2025-11-15 10:20:24,858 basehttp 14500 6912 "GET /sw.js HTTP/1.1" 404 2681
WARNING 2025-11-15 10:20:26,092 log 14500 6912 Not Found: /sw.js
WARNING 2025-11-15 10:20:26,092 basehttp 14500 6912 "GET /sw.js HTTP/1.1" 404 2681
INFO 2025-11-15 10:21:02,109 basehttp 14500 6912 "POST /admin/courses/course/add/ HTTP/1.1" 302 0
INFO 2025-11-15 10:21:02,139 basehttp 14500 6912 "GET /admin/courses/course/ HTTP/1.1" 200 73030
INFO 2025-11-15 10:21:02,174 basehttp 14500 6912 "GET /admin/jsi18n/ HTTP/1.1" 200 3342
WARNING 2025-11-15 10:21:03,744 log 14500 6912 Not Found: /sw.js
WARNING 2025-11-15 10:21:03,744 basehttp 14500 6912 "GET /sw.js HTTP/1.1" 404 2681
INFO 2025-11-15 10:21:04,857 basehttp 14500 6912 "GET /admin/courses/course/add/ HTTP/1.1" 200 83913
INFO 2025-11-15 10:21:04,890 basehttp 14500 6912 "GET /admin/jsi18n/ HTTP/1.1" 200 3342
WARNING 2025-11-15 10:21:06,467 log 14500 6912 Not Found: /sw.js
WARNING 2025-11-15 10:21:06,470 basehttp 14500 6912 "GET /sw.js HTTP/1.1" 404 2681
INFO 2025-11-15 10:21:28,813 basehttp 14500 6912 "POST /admin/courses/course/add/ HTTP/1.1" 302 0
INFO 2025-11-15 10:21:28,846 basehttp 14500 6912 "GET /admin/courses/course/ HTTP/1.1" 200 73308
INFO 2025-11-15 10:21:28,879 basehttp 14500 6912 "GET /admin/jsi18n/ HTTP/1.1" 200 3342
WARNING 2025-11-15 10:21:30,442 log 14500 6912 Not Found: /sw.js
WARNING 2025-11-15 10:21:30,442 basehttp 14500 6912 "GET /sw.js HTTP/1.1" 404 2681
INFO 2025-11-15 10:21:37,821 basehttp 14500 10340 "GET /api/v1/notes/flashcards/ HTTP/1.1" 200 1813
WARNING 2025-11-15 10:21:38,545 log 14500 9464 Not Found: /api/v1/auth/home
WARNING 2025-11-15 10:21:38,545 basehttp 14500 9464 "GET /api/v1/auth/home HTTP/1.1" 404 6061
INFO 2025-11-15 10:21:38,569 basehttp 14500 9464 "GET /api/v1/courses/courses/stats/ HTTP/1.1" 200 1135
INFO 2025-11-15 10:21:38,577 basehttp 14500 4392 "GET /api/v1/universities/universities/stats/ HTTP/1.1" 200 3050
INFO 2025-11-15 10:21:38,586 basehttp 14500 9464 "GET /api/v1/quizzes/questions/?date=2025-11-15 HTTP/1.1" 200 52
INFO 2025-11-15 10:21:40,473 basehttp 14500 9464 "GET /api/v1/universities/universities/ HTTP/1.1" 200 2947
INFO 2025-11-15 10:21:42,134 basehttp 14500 9464 "GET /api/v1/universities/universities/1/ HTTP/1.1" 200 2980
INFO 2025-11-15 10:21:43,420 basehttp 14500 9464 "GET /api/v1/universities/universities/1/ HTTP/1.1" 200 2980
INFO 2025-11-15 10:21:47,153 basehttp 14500 9464 "GET /api/v1/courses/courses/?university_id=1 HTTP/1.1" 200 945
INFO 2025-11-15 10:21:50,868 basehttp 14500 9464 "GET /api/v1/universities/universities/1/ HTTP/1.1" 200 2980
INFO 2025-11-15 10:22:42,318 basehttp 14500 6912 "GET /admin/universities/universitygallery/ HTTP/1.1" 200 71594
INFO 2025-11-15 10:22:42,355 basehttp 14500 6912 "GET /admin/jsi18n/ HTTP/1.1" 200 3342
INFO 2025-11-15 10:22:43,798 basehttp 14500 6912 "GET /admin/universities/universitygallery/add/ HTTP/1.1" 200 77138
INFO 2025-11-15 10:22:43,826 basehttp 14500 6912 "GET /admin/jsi18n/ HTTP/1.1" 200 3342
WARNING 2025-11-15 10:22:43,915 log 14500 6912 Not Found: /sw.js
WARNING 2025-11-15 10:22:43,915 basehttp 14500 6912 "GET /sw.js HTTP/1.1" 404 2681
WARNING 2025-11-15 10:22:45,401 log 14500 6912 Not Found: /sw.js
WARNING 2025-11-15 10:22:45,401 basehttp 14500 6912 "GET /sw.js HTTP/1.1" 404 2681
INFO 2025-11-15 10:23:04,376 basehttp 14500 6912 "POST /admin/universities/universitygallery/add/ HTTP/1.1" 302 0
INFO 2025-11-15 10:23:04,410 basehttp 14500 6912 "GET /admin/universities/universitygallery/ HTTP/1.1" 200 73203
INFO 2025-11-15 10:23:04,435 basehttp 14500 6912 "GET /admin/jsi18n/ HTTP/1.1" 200 3342
WARNING 2025-11-15 10:23:06,019 log 14500 6912 Not Found: /sw.js
WARNING 2025-11-15 10:23:06,019 basehttp 14500 6912 "GET /sw.js HTTP/1.1" 404 2681
INFO 2025-11-15 10:23:17,346 basehttp 14500 10340 "GET /api/v1/notes/flashcards/ HTTP/1.1" 200 1813
WARNING 2025-11-15 10:23:18,039 log 14500 9464 Not Found: /api/v1/auth/home
WARNING 2025-11-15 10:23:18,041 basehttp 14500 9464 "GET /api/v1/auth/home HTTP/1.1" 404 6061
INFO 2025-11-15 10:23:18,077 basehttp 14500 4392 "GET /api/v1/universities/universities/stats/ HTTP/1.1" 200 3904
INFO 2025-11-15 10:23:18,077 basehttp 14500 9464 "GET /api/v1/courses/courses/stats/ HTTP/1.1" 200 1135
INFO 2025-11-15 10:23:18,087 basehttp 14500 4392 "GET /api/v1/quizzes/questions/?date=2025-11-15 HTTP/1.1" 200 52
INFO 2025-11-15 10:23:20,299 basehttp 14500 4392 "GET /api/v1/universities/universities/ HTTP/1.1" 200 4053
INFO 2025-11-15 10:23:21,829 basehttp 14500 4392 "GET /api/v1/universities/universities/1/ HTTP/1.1" 200 4086
INFO 2025-11-15 10:23:23,390 basehttp 14500 4392 "GET /api/v1/universities/universities/1/ HTTP/1.1" 200 4086
INFO 2025-11-15 10:23:23,465 basehttp 14500 4392 "GET /media/universities/gallery/fast_api.png HTTP/1.1" 200 1091903
INFO 2025-11-15 10:23:23,475 basehttp 14500 9464 "GET /media/universities/gallery/fast_api_brOIbpt.png HTTP/1.1" 200 1091903
INFO 2025-11-15 10:23:24,341 basehttp 14500 9464 "GET /media/universities/gallery/fast_api_CWjq1Mj.png HTTP/1.1" 200 1091903
INFO 2025-11-15 10:23:24,342 basehttp 14500 4392 "GET /media/universities/gallery/fast_api_RAEmbC9.png HTTP/1.1" 200 1091903
INFO 2025-11-15 10:23:25,191 basehttp 14500 9464 "GET /media/universities/gallery/fast_api_IIsUq09.png HTTP/1.1" 200 1091903
INFO 2025-11-15 10:23:25,192 basehttp 14500 4392 "GET /media/universities/gallery/fast_api_JO2W5Is.png HTTP/1.1" 200 1091903
INFO 2025-11-15 10:23:28,278 basehttp 14500 9464 "OPTIONS /api/v1/bookmarks/add-favourite-university/ HTTP/1.1" 200 0
INFO 2025-11-15 10:23:28,308 basehttp 14500 9464 "POST /api/v1/bookmarks/add-favourite-university/ HTTP/1.1" 201 80
INFO 2025-11-15 10:23:29,645 basehttp 14500 9464 "POST /api/v1/bookmarks/add-favourite-university/ HTTP/1.1" 200 86
INFO 2025-11-15 10:23:30,917 basehttp 14500 9464 "OPTIONS /api/v1/universities/universities/1/ HTTP/1.1" 200 0
INFO 2025-11-15 10:23:30,934 basehttp 14500 9464 "GET /api/v1/universities/universities/1/ HTTP/1.1" 200 4086
INFO 2025-11-15 10:23:37,012 basehttp 14500 9464 "OPTIONS /api/v1/applications/applications/simple-test/ HTTP/1.1" 200 0
INFO 2025-11-15 10:23:37,045 basehttp 14500 9464 "POST /api/v1/applications/applications/simple-test/ HTTP/1.1" 201 130
INFO 2025-11-15 10:25:38,526 basehttp 14500 6912 "GET /admin/universities/university/ HTTP/1.1" 200 72851
INFO 2025-11-15 10:25:38,557 basehttp 14500 6912 "GET /admin/jsi18n/ HTTP/1.1" 200 3342
INFO 2025-11-15 10:25:39,546 basehttp 14500 6912 "GET /admin/universities/university/add/ HTTP/1.1" 200 87526
INFO 2025-11-15 10:25:39,575 basehttp 14500 6912 "GET /admin/jsi18n/ HTTP/1.1" 200 3342
WARNING 2025-11-15 10:25:41,148 log 14500 6912 Not Found: /sw.js
WARNING 2025-11-15 10:25:41,148 basehttp 14500 6912 "GET /sw.js HTTP/1.1" 404 2681
INFO 2025-11-15 10:26:36,881 basehttp 14500 6912 "POST /admin/universities/university/add/ HTTP/1.1" 302 0
INFO 2025-11-15 10:26:36,915 basehttp 14500 6912 "GET /admin/universities/university/ HTTP/1.1" 200 73327
INFO 2025-11-15 10:26:36,947 basehttp 14500 6912 "GET /admin/jsi18n/ HTTP/1.1" 200 3342
WARNING 2025-11-15 10:26:38,554 log 14500 6912 Not Found: /sw.js
WARNING 2025-11-15 10:26:38,554 basehttp 14500 6912 "GET /sw.js HTTP/1.1" 404 2681
INFO 2025-11-15 10:26:46,695 basehttp 14500 10340 "GET /api/v1/notes/flashcards/ HTTP/1.1" 200 1813
WARNING 2025-11-15 10:26:47,322 log 14500 9464 Not Found: /api/v1/auth/home
WARNING 2025-11-15 10:26:47,322 basehttp 14500 9464 "GET /api/v1/auth/home HTTP/1.1" 404 6061
INFO 2025-11-15 10:26:47,359 basehttp 14500 9464 "GET /api/v1/courses/courses/stats/ HTTP/1.1" 200 1135
INFO 2025-11-15 10:26:47,359 basehttp 14500 4392 "GET /api/v1/universities/universities/stats/ HTTP/1.1" 200 6576
INFO 2025-11-15 10:26:47,368 basehttp 14500 9464 "GET /api/v1/quizzes/questions/?date=2025-11-15 HTTP/1.1" 200 52
INFO 2025-11-15 10:26:51,493 basehttp 14500 9464 "GET /api/v1/universities/universities/ HTTP/1.1" 200 6809
INFO 2025-11-15 10:26:51,605 basehttp 14500 9464 "GET /media/universities/logos/fast_api_drIdvgZ.png HTTP/1.1" 200 1091903
INFO 2025-11-15 10:26:51,615 basehttp 14500 4392 "GET /media/universities/logos/fast_api.png HTTP/1.1" 304 0
INFO 2025-11-15 10:26:53,534 basehttp 14500 9464 "GET /media/universities/banners/college_students_coronavirus_p_1200x768_TCgYGoY.jpg HTTP/1.1" 200 26924
INFO 2025-11-15 10:26:53,735 basehttp 14500 9464 "GET /api/v1/universities/universities/2/ HTTP/1.1" 200 2426
INFO 2025-11-15 10:26:55,019 basehttp 14500 9464 "GET /api/v1/universities/universities/2/ HTTP/1.1" 200 2426
INFO 2025-11-15 10:27:06,553 basehttp 14500 6912 "GET /admin/courses/course/ HTTP/1.1" 200 73097
INFO 2025-11-15 10:27:06,584 basehttp 14500 6912 "GET /admin/jsi18n/ HTTP/1.1" 200 3342
WARNING 2025-11-15 10:27:08,156 log 14500 6912 Not Found: /sw.js
WARNING 2025-11-15 10:27:08,156 basehttp 14500 6912 "GET /sw.js HTTP/1.1" 404 2681
INFO 2025-11-15 10:27:09,209 basehttp 14500 6912 "GET /admin/courses/course/add/ HTTP/1.1" 200 83947
INFO 2025-11-15 10:27:09,234 basehttp 14500 6912 "GET /admin/jsi18n/ HTTP/1.1" 200 3342
WARNING 2025-11-15 10:27:10,811 log 14500 6912 Not Found: /sw.js
WARNING 2025-11-15 10:27:10,811 basehttp 14500 6912 "GET /sw.js HTTP/1.1" 404 2681
INFO 2025-11-15 10:27:53,295 basehttp 14500 16864 "POST /admin/courses/course/add/ HTTP/1.1" 200 84850
INFO 2025-11-15 10:27:53,326 basehttp 14500 16864 "GET /admin/jsi18n/ HTTP/1.1" 200 3342
WARNING 2025-11-15 10:27:54,889 log 14500 16864 Not Found: /sw.js
WARNING 2025-11-15 10:27:54,889 basehttp 14500 16864 "GET /sw.js HTTP/1.1" 404 2681
INFO 2025-11-15 10:28:02,017 basehttp 14500 16864 "POST /admin/courses/course/add/ HTTP/1.1" 302 0
INFO 2025-11-15 10:28:02,050 basehttp 14500 16864 "GET /admin/courses/course/ HTTP/1.1" 200 73561
INFO 2025-11-15 10:28:02,083 basehttp 14500 16864 "GET /admin/jsi18n/ HTTP/1.1" 200 3342
WARNING 2025-11-15 10:28:03,649 log 14500 16864 Not Found: /sw.js
WARNING 2025-11-15 10:28:03,651 basehttp 14500 16864 "GET /sw.js HTTP/1.1" 404 2681
INFO 2025-11-15 10:28:06,575 basehttp 14500 10340 "GET /api/v1/notes/flashcards/ HTTP/1.1" 200 1813
WARNING 2025-11-15 10:28:07,219 log 14500 9464 Not Found: /api/v1/auth/home
WARNING 2025-11-15 10:28:07,219 basehttp 14500 9464 "GET /api/v1/auth/home HTTP/1.1" 404 6061
INFO 2025-11-15 10:28:07,251 basehttp 14500 4392 "GET /api/v1/universities/universities/stats/ HTTP/1.1" 200 6576
INFO 2025-11-15 10:28:07,259 basehttp 14500 9464 "GET /api/v1/courses/courses/stats/ HTTP/1.1" 200 1519
INFO 2025-11-15 10:28:07,267 basehttp 14500 4392 "GET /api/v1/quizzes/questions/?date=2025-11-15 HTTP/1.1" 200 52
INFO 2025-11-15 10:28:09,496 basehttp 14500 4392 "GET /api/v1/universities/universities/ HTTP/1.1" 200 6809
INFO 2025-11-15 10:28:09,614 basehttp 14500 4392 "GET /media/universities/logos/fast_api_drIdvgZ.png HTTP/1.1" 304 0
INFO 2025-11-15 10:28:18,316 basehttp 14500 4392 "GET /media/universities/banners/college_students_coronavirus_p_1200x768_TCgYGoY.jpg HTTP/1.1" 304 0
INFO 2025-11-15 10:28:18,408 basehttp 14500 4392 "GET /api/v1/universities/universities/2/ HTTP/1.1" 200 2426
INFO 2025-11-15 10:28:19,960 basehttp 14500 4392 "GET /api/v1/courses/courses/?university_id=2 HTTP/1.1" 200 1329
INFO 2025-11-15 10:28:27,350 basehttp 14500 4392 "GET /media/universities/banners/college_students_coronavirus_p_1200x768.jpg HTTP/1.1" 304 0
INFO 2025-11-15 10:28:27,433 basehttp 14500 4392 "GET /api/v1/universities/universities/1/ HTTP/1.1" 200 4489
INFO 2025-11-15 10:28:29,204 basehttp 14500 4392 "GET /api/v1/courses/courses/?university_id=1 HTTP/1.1" 200 1329
INFO 2025-11-15 10:29:28,452 basehttp 14500 10340 "GET /api/v1/notes/flashcards/ HTTP/1.1" 200 1813
WARNING 2025-11-15 10:29:29,160 log 14500 4392 Not Found: /api/v1/auth/home
WARNING 2025-11-15 10:29:29,160 basehttp 14500 4392 "GET /api/v1/auth/home HTTP/1.1" 404 6061
INFO 2025-11-15 10:29:29,190 basehttp 14500 9464 "GET /api/v1/universities/universities/stats/ HTTP/1.1" 200 6576
INFO 2025-11-15 10:29:29,207 basehttp 14500 4392 "GET /api/v1/courses/courses/stats/ HTTP/1.1" 200 1519
INFO 2025-11-15 10:29:29,209 basehttp 14500 9464 "GET /api/v1/quizzes/questions/?date=2025-11-15 HTTP/1.1" 200 52
INFO 2025-11-15 10:29:30,232 basehttp 14500 9464 "GET /api/v1/universities/universities/ HTTP/1.1" 200 6809
INFO 2025-11-15 10:29:30,345 basehttp 14500 9464 "GET /media/universities/logos/fast_api_drIdvgZ.png HTTP/1.1" 304 0
INFO 2025-11-15 10:29:31,760 basehttp 14500 9464 "GET /media/universities/banners/college_students_coronavirus_p_1200x768_TCgYGoY.jpg HTTP/1.1" 304 0
INFO 2025-11-15 10:29:31,853 basehttp 14500 9464 "GET /api/v1/universities/universities/2/ HTTP/1.1" 200 2426
INFO 2025-11-15 10:29:32,707 basehttp 14500 9464 "GET /api/v1/courses/courses/?university_id=2 HTTP/1.1" 200 1329
INFO 2025-11-15 10:29:47,175 basehttp 14500 10340 "GET /api/v1/notes/flashcards/ HTTP/1.1" 200 1813
WARNING 2025-11-15 10:29:47,838 log 14500 9464 Not Found: /api/v1/auth/home
WARNING 2025-11-15 10:29:47,838 basehttp 14500 9464 "GET /api/v1/auth/home HTTP/1.1" 404 6061
INFO 2025-11-15 10:29:47,843 basehttp 14500 17800 "GET /api/v1/quizzes/questions/?date=2025-11-15 HTTP/1.1" 200 52
INFO 2025-11-15 10:29:47,877 basehttp 14500 4392 "GET /api/v1/universities/universities/stats/ HTTP/1.1" 200 6576
INFO 2025-11-15 10:29:47,877 basehttp 14500 9028 "GET /api/v1/courses/courses/stats/ HTTP/1.1" 200 1519
INFO 2025-11-15 10:29:48,760 basehttp 14500 9028 "GET /api/v1/universities/universities/ HTTP/1.1" 200 6809
INFO 2025-11-15 10:29:48,875 basehttp 14500 9028 "GET /media/universities/logos/fast_api_drIdvgZ.png HTTP/1.1" 304 0
INFO 2025-11-15 10:29:50,152 basehttp 14500 9028 "GET /media/universities/banners/college_students_coronavirus_p_1200x768_TCgYGoY.jpg HTTP/1.1" 304 0
INFO 2025-11-15 10:29:50,247 basehttp 14500 9028 "GET /api/v1/universities/universities/2/ HTTP/1.1" 200 2426
INFO 2025-11-15 10:29:51,262 basehttp 14500 9028 "GET /api/v1/courses/courses/?university_id=2 HTTP/1.1" 200 1329
INFO 2025-11-15 10:30:42,388 basehttp 14500 10340 "GET /api/v1/notes/flashcards/ HTTP/1.1" 200 1813
WARNING 2025-11-15 10:30:43,061 log 14500 9028 Not Found: /api/v1/auth/home
WARNING 2025-11-15 10:30:43,069 basehttp 14500 9028 "GET /api/v1/auth/home HTTP/1.1" 404 6061
INFO 2025-11-15 10:30:43,070 basehttp 14500 9464 "GET /api/v1/quizzes/questions/?date=2025-11-15 HTTP/1.1" 200 52
INFO 2025-11-15 10:30:43,103 basehttp 14500 4392 "GET /api/v1/universities/universities/stats/ HTTP/1.1" 200 6577
INFO 2025-11-15 10:30:43,107 basehttp 14500 17800 "GET /api/v1/courses/courses/stats/ HTTP/1.1" 200 1519
INFO 2025-11-15 10:30:43,985 basehttp 14500 17800 "GET /api/v1/universities/universities/ HTTP/1.1" 200 6810
INFO 2025-11-15 10:30:44,081 basehttp 14500 17800 "GET /media/universities/logos/fast_api_drIdvgZ.png HTTP/1.1" 304 0
INFO 2025-11-15 10:30:45,212 basehttp 14500 17800 "GET /media/universities/banners/college_students_coronavirus_p_1200x768_TCgYGoY.jpg HTTP/1.1" 304 0
INFO 2025-11-15 10:30:45,308 basehttp 14500 17800 "GET /api/v1/universities/universities/2/ HTTP/1.1" 200 2426
INFO 2025-11-15 10:30:46,062 basehttp 14500 17800 "GET /api/v1/courses/courses/?university_id=2 HTTP/1.1" 200 1329
INFO 2025-11-15 11:30:19,278 basehttp 14500 13304 "GET /api/v1/universities/universities/2/ HTTP/1.1" 200 2426
INFO 2025-11-15 11:30:19,763 basehttp 14500 13304 "GET /api/v1/courses/courses/?university_id=2 HTTP/1.1" 200 1329
INFO 2025-11-15 11:35:48,446 basehttp 14500 1772 "GET /api/v1/notes/flashcards/ HTTP/1.1" 200 1813
INFO 2025-11-15 11:35:49,616 basehttp 14500 18040 "GET /api/v1/quizzes/questions/?date=2025-11-15 HTTP/1.1" 200 52
WARNING 2025-11-15 11:35:49,641 log 14500 11768 Not Found: /api/v1/auth/home
WARNING 2025-11-15 11:35:49,648 basehttp 14500 11768 "GET /api/v1/auth/home HTTP/1.1" 404 6061
INFO 2025-11-15 11:35:49,666 basehttp 14500 3084 "GET /api/v1/courses/courses/stats/ HTTP/1.1" 200 1519
INFO 2025-11-15 11:35:49,682 basehttp 14500 17688 "GET /api/v1/universities/universities/stats/ HTTP/1.1" 200 6573
INFO 2025-11-15 11:35:51,962 basehttp 14500 17688 "GET /api/v1/universities/universities/ HTTP/1.1" 200 6806
INFO 2025-11-15 11:35:52,118 basehttp 14500 17688 "GET /media/universities/logos/fast_api_drIdvgZ.png HTTP/1.1" 304 0
INFO 2025-11-15 11:35:52,167 basehttp 14500 17688 "GET /media/universities/logos/fast_api.png HTTP/1.1" 304 0
INFO 2025-11-15 11:35:53,738 basehttp 14500 17688 "GET /media/universities/banners/college_students_coronavirus_p_1200x768_TCgYGoY.jpg HTTP/1.1" 304 0
INFO 2025-11-15 11:35:53,894 basehttp 14500 17688 "GET /api/v1/universities/universities/2/ HTTP/1.1" 200 2426
INFO 2025-11-15 11:35:55,407 basehttp 14500 17688 "GET /api/v1/courses/courses/?university_id=2 HTTP/1.1" 200 1329
INFO 2025-11-15 11:36:23,043 basehttp 14500 1772 "GET /api/v1/notes/flashcards/ HTTP/1.1" 200 1813
WARNING 2025-11-15 11:36:23,790 log 14500 17688 Not Found: /api/v1/auth/home
WARNING 2025-11-15 11:36:23,790 basehttp 14500 17688 "GET /api/v1/auth/home HTTP/1.1" 404 6061
INFO 2025-11-15 11:36:23,797 basehttp 14500 18040 "GET /api/v1/quizzes/questions/?date=2025-11-15 HTTP/1.1" 200 52
INFO 2025-11-15 11:36:23,822 basehttp 14500 11768 "GET /api/v1/courses/courses/stats/ HTTP/1.1" 200 1519
INFO 2025-11-15 11:36:23,839 basehttp 14500 3084 "GET /api/v1/universities/universities/stats/ HTTP/1.1" 200 6573
INFO 2025-11-15 11:36:25,162 basehttp 14500 3084 "GET /api/v1/universities/universities/ HTTP/1.1" 200 6806
INFO 2025-11-15 11:36:26,781 basehttp 14500 3084 "GET /api/v1/universities/universities/2/ HTTP/1.1" 200 2426
INFO 2025-11-15 11:36:28,389 basehttp 14500 3084 "GET /api/v1/courses/courses/?university_id=2 HTTP/1.1" 200 1329
INFO 2025-11-15 11:37:36,599 basehttp 14500 1772 "GET /api/v1/notes/flashcards/ HTTP/1.1" 200 1813
WARNING 2025-11-15 11:37:37,399 log 14500 3084 Not Found: /api/v1/auth/home
WARNING 2025-11-15 11:37:37,407 basehttp 14500 3084 "GET /api/v1/auth/home HTTP/1.1" 404 6061
INFO 2025-11-15 11:37:37,407 basehttp 14500 17688 "GET /api/v1/quizzes/questions/?date=2025-11-15 HTTP/1.1" 200 52
INFO 2025-11-15 11:37:37,440 basehttp 14500 18040 "GET /api/v1/courses/courses/stats/ HTTP/1.1" 200 1519
INFO 2025-11-15 11:37:37,457 basehttp 14500 11768 "GET /api/v1/universities/universities/stats/ HTTP/1.1" 200 6573
INFO 2025-11-15 11:37:39,947 basehttp 14500 11768 "GET /api/v1/universities/universities/ HTTP/1.1" 200 6806
INFO 2025-11-15 11:37:41,550 basehttp 14500 11768 "GET /api/v1/universities/universities/2/ HTTP/1.1" 200 2426
INFO 2025-11-15 11:37:42,986 basehttp 14500 11768 "GET /api/v1/courses/courses/?university_id=2 HTTP/1.1" 200 1329
INFO 2025-11-15 11:41:15,043 autoreload 14500 12724 X:\edvoyage-backup-cursor\backend\edvoayge\universities\models.py changed, reloading.
INFO 2025-11-15 11:41:17,487 autoreload 17436 16816 Watching for file changes with StatReloader
INFO 2025-11-15 11:41:25,380 autoreload 17436 16816 X:\edvoyage-backup-cursor\backend\edvoayge\universities\models.py changed, reloading.
INFO 2025-11-15 11:41:26,729 autoreload 448 10144 Watching for file changes with StatReloader
INFO 2025-11-15 11:41:38,246 autoreload 448 10144 X:\edvoyage-backup-cursor\backend\edvoayge\universities\models.py changed, reloading.
INFO 2025-11-15 11:41:39,535 autoreload 1960 3128 Watching for file changes with StatReloader
INFO 2025-11-15 11:41:58,974 basehttp 1960 16532 "GET /admin/courses/course/ HTTP/1.1" 200 73361
INFO 2025-11-15 11:42:00,102 basehttp 1960 16532 "GET /admin/ HTTP/1.1" 200 96129
WARNING 2025-11-15 11:42:02,064 log 1960 16532 Not Found: /sw.js
WARNING 2025-11-15 11:42:02,064 basehttp 1960 16532 "GET /sw.js HTTP/1.1" 404 2681
INFO 2025-11-15 11:42:02,218 basehttp 1960 16532 "GET /api/v1/notes/ HTTP/1.1" 200 529
WARNING 2025-11-15 11:42:04,177 log 1960 16532 Not Found: /sw.js
WARNING 2025-11-15 11:42:04,177 basehttp 1960 16532 "GET /sw.js HTTP/1.1" 404 2681
WARNING 2025-11-15 11:42:05,049 log 1960 16532 Not Found: /api/v1/
WARNING 2025-11-15 11:42:05,051 basehttp 1960 16532 "GET /api/v1/ HTTP/1.1" 404 6034
WARNING 2025-11-15 11:42:06,615 log 1960 16532 Not Found: /sw.js
WARNING 2025-11-15 11:42:06,615 basehttp 1960 16532 "GET /sw.js HTTP/1.1" 404 2681
INFO 2025-11-15 11:42:17,542 basehttp 1960 16532 "GET /api/v1/courses/ HTTP/1.1" 200 187
WARNING 2025-11-15 11:42:19,579 log 1960 16532 Not Found: /sw.js
WARNING 2025-11-15 11:42:19,579 basehttp 1960 16532 "GET /sw.js HTTP/1.1" 404 2681
INFO 2025-11-15 11:42:28,621 basehttp 1960 16532 "GET /api/v1/courses/courses/ HTTP/1.1" 200 1329
WARNING 2025-11-15 11:42:30,169 log 1960 16532 Not Found: /sw.js
WARNING 2025-11-15 11:42:30,169 basehttp 1960 16532 "GET /sw.js HTTP/1.1" 404 2681
INFO 2025-11-15 11:44:46,440 autoreload 1960 3128 X:\edvoyage-backup-cursor\backend\edvoayge\courses\models.py changed, reloading.
INFO 2025-11-15 11:44:48,129 autoreload 448 4840 Watching for file changes with StatReloader
INFO 2025-11-15 11:46:13,214 autoreload 448 4840 X:\edvoyage-backup-cursor\backend\edvoayge\courses\serializers.py changed, reloading.
INFO 2025-11-15 11:46:14,534 autoreload 5204 1764 Watching for file changes with StatReloader
INFO 2025-11-15 11:46:20,561 autoreload 5204 1764 X:\edvoyage-backup-cursor\backend\edvoayge\courses\serializers.py changed, reloading.
INFO 2025-11-15 11:46:22,092 autoreload 1652 420 Watching for file changes with StatReloader
INFO 2025-11-15 11:46:34,941 basehttp 1652 14484 "GET /api/v1/notes/flashcards/ HTTP/1.1" 200 1813
INFO 2025-11-15 11:46:36,009 basehttp 1652 18068 "GET /api/v1/quizzes/questions/?date=2025-11-15 HTTP/1.1" 200 52
WARNING 2025-11-15 11:46:36,015 log 1652 12984 Not Found: /api/v1/auth/home
WARNING 2025-11-15 11:46:36,016 basehttp 1652 12984 "GET /api/v1/auth/home HTTP/1.1" 404 6061
INFO 2025-11-15 11:46:36,072 basehttp 1652 2856 "GET /api/v1/courses/courses/stats/ HTTP/1.1" 200 1573
INFO 2025-11-15 11:46:36,083 basehttp 1652 4236 "GET /api/v1/universities/universities/stats/ HTTP/1.1" 200 6573
INFO 2025-11-15 11:46:36,920 basehttp 1652 4236 "GET /api/v1/universities/universities/ HTTP/1.1" 200 6806
INFO 2025-11-15 11:46:37,052 basehttp 1652 4236 "GET /media/universities/logos/fast_api_drIdvgZ.png HTTP/1.1" 304 0
INFO 2025-11-15 11:46:40,969 basehttp 1652 1460 "GET /api/v1/courses/courses/ HTTP/1.1" 200 1383
WARNING 2025-11-15 11:46:42,651 log 1652 1460 Not Found: /sw.js
WARNING 2025-11-15 11:46:42,651 basehttp 1652 1460 "GET /sw.js HTTP/1.1" 404 2681
INFO 2025-11-15 11:48:04,904 basehttp 1652 14484 "GET /api/v1/notes/flashcards/ HTTP/1.1" 200 1813
WARNING 2025-11-15 11:48:05,643 log 1652 4236 Not Found: /api/v1/auth/home
WARNING 2025-11-15 11:48:05,651 basehttp 1652 4236 "GET /api/v1/auth/home HTTP/1.1" 404 6061
INFO 2025-11-15 11:48:05,660 basehttp 1652 18068 "GET /api/v1/quizzes/questions/?date=2025-11-15 HTTP/1.1" 200 52
INFO 2025-11-15 11:48:05,693 basehttp 1652 12984 "GET /api/v1/courses/courses/stats/ HTTP/1.1" 200 1573
INFO 2025-11-15 11:48:05,701 basehttp 1652 2856 "GET /api/v1/universities/universities/stats/ HTTP/1.1" 200 6573
INFO 2025-11-15 11:48:06,947 basehttp 1652 2856 "GET /api/v1/universities/universities/ HTTP/1.1" 200 6806
INFO 2025-11-15 11:48:08,369 basehttp 1652 2856 "GET /media/universities/banners/college_students_coronavirus_p_1200x768_TCgYGoY.jpg HTTP/1.1" 304 0
INFO 2025-11-15 11:48:08,506 basehttp 1652 2856 "GET /api/v1/universities/universities/2/ HTTP/1.1" 200 2426
INFO 2025-11-15 11:48:10,127 basehttp 1652 2856 "GET /api/v1/courses/courses/?university_id=2 HTTP/1.1" 200 1383
INFO 2025-11-15 11:50:35,029 basehttp 1652 14484 "GET /api/v1/notes/flashcards/ HTTP/1.1" 200 1813
WARNING 2025-11-15 11:50:35,754 log 1652 2856 Not Found: /api/v1/auth/home
WARNING 2025-11-15 11:50:35,758 basehttp 1652 2856 "GET /api/v1/auth/home HTTP/1.1" 404 6061
INFO 2025-11-15 11:50:35,767 basehttp 1652 4236 "GET /api/v1/quizzes/questions/?date=2025-11-15 HTTP/1.1" 200 52
INFO 2025-11-15 11:50:35,795 basehttp 1652 18068 "GET /api/v1/courses/courses/stats/ HTTP/1.1" 200 1573
INFO 2025-11-15 11:50:35,811 basehttp 1652 12984 "GET /api/v1/universities/universities/stats/ HTTP/1.1" 200 6573
INFO 2025-11-15 11:50:36,845 basehttp 1652 12984 "GET /api/v1/universities/universities/ HTTP/1.1" 200 6806
INFO 2025-11-15 11:50:37,021 basehttp 1652 12984 "GET /media/universities/logos/fast_api.png HTTP/1.1" 304 0
INFO 2025-11-15 11:50:38,634 basehttp 1652 12984 "GET /api/v1/universities/universities/2/ HTTP/1.1" 200 2426
INFO 2025-11-15 11:50:39,810 basehttp 1652 12984 "GET /api/v1/courses/courses/?university_id=2 HTTP/1.1" 200 1383
INFO 2025-11-15 11:51:24,613 basehttp 1652 14484 "GET /api/v1/notes/flashcards/ HTTP/1.1" 200 1813
WARNING 2025-11-15 11:51:25,464 log 1652 12984 Not Found: /api/v1/auth/home
WARNING 2025-11-15 11:51:25,466 basehttp 1652 12984 "GET /api/v1/auth/home HTTP/1.1" 404 6061
INFO 2025-11-15 11:51:25,492 basehttp 1652 2856 "GET /api/v1/quizzes/questions/?date=2025-11-15 HTTP/1.1" 200 52
INFO 2025-11-15 11:51:25,525 basehttp 1652 4236 "GET /api/v1/courses/courses/stats/ HTTP/1.1" 200 1573
INFO 2025-11-15 11:51:25,536 basehttp 1652 18068 "GET /api/v1/universities/universities/stats/ HTTP/1.1" 200 6573
INFO 2025-11-15 11:51:27,756 basehttp 1652 18068 "GET /api/v1/universities/universities/ HTTP/1.1" 200 6806
INFO 2025-11-15 11:51:29,294 basehttp 1652 18068 "GET /api/v1/universities/universities/2/ HTTP/1.1" 200 2426
INFO 2025-11-15 11:51:31,023 basehttp 1652 18068 "GET /api/v1/courses/courses/?university_id=2 HTTP/1.1" 200 1383
INFO 2025-11-15 11:51:53,024 basehttp 1652 14484 "GET /api/v1/notes/flashcards/ HTTP/1.1" 200 1813
WARNING 2025-11-15 11:51:53,798 log 1652 18068 Not Found: /api/v1/auth/home
WARNING 2025-11-15 11:51:53,800 basehttp 1652 18068 "GET /api/v1/auth/home HTTP/1.1" 404 6061
INFO 2025-11-15 11:51:53,816 basehttp 1652 12984 "GET /api/v1/quizzes/questions/?date=2025-11-15 HTTP/1.1" 200 52
INFO 2025-11-15 11:51:53,865 basehttp 1652 4236 "GET /api/v1/universities/universities/stats/ HTTP/1.1" 200 6573
INFO 2025-11-15 11:51:53,865 basehttp 1652 2856 "GET /api/v1/courses/courses/stats/ HTTP/1.1" 200 1573
INFO 2025-11-15 11:51:54,875 basehttp 1652 2856 "GET /api/v1/universities/universities/ HTTP/1.1" 200 6806
INFO 2025-11-15 11:51:56,591 basehttp 1652 2856 "GET /api/v1/universities/universities/2/ HTTP/1.1" 200 2426
INFO 2025-11-15 11:51:57,566 basehttp 1652 2856 "GET /api/v1/courses/courses/?university_id=2 HTTP/1.1" 200 1383
INFO 2025-11-15 11:52:05,688 basehttp 1652 2856 "GET /media/universities/banners/college_students_coronavirus_p_1200x768.jpg HTTP/1.1" 304 0
INFO 2025-11-15 11:52:05,825 basehttp 1652 2856 "GET /api/v1/universities/universities/1/ HTTP/1.1" 200 4486
INFO 2025-11-15 11:52:06,699 basehttp 1652 2856 "GET /api/v1/courses/courses/?university_id=1 HTTP/1.1" 200 1383
INFO 2025-11-15 11:52:10,232 basehttp 1652 2856 "GET /api/v1/universities/universities/1/ HTTP/1.1" 200 4486
INFO 2025-11-15 11:52:10,267 basehttp 1652 2856 "GET /media/universities/gallery/fast_api.png HTTP/1.1" 304 0
INFO 2025-11-15 11:52:10,269 basehttp 1652 2856 "GET /media/universities/gallery/fast_api_brOIbpt.png HTTP/1.1" 304 0
INFO 2025-11-15 11:52:11,117 basehttp 1652 2856 "GET /media/universities/gallery/fast_api_CWjq1Mj.png HTTP/1.1" 304 0
INFO 2025-11-15 11:52:11,125 basehttp 1652 2856 "GET /media/universities/gallery/fast_api_RAEmbC9.png HTTP/1.1" 304 0
INFO 2025-11-15 11:52:11,583 basehttp 1652 2856 "GET /media/universities/gallery/fast_api_JO2W5Is.png HTTP/1.1" 304 0
INFO 2025-11-15 11:52:11,590 basehttp 1652 2856 "GET /media/universities/gallery/fast_api_IIsUq09.png HTTP/1.1" 304 0
INFO 2025-11-15 11:52:16,042 basehttp 1652 2856 "GET /api/v1/universities/universities/1/ HTTP/1.1" 200 4486
INFO 2025-11-15 11:52:17,246 basehttp 1652 2856 "GET /api/v1/universities/universities/1/ HTTP/1.1" 200 4486
INFO 2025-11-15 11:52:20,042 basehttp 1652 2856 "GET /api/v1/universities/universities/2/ HTTP/1.1" 200 2426
INFO 2025-11-15 11:52:20,667 basehttp 1652 2856 "GET /api/v1/universities/universities/2/ HTTP/1.1" 200 2426
INFO 2025-11-15 11:52:30,276 basehttp 1652 2856 "GET /api/v1/universities/universities/2/ HTTP/1.1" 200 2426
INFO 2025-11-15 11:52:30,983 basehttp 1652 2856 "GET /api/v1/universities/universities/2/ HTTP/1.1" 200 2426
INFO 2025-11-15 11:52:32,441 basehttp 1652 2856 "GET /api/v1/courses/courses/?university_id=2 HTTP/1.1" 200 1383
WARNING 2025-11-15 11:56:19,233 log 1652 15876 Not Found: /api/v1/university/following
WARNING 2025-11-15 11:56:19,236 basehttp 1652 15876 "GET /api/v1/university/following HTTP/1.1" 404 6094
WARNING 2025-11-15 11:56:20,803 log 1652 15876 Not Found: /sw.js
WARNING 2025-11-15 11:56:20,803 basehttp 1652 15876 "GET /sw.js HTTP/1.1" 404 2681
WARNING 2025-11-15 11:56:26,584 log 1652 15876 Not Found: /api/v1/university/
WARNING 2025-11-15 11:56:26,587 basehttp 1652 15876 "GET /api/v1/university/ HTTP/1.1" 404 6067
WARNING 2025-11-15 11:56:28,177 log 1652 15876 Not Found: /sw.js
WARNING 2025-11-15 11:56:28,177 basehttp 1652 15876 "GET /sw.js HTTP/1.1" 404 2681
INFO 2025-11-15 11:56:35,746 basehttp 1652 15876 "GET /api/v1/universities/ HTTP/1.1" 200 533
WARNING 2025-11-15 11:56:37,302 log 1652 15876 Not Found: /sw.js
WARNING 2025-11-15 11:56:37,302 basehttp 1652 15876 "GET /sw.js HTTP/1.1" 404 2681
INFO 2025-11-15 11:56:47,162 basehttp 1652 15876 "GET /api/v1/universities/universities/ HTTP/1.1" 200 6806
WARNING 2025-11-15 11:56:48,940 log 1652 15876 Not Found: /sw.js
WARNING 2025-11-15 11:56:48,942 basehttp 1652 15876 "GET /sw.js HTTP/1.1" 404 2681
INFO 2025-11-15 11:57:32,261 basehttp 1652 15876 "GET /api/v1/universities/universities/following HTTP/1.1" 301 0
ERROR 2025-11-15 11:57:32,573 views 1652 10616 Error in university retrieve: 
ERROR 2025-11-15 11:57:32,575 log 1652 10616 Internal Server Error: /api/v1/universities/universities/following/
ERROR 2025-11-15 11:57:32,575 basehttp 1652 10616 "GET /api/v1/universities/universities/following/ HTTP/1.1" 500 57
WARNING 2025-11-15 11:57:34,611 log 1652 10616 Not Found: /sw.js
WARNING 2025-11-15 11:57:34,612 basehttp 1652 10616 "GET /sw.js HTTP/1.1" 404 2681
INFO 2025-11-15 11:58:33,106 basehttp 1652 8860 "GET /api/v1/notes/flashcards/ HTTP/1.1" 200 1813
WARNING 2025-11-15 11:58:34,304 log 1652 2760 Not Found: /api/v1/auth/home
WARNING 2025-11-15 11:58:34,304 basehttp 1652 2760 "GET /api/v1/auth/home HTTP/1.1" 404 6061
INFO 2025-11-15 11:58:34,311 basehttp 1652 16240 "GET /api/v1/quizzes/questions/?date=2025-11-15 HTTP/1.1" 200 52
INFO 2025-11-15 11:58:34,369 basehttp 1652 17724 "GET /api/v1/courses/courses/stats/ HTTP/1.1" 200 1573
INFO 2025-11-15 11:58:34,369 basehttp 1652 9512 "GET /api/v1/universities/universities/stats/ HTTP/1.1" 200 6573
INFO 2025-11-15 11:58:36,046 basehttp 1652 9512 "GET /api/v1/universities/universities/ HTTP/1.1" 200 6806
INFO 2025-11-15 11:58:36,211 basehttp 1652 9512 "GET /media/universities/logos/fast_api_drIdvgZ.png HTTP/1.1" 304 0
INFO 2025-11-15 11:58:37,469 basehttp 1652 9512 "GET /media/universities/banners/college_students_coronavirus_p_1200x768_TCgYGoY.jpg HTTP/1.1" 304 0
INFO 2025-11-15 11:58:37,635 basehttp 1652 9512 "GET /api/v1/universities/universities/2/ HTTP/1.1" 200 2426
INFO 2025-11-15 11:58:38,977 basehttp 1652 9512 "GET /api/v1/courses/courses/?university_id=2 HTTP/1.1" 200 1383
INFO 2025-11-15 11:58:41,766 basehttp 1652 9512 "GET /api/v1/universities/universities/2/ HTTP/1.1" 200 2426
INFO 2025-11-15 11:58:43,232 basehttp 1652 9512 "GET /api/v1/courses/courses/?university_id=2 HTTP/1.1" 200 1383
WARNING 2025-11-15 11:59:24,129 log 1652 3620 Method Not Allowed: /api/v1/bookmarks/add-favourite-course/
WARNING 2025-11-15 11:59:24,129 basehttp 1652 3620 "GET /api/v1/bookmarks/add-favourite-course/ HTTP/1.1" 405 40
WARNING 2025-11-15 11:59:25,689 log 1652 3620 Not Found: /sw.js
WARNING 2025-11-15 11:59:25,689 basehttp 1652 3620 "GET /sw.js HTTP/1.1" 404 2681
INFO 2025-11-15 11:59:48,621 basehttp 1652 8860 "GET /api/v1/notes/flashcards/ HTTP/1.1" 200 1813
WARNING 2025-11-15 11:59:49,454 log 1652 9512 Not Found: /api/v1/auth/home
INFO 2025-11-15 11:59:49,460 basehttp 1652 2760 "GET /api/v1/quizzes/questions/?date=2025-11-15 HTTP/1.1" 200 52
WARNING 2025-11-15 11:59:49,460 basehttp 1652 9512 "GET /api/v1/auth/home HTTP/1.1" 404 6061
INFO 2025-11-15 11:59:49,497 basehttp 1652 17724 "GET /api/v1/universities/universities/stats/ HTTP/1.1" 200 6573
INFO 2025-11-15 11:59:49,513 basehttp 1652 16240 "GET /api/v1/courses/courses/stats/ HTTP/1.1" 200 1573
INFO 2025-11-15 11:59:51,681 basehttp 1652 16240 "GET /api/v1/universities/universities/ HTTP/1.1" 200 6806
INFO 2025-11-15 11:59:53,486 basehttp 1652 16240 "GET /api/v1/universities/universities/2/ HTTP/1.1" 200 2426
INFO 2025-11-15 11:59:54,504 basehttp 1652 16240 "GET /api/v1/courses/courses/?university_id=2 HTTP/1.1" 200 1383
INFO 2025-11-15 11:59:56,038 basehttp 1652 16240 "GET /api/v1/universities/universities/2/ HTTP/1.1" 200 2426
INFO 2025-11-15 11:59:57,365 basehttp 1652 16240 "GET /api/v1/courses/courses/?university_id=2 HTTP/1.1" 200 1383
INFO 2025-11-15 11:59:58,305 basehttp 1652 16240 "OPTIONS /api/v1/bookmarks/add-favourite-course/ HTTP/1.1" 200 0
INFO 2025-11-15 11:59:58,339 basehttp 1652 16240 "POST /api/v1/bookmarks/add-favourite-course/ HTTP/1.1" 201 76
INFO 2025-11-15 12:00:05,932 basehttp 1652 16240 "GET /api/v1/universities/universities/2/ HTTP/1.1" 200 2426
INFO 2025-11-15 12:00:07,080 basehttp 1652 16240 "GET /api/v1/courses/courses/?university_id=2 HTTP/1.1" 200 1383
INFO 2025-11-15 12:00:12,504 basehttp 1652 16240 "POST /api/v1/bookmarks/add-favourite-course/ HTTP/1.1" 200 82
INFO 2025-11-15 12:00:16,196 basehttp 1652 16240 "POST /api/v1/bookmarks/add-favourite-course/ HTTP/1.1" 201 76
INFO 2025-11-15 12:00:19,475 basehttp 1652 16240 "GET /api/v1/universities/universities/2/ HTTP/1.1" 200 2426
INFO 2025-11-15 12:00:20,405 basehttp 1652 16240 "GET /api/v1/universities/universities/2/ HTTP/1.1" 200 2426
INFO 2025-11-15 12:00:21,198 basehttp 1652 16240 "GET /api/v1/courses/courses/?university_id=2 HTTP/1.1" 200 1383
WARNING 2025-11-15 12:01:58,868 log 1652 3620 Not Found: /sw.js
WARNING 2025-11-15 12:01:58,868 basehttp 1652 3620 "GET /sw.js HTTP/1.1" 404 2681
INFO 2025-11-15 12:02:27,257 basehttp 1652 3620 "GET /api/v1/courses/ HTTP/1.1" 200 187
WARNING 2025-11-15 12:02:28,840 log 1652 3620 Not Found: /sw.js
WARNING 2025-11-15 12:02:28,840 basehttp 1652 3620 "GET /sw.js HTTP/1.1" 404 2681
INFO 2025-11-15 12:02:34,967 basehttp 1652 3620 "GET /api/v1/courses/courses/ HTTP/1.1" 200 1383
WARNING 2025-11-15 12:02:36,995 log 1652 3620 Not Found: /sw.js
WARNING 2025-11-15 12:02:36,995 basehttp 1652 3620 "GET /sw.js HTTP/1.1" 404 2681
WARNING 2025-11-15 12:03:41,791 log 1652 3620 Not Found: /api/v1/
WARNING 2025-11-15 12:03:41,791 basehttp 1652 3620 "GET /api/v1/ HTTP/1.1" 404 6034
WARNING 2025-11-15 12:03:44,134 log 1652 3620 Not Found: /sw.js
WARNING 2025-11-15 12:03:44,134 basehttp 1652 3620 "GET /sw.js HTTP/1.1" 404 2681
WARNING 2025-11-15 12:03:47,914 log 1652 3620 Not Found: /api/v1/bookmarks/
WARNING 2025-11-15 12:03:47,914 basehttp 1652 3620 "GET /api/v1/bookmarks/ HTTP/1.1" 404 7360
WARNING 2025-11-15 12:03:50,113 log 1652 3620 Not Found: /sw.js
WARNING 2025-11-15 12:03:50,113 basehttp 1652 3620 "GET /sw.js HTTP/1.1" 404 2681
INFO 2025-11-15 12:03:57,445 basehttp 1652 3620 "GET /api/v1/bookmarks/courses/ HTTP/1.1" 200 565
WARNING 2025-11-15 12:03:59,372 log 1652 3620 Not Found: /sw.js
WARNING 2025-11-15 12:03:59,372 basehttp 1652 3620 "GET /sw.js HTTP/1.1" 404 2681
INFO 2025-11-15 12:40:38,979 basehttp 1652 7560 "GET /api/v1/notes/flashcards/ HTTP/1.1" 200 1813
INFO 2025-11-15 12:40:39,984 basehttp 1652 10652 "GET /api/v1/quizzes/questions/?date=2025-11-15 HTTP/1.1" 200 52
WARNING 2025-11-15 12:40:40,004 log 1652 6340 Not Found: /api/v1/auth/home
WARNING 2025-11-15 12:40:40,004 basehttp 1652 6340 "GET /api/v1/auth/home HTTP/1.1" 404 6061
INFO 2025-11-15 12:40:40,027 basehttp 1652 3444 "GET /api/v1/universities/universities/stats/ HTTP/1.1" 200 6574
INFO 2025-11-15 12:40:40,042 basehttp 1652 10308 "GET /api/v1/courses/courses/stats/ HTTP/1.1" 200 1573
INFO 2025-11-15 12:40:40,812 basehttp 1652 10308 "OPTIONS /api/v1/universities/universities/ HTTP/1.1" 200 0
INFO 2025-11-15 12:40:40,829 basehttp 1652 10308 "GET /api/v1/universities/universities/ HTTP/1.1" 200 6807
INFO 2025-11-15 12:40:40,942 basehttp 1652 10308 "GET /media/universities/logos/fast_api_drIdvgZ.png HTTP/1.1" 304 0
INFO 2025-11-15 12:40:40,968 basehttp 1652 10308 "GET /media/universities/logos/fast_api.png HTTP/1.1" 304 0
INFO 2025-11-15 12:40:42,129 basehttp 1652 10308 "GET /media/universities/banners/college_students_coronavirus_p_1200x768_TCgYGoY.jpg HTTP/1.1" 304 0
INFO 2025-11-15 12:40:42,227 basehttp 1652 10308 "GET /api/v1/universities/universities/2/ HTTP/1.1" 200 2426
INFO 2025-11-15 12:40:43,621 basehttp 1652 10308 "GET /api/v1/bookmarks/courses/ HTTP/1.1" 200 565
INFO 2025-11-15 12:40:43,623 basehttp 1652 3444 "GET /api/v1/courses/courses/?university_id=2 HTTP/1.1" 200 1383
INFO 2025-11-15 12:52:47,405 basehttp 1652 18372 "GET /api/v1/notes/flashcards/ HTTP/1.1" 200 1813
WARNING 2025-11-15 12:52:48,367 log 1652 18044 Not Found: /api/v1/auth/home
WARNING 2025-11-15 12:52:48,369 basehttp 1652 18044 "GET /api/v1/auth/home HTTP/1.1" 404 6061
INFO 2025-11-15 12:52:48,369 basehttp 1652 17980 "GET /api/v1/quizzes/questions/?date=2025-11-15 HTTP/1.1" 200 52
INFO 2025-11-15 12:52:48,395 basehttp 1652 18868 "GET /api/v1/courses/courses/stats/ HTTP/1.1" 200 1573
INFO 2025-11-15 12:52:48,400 basehttp 1652 8948 "GET /api/v1/universities/universities/stats/ HTTP/1.1" 200 6574
INFO 2025-11-15 12:52:50,392 basehttp 1652 8948 "GET /api/v1/universities/universities/ HTTP/1.1" 200 6807
INFO 2025-11-15 12:52:51,802 basehttp 1652 8948 "GET /api/v1/universities/universities/2/ HTTP/1.1" 200 2426
INFO 2025-11-15 12:52:53,057 basehttp 1652 8948 "GET /api/v1/courses/courses/?university_id=2 HTTP/1.1" 200 1383
INFO 2025-11-15 12:52:53,058 basehttp 1652 18868 "GET /api/v1/bookmarks/courses/ HTTP/1.1" 200 565
INFO 2025-11-15 12:59:44,788 basehttp 1652 6340 "GET /api/v1/notes/flashcards/ HTTP/1.1" 200 1813
WARNING 2025-11-15 12:59:45,729 log 1652 19372 Not Found: /api/v1/auth/home
WARNING 2025-11-15 12:59:45,731 basehttp 1652 19372 "GET /api/v1/auth/home HTTP/1.1" 404 6061
INFO 2025-11-15 12:59:45,735 basehttp 1652 18880 "GET /api/v1/quizzes/questions/?date=2025-11-15 HTTP/1.1" 200 52
INFO 2025-11-15 12:59:45,756 basehttp 1652 12008 "GET /api/v1/universities/universities/stats/ HTTP/1.1" 200 6574
INFO 2025-11-15 12:59:45,777 basehttp 1652 17900 "GET /api/v1/courses/courses/stats/ HTTP/1.1" 200 1573
INFO 2025-11-15 12:59:47,934 basehttp 1652 17900 "GET /api/v1/notes/categories/ HTTP/1.1" 200 79
INFO 2025-11-15 12:59:51,159 basehttp 1652 17900 "GET /api/v1/universities/universities/ HTTP/1.1" 200 6807
INFO 2025-11-15 12:59:51,227 basehttp 1652 17900 "GET /media/universities/logos/fast_api_drIdvgZ.png HTTP/1.1" 304 0
INFO 2025-11-15 12:59:51,251 basehttp 1652 17900 "GET /media/universities/logos/fast_api.png HTTP/1.1" 304 0
INFO 2025-11-15 12:59:52,343 basehttp 1652 17900 "GET /media/universities/banners/college_students_coronavirus_p_1200x768_TCgYGoY.jpg HTTP/1.1" 304 0
INFO 2025-11-15 12:59:52,424 basehttp 1652 17900 "GET /api/v1/universities/universities/2/ HTTP/1.1" 200 2426
INFO 2025-11-15 12:59:53,566 basehttp 1652 17900 "GET /api/v1/courses/courses/?university_id=2 HTTP/1.1" 200 1383
INFO 2025-11-15 12:59:53,569 basehttp 1652 12008 "GET /api/v1/bookmarks/courses/ HTTP/1.1" 200 565
INFO 2025-11-15 13:00:00,172 basehttp 1652 12008 "GET /media/universities/banners/college_students_coronavirus_p_1200x768.jpg HTTP/1.1" 304 0
INFO 2025-11-15 13:00:00,240 basehttp 1652 12008 "GET /api/v1/universities/universities/1/ HTTP/1.1" 200 4487
INFO 2025-11-15 13:00:01,443 basehttp 1652 12008 "GET /api/v1/courses/courses/?university_id=1 HTTP/1.1" 200 1383
INFO 2025-11-15 13:00:01,443 basehttp 1652 17900 "GET /api/v1/bookmarks/courses/ HTTP/1.1" 200 565
INFO 2025-11-15 13:00:16,457 basehttp 1652 17900 "GET /api/v1/universities/universities/1/ HTTP/1.1" 200 4487
INFO 2025-11-15 13:00:17,926 basehttp 1652 17900 "GET /api/v1/courses/courses/?university_id=1 HTTP/1.1" 200 1383
INFO 2025-11-15 13:00:17,926 basehttp 1652 12008 "GET /api/v1/bookmarks/courses/ HTTP/1.1" 200 565
INFO 2025-11-15 13:00:20,672 basehttp 1652 12008 "GET /api/v1/universities/universities/2/ HTTP/1.1" 200 2426
INFO 2025-11-15 13:00:21,875 basehttp 1652 17900 "GET /api/v1/bookmarks/courses/ HTTP/1.1" 200 565
INFO 2025-11-15 13:00:21,875 basehttp 1652 12008 "GET /api/v1/courses/courses/?university_id=2 HTTP/1.1" 200 1383
INFO 2025-11-15 13:01:12,076 basehttp 1652 12008 "OPTIONS /api/v1/universities/universities/following/ HTTP/1.1" 200 0
WARNING 2025-11-15 13:01:12,077 log 1652 12008 Method Not Allowed: /api/v1/universities/universities/following/
WARNING 2025-11-15 13:01:12,078 basehttp 1652 12008 "POST /api/v1/universities/universities/following/ HTTP/1.1" 405 41
INFO 2025-11-15 13:03:52,608 basehttp 1652 19000 "GET /api/v1/notes/flashcards/ HTTP/1.1" 200 1813
WARNING 2025-11-15 13:03:53,574 log 1652 16816 Not Found: /api/v1/auth/home
WARNING 2025-11-15 13:03:53,575 basehttp 1652 16816 "GET /api/v1/auth/home HTTP/1.1" 404 6061
INFO 2025-11-15 13:03:53,582 basehttp 1652 15652 "GET /api/v1/quizzes/questions/?date=2025-11-15 HTTP/1.1" 200 52
INFO 2025-11-15 13:03:53,604 basehttp 1652 3824 "GET /api/v1/courses/courses/stats/ HTTP/1.1" 200 1573
INFO 2025-11-15 13:03:53,611 basehttp 1652 8308 "GET /api/v1/universities/universities/stats/ HTTP/1.1" 200 6574
INFO 2025-11-15 13:03:54,993 basehttp 1652 8308 "GET /api/v1/universities/universities/ HTTP/1.1" 200 6807
INFO 2025-11-15 13:03:56,375 basehttp 1652 8308 "GET /api/v1/universities/universities/2/ HTTP/1.1" 200 2426
INFO 2025-11-15 13:03:57,868 basehttp 1652 3824 "GET /api/v1/bookmarks/courses/ HTTP/1.1" 200 565
INFO 2025-11-15 13:03:57,870 basehttp 1652 8308 "GET /api/v1/courses/courses/?university_id=2 HTTP/1.1" 200 1383
INFO 2025-11-15 13:04:01,999 basehttp 1652 8308 "OPTIONS /api/v1/bookmarks/courses/ HTTP/1.1" 200 0
WARNING 2025-11-15 13:04:02,001 log 1652 8308 Bad Request: /api/v1/bookmarks/courses/
WARNING 2025-11-15 13:04:02,002 basehttp 1652 8308 "POST /api/v1/bookmarks/courses/ HTTP/1.1" 400 52
WARNING 2025-11-15 13:04:09,045 log 1652 8308 Bad Request: /api/v1/bookmarks/courses/
WARNING 2025-11-15 13:04:09,045 basehttp 1652 8308 "POST /api/v1/bookmarks/courses/ HTTP/1.1" 400 52
INFO 2025-11-15 13:04:16,159 basehttp 1652 19000 "GET /api/v1/notes/flashcards/ HTTP/1.1" 200 1813
WARNING 2025-11-15 13:04:16,795 log 1652 8308 Not Found: /api/v1/auth/home
WARNING 2025-11-15 13:04:16,796 basehttp 1652 8308 "GET /api/v1/auth/home HTTP/1.1" 404 6061
INFO 2025-11-15 13:04:16,799 basehttp 1652 16816 "GET /api/v1/quizzes/questions/?date=2025-11-15 HTTP/1.1" 200 52
INFO 2025-11-15 13:04:16,823 basehttp 1652 3824 "GET /api/v1/universities/universities/stats/ HTTP/1.1" 200 6574
INFO 2025-11-15 13:04:16,824 basehttp 1652 15652 "GET /api/v1/courses/courses/stats/ HTTP/1.1" 200 1573
INFO 2025-11-15 13:04:18,553 basehttp 1652 15652 "GET /api/v1/universities/universities/ HTTP/1.1" 200 6807
INFO 2025-11-15 13:04:19,940 basehttp 1652 15652 "GET /api/v1/universities/universities/2/ HTTP/1.1" 200 2426
INFO 2025-11-15 13:04:20,822 basehttp 1652 15652 "GET /api/v1/courses/courses/?university_id=2 HTTP/1.1" 200 1383
INFO 2025-11-15 13:04:20,822 basehttp 1652 3824 "GET /api/v1/bookmarks/courses/ HTTP/1.1" 200 565
WARNING 2025-11-15 13:04:22,416 log 1652 3824 Bad Request: /api/v1/bookmarks/courses/
WARNING 2025-11-15 13:04:22,416 basehttp 1652 3824 "POST /api/v1/bookmarks/courses/ HTTP/1.1" 400 59
INFO 2025-11-15 13:04:29,708 basehttp 1652 3824 "GET /api/v1/universities/universities/1/ HTTP/1.1" 200 4487
INFO 2025-11-15 13:04:30,782 basehttp 1652 3824 "GET /api/v1/courses/courses/?university_id=1 HTTP/1.1" 200 1383
INFO 2025-11-15 13:04:30,784 basehttp 1652 15652 "GET /api/v1/bookmarks/courses/ HTTP/1.1" 200 565
INFO 2025-11-15 13:04:31,979 basehttp 1652 15652 "POST /api/v1/bookmarks/add-favourite-course/ HTTP/1.1" 201 76
INFO 2025-11-15 13:04:34,770 basehttp 1652 15652 "GET /api/v1/universities/universities/1/ HTTP/1.1" 200 4487
INFO 2025-11-15 13:04:35,888 basehttp 1652 15652 "GET /api/v1/courses/courses/?university_id=1 HTTP/1.1" 200 1383
INFO 2025-11-15 13:04:35,892 basehttp 1652 3824 "GET /api/v1/bookmarks/courses/ HTTP/1.1" 200 1122
INFO 2025-11-15 13:04:37,390 basehttp 1652 3824 "POST /api/v1/bookmarks/add-favourite-course/ HTTP/1.1" 201 76
INFO 2025-11-15 13:05:16,339 autoreload 1652 420 X:\edvoyage-backup-cursor\backend\edvoayge\bookmarks\views.py changed, reloading.
INFO 2025-11-15 13:05:17,447 autoreload 10740 14484 Watching for file changes with StatReloader
INFO 2025-11-15 13:05:23,673 basehttp 10740 17540 "POST /api/v1/bookmarks/courses/ HTTP/1.1" 201 623
INFO 2025-11-15 13:05:26,329 basehttp 10740 17540 "POST /api/v1/bookmarks/courses/ HTTP/1.1" 201 645
INFO 2025-11-15 13:05:27,692 basehttp 10740 17540 "GET /api/v1/universities/universities/1/ HTTP/1.1" 200 4487
INFO 2025-11-15 13:05:28,366 basehttp 10740 17920 "GET /api/v1/courses/courses/?university_id=1 HTTP/1.1" 200 1383
INFO 2025-11-15 13:05:28,383 basehttp 10740 17540 "GET /api/v1/bookmarks/courses/ HTTP/1.1" 200 1701
INFO 2025-11-15 13:05:35,678 basehttp 10740 17540 "POST /api/v1/bookmarks/courses/ HTTP/1.1" 201 623
INFO 2025-11-15 13:05:37,379 basehttp 10740 17540 "GET /api/v1/universities/universities/1/ HTTP/1.1" 200 4487
INFO 2025-11-15 13:05:40,805 basehttp 10740 17920 "GET /api/v1/courses/courses/?university_id=1 HTTP/1.1" 200 1383
INFO 2025-11-15 13:05:40,816 basehttp 10740 17540 "GET /api/v1/bookmarks/courses/ HTTP/1.1" 200 1701
INFO 2025-11-15 13:06:56,115 autoreload 10740 14484 X:\edvoyage-backup-cursor\backend\edvoayge\bookmarks\views.py changed, reloading.
INFO 2025-11-15 13:06:56,910 autoreload 10412 19344 Watching for file changes with StatReloader
INFO 2025-11-15 13:08:20,515 basehttp 10412 18956 "GET /api/v1/notes/flashcards/ HTTP/1.1" 200 1813
WARNING 2025-11-15 13:08:21,548 log 10412 7196 Not Found: /api/v1/auth/home
WARNING 2025-11-15 13:08:21,551 basehttp 10412 7196 "GET /api/v1/auth/home HTTP/1.1" 404 6061
INFO 2025-11-15 13:08:21,578 basehttp 10412 11240 "GET /api/v1/quizzes/questions/?date=2025-11-15 HTTP/1.1" 200 52
INFO 2025-11-15 13:08:21,585 basehttp 10412 6096 "GET /api/v1/courses/courses/stats/ HTTP/1.1" 200 1573
INFO 2025-11-15 13:08:21,586 basehttp 10412 8724 "GET /api/v1/universities/universities/stats/ HTTP/1.1" 200 6574
INFO 2025-11-15 13:08:22,300 basehttp 10412 8724 "GET /api/v1/universities/universities/ HTTP/1.1" 200 6807
INFO 2025-11-15 13:08:23,508 basehttp 10412 8724 "GET /api/v1/universities/universities/2/ HTTP/1.1" 200 2426
INFO 2025-11-15 13:08:24,545 basehttp 10412 8724 "GET /api/v1/courses/courses/?university_id=2 HTTP/1.1" 200 1383
INFO 2025-11-15 13:08:24,556 basehttp 10412 6096 "GET /api/v1/bookmarks/courses/ HTTP/1.1" 200 1701
INFO 2025-11-15 13:08:35,149 basehttp 10412 6096 "POST /api/v1/bookmarks/courses/ HTTP/1.1" 201 592
INFO 2025-11-15 13:08:46,054 basehttp 10412 6096 "POST /api/v1/bookmarks/add-favourite-course/ HTTP/1.1" 200 82
INFO 2025-11-15 13:09:12,529 basehttp 10412 6096 "GET /api/v1/universities/universities/1/ HTTP/1.1" 200 4487
INFO 2025-11-15 13:09:13,885 basehttp 10412 8724 "GET /api/v1/courses/courses/?university_id=1 HTTP/1.1" 200 1383
INFO 2025-11-15 13:09:13,885 basehttp 10412 6096 "GET /api/v1/bookmarks/courses/ HTTP/1.1" 200 1175
INFO 2025-11-15 13:09:16,206 basehttp 10412 6096 "POST /api/v1/bookmarks/courses/ HTTP/1.1" 201 623
INFO 2025-11-15 13:09:19,624 basehttp 10412 6096 "POST /api/v1/bookmarks/courses/ HTTP/1.1" 201 646
INFO 2025-11-15 13:14:14,280 basehttp 10412 6096 "POST /api/v1/bookmarks/add-favourite-course/ HTTP/1.1" 200 82
INFO 2025-11-15 13:14:19,955 basehttp 10412 17488 "GET /api/v1/notes/flashcards/ HTTP/1.1" 200 1813
WARNING 2025-11-15 13:14:20,601 log 10412 6096 Not Found: /api/v1/auth/home
WARNING 2025-11-15 13:14:20,602 basehttp 10412 6096 "GET /api/v1/auth/home HTTP/1.1" 404 6061
INFO 2025-11-15 13:14:20,629 basehttp 10412 6096 "GET /api/v1/universities/universities/stats/ HTTP/1.1" 200 6574
INFO 2025-11-15 13:14:20,648 basehttp 10412 6096 "GET /api/v1/courses/courses/stats/ HTTP/1.1" 200 1573
INFO 2025-11-15 13:14:20,657 basehttp 10412 6096 "GET /api/v1/quizzes/questions/?date=2025-11-15 HTTP/1.1" 200 52
INFO 2025-11-15 13:14:23,828 basehttp 10412 6096 "GET /api/v1/universities/universities/ HTTP/1.1" 200 6807
INFO 2025-11-15 13:14:26,384 basehttp 10412 6096 "GET /api/v1/universities/universities/1/ HTTP/1.1" 200 4487
INFO 2025-11-15 13:14:27,753 basehttp 10412 6096 "GET /api/v1/bookmarks/courses/ HTTP/1.1" 200 619
INFO 2025-11-15 13:14:27,769 basehttp 10412 17752 "GET /api/v1/courses/courses/?university_id=1 HTTP/1.1" 200 1383
INFO 2025-11-15 13:14:33,376 basehttp 10412 17752 "POST /api/v1/bookmarks/courses/ HTTP/1.1" 201 646
INFO 2025-11-15 13:14:38,446 basehttp 10412 17488 "GET /api/v1/notes/flashcards/ HTTP/1.1" 200 1813
WARNING 2025-11-15 13:14:39,073 log 10412 17752 Not Found: /api/v1/auth/home
WARNING 2025-11-15 13:14:39,077 basehttp 10412 17752 "GET /api/v1/auth/home HTTP/1.1" 404 6061
INFO 2025-11-15 13:14:39,077 basehttp 10412 17364 "GET /api/v1/quizzes/questions/?date=2025-11-15 HTTP/1.1" 200 52
INFO 2025-11-15 13:14:39,104 basehttp 10412 18240 "GET /api/v1/courses/courses/stats/ HTTP/1.1" 200 1573
INFO 2025-11-15 13:14:39,115 basehttp 10412 6096 "GET /api/v1/universities/universities/stats/ HTTP/1.1" 200 6574
INFO 2025-11-15 13:14:40,371 basehttp 10412 6096 "GET /api/v1/universities/universities/ HTTP/1.1" 200 6807
INFO 2025-11-15 13:14:42,058 basehttp 10412 6096 "GET /api/v1/universities/universities/1/ HTTP/1.1" 200 4487
INFO 2025-11-15 13:14:43,187 basehttp 10412 6096 "GET /api/v1/bookmarks/courses/ HTTP/1.1" 200 619
INFO 2025-11-15 13:14:43,187 basehttp 10412 18240 "GET /api/v1/courses/courses/?university_id=1 HTTP/1.1" 200 1383
INFO 2025-11-15 13:14:48,068 basehttp 10412 18240 "POST /api/v1/bookmarks/courses/ HTTP/1.1" 201 646
INFO 2025-11-15 13:18:12,921 basehttp 10412 12892 "GET /admin/bookmarks/favouritecourse/ HTTP/1.1" 200 72901
INFO 2025-11-15 13:18:12,986 basehttp 10412 12892 "GET /admin/jsi18n/ HTTP/1.1" 200 3342
WARNING 2025-11-15 13:18:14,553 log 10412 12892 Not Found: /sw.js
WARNING 2025-11-15 13:18:14,553 basehttp 10412 12892 "GET /sw.js HTTP/1.1" 404 2681
INFO 2025-11-15 13:18:18,787 basehttp 10412 12892 "GET /admin/bookmarks/favouritecourse/12/change/ HTTP/1.1" 200 75433
INFO 2025-11-15 13:18:18,813 basehttp 10412 12892 "GET /admin/jsi18n/ HTTP/1.1" 200 3342
WARNING 2025-11-15 13:18:20,385 log 10412 12892 Not Found: /sw.js
WARNING 2025-11-15 13:18:20,385 basehttp 10412 12892 "GET /sw.js HTTP/1.1" 404 2681
INFO 2025-11-15 13:18:30,912 basehttp 10412 18240 "GET /media/universities/banners/college_students_coronavirus_p_1200x768_TCgYGoY.jpg HTTP/1.1" 304 0
INFO 2025-11-15 13:18:30,983 basehttp 10412 18240 "GET /api/v1/universities/universities/2/ HTTP/1.1" 200 2426
INFO 2025-11-15 13:18:32,166 basehttp 10412 6096 "GET /api/v1/courses/courses/?university_id=2 HTTP/1.1" 200 1383
INFO 2025-11-15 13:18:32,168 basehttp 10412 18240 "GET /api/v1/bookmarks/courses/ HTTP/1.1" 200 619
INFO 2025-11-15 13:27:20,912 basehttp 10412 10840 "GET /api/v1/notes/flashcards/ HTTP/1.1" 200 1813
WARNING 2025-11-15 13:27:21,945 log 10412 11456 Not Found: /api/v1/auth/home
WARNING 2025-11-15 13:27:21,945 basehttp 10412 11456 "GET /api/v1/auth/home HTTP/1.1" 404 6061
INFO 2025-11-15 13:27:21,959 basehttp 10412 11952 "GET /api/v1/quizzes/questions/?date=2025-11-15 HTTP/1.1" 200 52
INFO 2025-11-15 13:27:21,989 basehttp 10412 8088 "GET /api/v1/courses/courses/stats/ HTTP/1.1" 200 1573
INFO 2025-11-15 13:27:21,992 basehttp 10412 12328 "GET /api/v1/universities/universities/stats/ HTTP/1.1" 200 6574
INFO 2025-11-15 13:27:27,795 basehttp 10412 12328 "GET /api/v1/universities/universities/ HTTP/1.1" 200 6807
INFO 2025-11-15 13:27:27,889 basehttp 10412 12328 "GET /media/universities/logos/fast_api_drIdvgZ.png HTTP/1.1" 304 0
INFO 2025-11-15 13:27:27,921 basehttp 10412 12328 "GET /media/universities/logos/fast_api.png HTTP/1.1" 304 0
INFO 2025-11-15 13:27:29,216 basehttp 10412 12328 "GET /api/v1/universities/universities/2/ HTTP/1.1" 200 2426
INFO 2025-11-15 13:27:30,577 basehttp 10412 12328 "GET /api/v1/courses/courses/?university_id=2 HTTP/1.1" 200 1383
INFO 2025-11-15 13:27:30,577 basehttp 10412 8088 "GET /api/v1/bookmarks/courses/ HTTP/1.1" 200 619
INFO 2025-11-15 13:27:34,208 basehttp 10412 8088 "POST /api/v1/bookmarks/add-favourite-course/ HTTP/1.1" 201 76
INFO 2025-11-15 13:27:56,688 basehttp 10412 8088 "POST /api/v1/bookmarks/courses/ HTTP/1.1" 201 593
INFO 2025-11-15 13:28:30,242 autoreload 10412 19344 X:\edvoyage-backup-cursor\backend\edvoayge\bookmarks\views.py changed, reloading.
INFO 2025-11-15 13:28:31,106 autoreload 13080 6288 Watching for file changes with StatReloader
INFO 2025-11-15 13:28:40,277 autoreload 13080 6288 X:\edvoyage-backup-cursor\backend\edvoayge\bookmarks\views.py changed, reloading.
INFO 2025-11-15 13:28:41,046 autoreload 18856 14916 Watching for file changes with StatReloader
INFO 2025-11-15 13:28:48,109 autoreload 18856 14916 X:\edvoyage-backup-cursor\backend\edvoayge\bookmarks\views.py changed, reloading.
INFO 2025-11-15 13:28:48,871 autoreload 16852 14248 Watching for file changes with StatReloader
INFO 2025-11-15 13:28:52,896 autoreload 16852 14248 X:\edvoyage-backup-cursor\backend\edvoayge\bookmarks\views.py changed, reloading.
INFO 2025-11-15 13:28:53,688 autoreload 8596 19172 Watching for file changes with StatReloader
INFO 2025-11-15 13:28:55,413 basehttp 8596 18504 "GET /api/v1/notes/flashcards/ HTTP/1.1" 200 1813
INFO 2025-11-15 13:28:56,374 basehttp 8596 12876 "GET /api/v1/quizzes/questions/?date=2025-11-15 HTTP/1.1" 200 52
WARNING 2025-11-15 13:28:56,375 log 8596 17696 Not Found: /api/v1/auth/home
WARNING 2025-11-15 13:28:56,375 basehttp 8596 17696 "GET /api/v1/auth/home HTTP/1.1" 404 6061
INFO 2025-11-15 13:28:56,411 basehttp 8596 18744 "GET /api/v1/courses/courses/stats/ HTTP/1.1" 200 1573
INFO 2025-11-15 13:28:56,412 basehttp 8596 1804 "GET /api/v1/universities/universities/stats/ HTTP/1.1" 200 6574
INFO 2025-11-15 13:28:57,931 basehttp 8596 1804 "GET /api/v1/universities/universities/ HTTP/1.1" 200 6807
INFO 2025-11-15 13:28:59,027 basehttp 8596 1804 "GET /media/universities/banners/college_students_coronavirus_p_1200x768.jpg HTTP/1.1" 304 0
INFO 2025-11-15 13:28:59,103 basehttp 8596 1804 "GET /api/v1/universities/universities/1/ HTTP/1.1" 200 4487
INFO 2025-11-15 13:29:00,258 basehttp 8596 18744 "GET /api/v1/courses/courses/?university_id=1 HTTP/1.1" 200 1383
INFO 2025-11-15 13:29:00,269 basehttp 8596 1804 "GET /api/v1/bookmarks/courses/ HTTP/1.1" 200 1146
INFO 2025-11-15 13:29:01,401 basehttp 8596 1804 "POST /api/v1/bookmarks/add-favourite-course/ HTTP/1.1" 201 76
WARNING 2025-11-15 13:29:10,773 log 8596 1804 Not Found: /api/v1/bookmarks/courses/
WARNING 2025-11-15 13:29:10,773 basehttp 8596 1804 "POST /api/v1/bookmarks/courses/ HTTP/1.1" 404 82
INFO 2025-11-15 13:38:15,630 basehttp 8596 18780 "GET /api/v1/bookmarks/courses/ HTTP/1.1" 200 1704
WARNING 2025-11-15 13:41:02,876 log 8596 11252 Not Found: /api/v1/bookmarks/courses/
WARNING 2025-11-15 13:41:02,876 basehttp 8596 11252 "POST /api/v1/bookmarks/courses/?Content-Type=application/json HTTP/1.1" 404 82
WARNING 2025-11-15 13:41:19,216 log 8596 11252 Not Found: /api/v1/bookmarks/courses/
WARNING 2025-11-15 13:41:19,216 basehttp 8596 11252 "POST /api/v1/bookmarks/courses/ HTTP/1.1" 404 82
INFO 2025-11-15 13:41:49,021 basehttp 8596 13204 "GET /admin/auth/user/ HTTP/1.1" 200 72759
INFO 2025-11-15 13:41:49,046 basehttp 8596 13204 "GET /admin/jsi18n/ HTTP/1.1" 200 3342
INFO 2025-11-15 13:41:50,259 basehttp 8596 13204 "GET /admin/auth/user/1/change/ HTTP/1.1" 200 123838
INFO 2025-11-15 13:41:50,286 basehttp 8596 4756 "GET /admin/jsi18n/ HTTP/1.1" 200 3342
INFO 2025-11-15 13:41:50,390 basehttp 8596 13204 "GET /static/admin/js/calendar.js HTTP/1.1" 200 9141
INFO 2025-11-15 13:41:50,400 basehttp 8596 18288 "GET /static/admin/js/admin/DateTimeShortcuts.js HTTP/1.1" 200 19319
INFO 2025-11-15 13:41:50,451 basehttp 8596 18288 "GET /static/admin/img/icon-calendar.svg HTTP/1.1" 200 1086
INFO 2025-11-15 13:41:50,451 basehttp 8596 13204 "GET /static/admin/img/icon-clock.svg HTTP/1.1" 200 677
WARNING 2025-11-15 13:41:50,626 log 8596 13204 Not Found: /sw.js
WARNING 2025-11-15 13:41:50,626 basehttp 8596 13204 "GET /sw.js HTTP/1.1" 404 2681
WARNING 2025-11-15 13:41:52,022 log 8596 13204 Not Found: /sw.js
WARNING 2025-11-15 13:41:52,023 basehttp 8596 13204 "GET /sw.js HTTP/1.1" 404 2681
INFO 2025-11-15 14:03:18,532 autoreload 1060 16764 Watching for file changes with StatReloader
INFO 2025-11-15 14:03:25,276 basehttp 1060 1652 "GET /admin/bookmarks/favouritecourse/ HTTP/1.1" 200 73464
INFO 2025-11-15 14:03:25,310 basehttp 1060 1652 "GET /admin/jsi18n/ HTTP/1.1" 200 3342
WARNING 2025-11-15 14:03:26,899 log 1060 1652 Not Found: /sw.js
WARNING 2025-11-15 14:03:26,899 basehttp 1060 1652 "GET /sw.js HTTP/1.1" 404 2681
INFO 2025-11-15 14:03:29,486 basehttp 1060 1652 "POST /admin/bookmarks/favouritecourse/ HTTP/1.1" 200 71986
INFO 2025-11-15 14:03:29,580 basehttp 1060 1652 "GET /static/admin/js/cancel.js HTTP/1.1" 200 884
INFO 2025-11-15 14:03:30,474 basehttp 1060 1652 "POST /admin/bookmarks/favouritecourse/ HTTP/1.1" 302 0
INFO 2025-11-15 14:03:30,512 basehttp 1060 1652 "GET /admin/bookmarks/favouritecourse/ HTTP/1.1" 200 71715
INFO 2025-11-15 14:03:30,533 basehttp 1060 1652 "GET /admin/jsi18n/ HTTP/1.1" 200 3342
WARNING 2025-11-15 14:03:31,057 log 1060 1652 Not Found: /sw.js
WARNING 2025-11-15 14:03:31,058 basehttp 1060 1652 "GET /sw.js HTTP/1.1" 404 2681
WARNING 2025-11-15 14:03:32,089 log 1060 1652 Not Found: /sw.js
WARNING 2025-11-15 14:03:32,089 basehttp 1060 1652 "GET /sw.js HTTP/1.1" 404 2681
WARNING 2025-11-15 14:03:33,241 log 1060 1652 Not Found: /sw.js
WARNING 2025-11-15 14:03:33,241 basehttp 1060 1652 "GET /sw.js HTTP/1.1" 404 2681
INFO 2025-11-15 14:03:33,439 basehttp 1060 1652 "GET /admin/bookmarks/favouritecourse/ HTTP/1.1" 200 71568
WARNING 2025-11-15 14:03:35,203 log 1060 1652 Not Found: /sw.js
WARNING 2025-11-15 14:03:35,203 basehttp 1060 1652 "GET /sw.js HTTP/1.1" 404 2681
INFO 2025-11-15 14:03:38,139 basehttp 1060 1652 "GET /admin/bookmarks/favouriteuniversity/ HTTP/1.1" 200 71598
INFO 2025-11-15 14:03:38,165 basehttp 1060 1652 "GET /admin/jsi18n/ HTTP/1.1" 200 3342
WARNING 2025-11-15 14:03:39,725 log 1060 1652 Not Found: /sw.js
WARNING 2025-11-15 14:03:39,726 basehttp 1060 1652 "GET /sw.js HTTP/1.1" 404 2681
INFO 2025-11-15 14:03:50,310 autoreload 1060 16764 X:\edvoyage-backup-cursor\backend\edvoayge\bookmarks\models.py changed, reloading.
INFO 2025-11-15 14:03:51,197 autoreload 18484 9852 Watching for file changes with StatReloader
INFO 2025-11-15 14:09:56,551 autoreload 8172 4436 Watching for file changes with StatReloader
ERROR 2025-11-15 14:10:23,754 log 8172 13204 Internal Server Error: /api/v1/bookmarks/courses/
Traceback (most recent call last):
  File "C:\Users\bobby\AppData\Local\Programs\Python\Python312\Lib\site-packages\django\db\backends\utils.py", line 105, in _execute
    return self.cursor.execute(sql, params)
           ^^^^^^^^^^^^^^^^^^^^^^^^^^^^^^^^
  File "C:\Users\bobby\AppData\Local\Programs\Python\Python312\Lib\site-packages\django\db\backends\sqlite3\base.py", line 360, in execute
    return super().execute(query, params)
           ^^^^^^^^^^^^^^^^^^^^^^^^^^^^^^
sqlite3.OperationalError: no such column: bookmarks_favouritecourse.email

The above exception was the direct cause of the following exception:

Traceback (most recent call last):
  File "C:\Users\bobby\AppData\Local\Programs\Python\Python312\Lib\site-packages\django\core\handlers\exception.py", line 55, in inner
    response = get_response(request)
               ^^^^^^^^^^^^^^^^^^^^^
  File "C:\Users\bobby\AppData\Local\Programs\Python\Python312\Lib\site-packages\django\core\handlers\base.py", line 197, in _get_response
    response = wrapped_callback(request, *callback_args, **callback_kwargs)
               ^^^^^^^^^^^^^^^^^^^^^^^^^^^^^^^^^^^^^^^^^^^^^^^^^^^^^^^^^^^^
  File "C:\Users\bobby\AppData\Local\Programs\Python\Python312\Lib\site-packages\django\views\decorators\csrf.py", line 65, in _view_wrapper
    return view_func(request, *args, **kwargs)
           ^^^^^^^^^^^^^^^^^^^^^^^^^^^^^^^^^^^
  File "C:\Users\bobby\AppData\Local\Programs\Python\Python312\Lib\site-packages\django\views\generic\base.py", line 105, in view
    return self.dispatch(request, *args, **kwargs)
           ^^^^^^^^^^^^^^^^^^^^^^^^^^^^^^^^^^^^^^^
  File "C:\Users\bobby\AppData\Local\Programs\Python\Python312\Lib\site-packages\rest_framework\views.py", line 515, in dispatch
    response = self.handle_exception(exc)
               ^^^^^^^^^^^^^^^^^^^^^^^^^^
  File "C:\Users\bobby\AppData\Local\Programs\Python\Python312\Lib\site-packages\rest_framework\views.py", line 475, in handle_exception
    self.raise_uncaught_exception(exc)
  File "C:\Users\bobby\AppData\Local\Programs\Python\Python312\Lib\site-packages\rest_framework\views.py", line 486, in raise_uncaught_exception
    raise exc
  File "C:\Users\bobby\AppData\Local\Programs\Python\Python312\Lib\site-packages\rest_framework\views.py", line 512, in dispatch
    response = handler(request, *args, **kwargs)
               ^^^^^^^^^^^^^^^^^^^^^^^^^^^^^^^^^
  File "X:\edvoyage-backup-cursor\backend\edvoayge\bookmarks\views.py", line 282, in post
    if FavouriteCourse.objects.filter(email=user_email, course=course).exists():
       ^^^^^^^^^^^^^^^^^^^^^^^^^^^^^^^^^^^^^^^^^^^^^^^^^^^^^^^^^^^^^^^^^^^^^^^^
  File "C:\Users\bobby\AppData\Local\Programs\Python\Python312\Lib\site-packages\django\db\models\query.py", line 1296, in exists
    return self.query.has_results(using=self.db)
           ^^^^^^^^^^^^^^^^^^^^^^^^^^^^^^^^^^^^^
  File "C:\Users\bobby\AppData\Local\Programs\Python\Python312\Lib\site-packages\django\db\models\sql\query.py", line 674, in has_results
    return compiler.has_results()
           ^^^^^^^^^^^^^^^^^^^^^^
  File "C:\Users\bobby\AppData\Local\Programs\Python\Python312\Lib\site-packages\django\db\models\sql\compiler.py", line 1591, in has_results
    return bool(self.execute_sql(SINGLE))
                ^^^^^^^^^^^^^^^^^^^^^^^^
  File "C:\Users\bobby\AppData\Local\Programs\Python\Python312\Lib\site-packages\django\db\models\sql\compiler.py", line 1623, in execute_sql
    cursor.execute(sql, params)
  File "C:\Users\bobby\AppData\Local\Programs\Python\Python312\Lib\site-packages\django\db\backends\utils.py", line 122, in execute
    return super().execute(sql, params)
           ^^^^^^^^^^^^^^^^^^^^^^^^^^^^
  File "C:\Users\bobby\AppData\Local\Programs\Python\Python312\Lib\site-packages\django\db\backends\utils.py", line 79, in execute
    return self._execute_with_wrappers(
           ^^^^^^^^^^^^^^^^^^^^^^^^^^^^
  File "C:\Users\bobby\AppData\Local\Programs\Python\Python312\Lib\site-packages\django\db\backends\utils.py", line 92, in _execute_with_wrappers
    return executor(sql, params, many, context)
           ^^^^^^^^^^^^^^^^^^^^^^^^^^^^^^^^^^^^
  File "C:\Users\bobby\AppData\Local\Programs\Python\Python312\Lib\site-packages\django\db\backends\utils.py", line 100, in _execute
    with self.db.wrap_database_errors:
         ^^^^^^^^^^^^^^^^^^^^^^^^^^^^
  File "C:\Users\bobby\AppData\Local\Programs\Python\Python312\Lib\site-packages\django\db\utils.py", line 91, in __exit__
    raise dj_exc_value.with_traceback(traceback) from exc_value
  File "C:\Users\bobby\AppData\Local\Programs\Python\Python312\Lib\site-packages\django\db\backends\utils.py", line 105, in _execute
    return self.cursor.execute(sql, params)
           ^^^^^^^^^^^^^^^^^^^^^^^^^^^^^^^^
  File "C:\Users\bobby\AppData\Local\Programs\Python\Python312\Lib\site-packages\django\db\backends\sqlite3\base.py", line 360, in execute
    return super().execute(query, params)
           ^^^^^^^^^^^^^^^^^^^^^^^^^^^^^^
django.db.utils.OperationalError: no such column: bookmarks_favouritecourse.email
ERROR 2025-11-15 14:10:23,754 basehttp 8172 13204 "POST /api/v1/bookmarks/courses/ HTTP/1.1" 500 161421
INFO 2025-11-15 14:12:47,903 autoreload 8172 4436 X:\edvoyage-backup-cursor\backend\edvoayge\bookmarks\views.py changed, reloading.
INFO 2025-11-15 14:12:48,753 autoreload 6524 19392 Watching for file changes with StatReloader
INFO 2025-11-15 14:12:55,904 autoreload 6524 19392 X:\edvoyage-backup-cursor\backend\edvoayge\bookmarks\views.py changed, reloading.
INFO 2025-11-15 14:12:56,674 autoreload 1060 18572 Watching for file changes with StatReloader
INFO 2025-11-15 14:13:09,005 autoreload 1060 18572 X:\edvoyage-backup-cursor\backend\edvoayge\bookmarks\views.py changed, reloading.
INFO 2025-11-15 14:13:09,843 autoreload 13712 18664 Watching for file changes with StatReloader
INFO 2025-11-15 14:13:28,540 autoreload 13712 18664 X:\edvoyage-backup-cursor\backend\edvoayge\bookmarks\views.py changed, reloading.
INFO 2025-11-15 14:13:29,309 autoreload 3876 7376 Watching for file changes with StatReloader
INFO 2025-11-15 14:13:36,442 autoreload 3876 7376 X:\edvoyage-backup-cursor\backend\edvoayge\bookmarks\views.py changed, reloading.
INFO 2025-11-15 14:13:37,222 autoreload 10480 18596 Watching for file changes with StatReloader
ERROR 2025-11-15 14:13:43,867 log 10480 18116 Internal Server Error: /api/v1/bookmarks/courses/
Traceback (most recent call last):
  File "C:\Users\bobby\AppData\Local\Programs\Python\Python312\Lib\site-packages\django\db\backends\utils.py", line 105, in _execute
    return self.cursor.execute(sql, params)
           ^^^^^^^^^^^^^^^^^^^^^^^^^^^^^^^^
  File "C:\Users\bobby\AppData\Local\Programs\Python\Python312\Lib\site-packages\django\db\backends\sqlite3\base.py", line 360, in execute
    return super().execute(query, params)
           ^^^^^^^^^^^^^^^^^^^^^^^^^^^^^^
sqlite3.OperationalError: no such column: bookmarks_favouritecourse.email

The above exception was the direct cause of the following exception:

Traceback (most recent call last):
  File "C:\Users\bobby\AppData\Local\Programs\Python\Python312\Lib\site-packages\django\core\handlers\exception.py", line 55, in inner
    response = get_response(request)
               ^^^^^^^^^^^^^^^^^^^^^
  File "C:\Users\bobby\AppData\Local\Programs\Python\Python312\Lib\site-packages\django\core\handlers\base.py", line 197, in _get_response
    response = wrapped_callback(request, *callback_args, **callback_kwargs)
               ^^^^^^^^^^^^^^^^^^^^^^^^^^^^^^^^^^^^^^^^^^^^^^^^^^^^^^^^^^^^
  File "C:\Users\bobby\AppData\Local\Programs\Python\Python312\Lib\site-packages\django\views\decorators\csrf.py", line 65, in _view_wrapper
    return view_func(request, *args, **kwargs)
           ^^^^^^^^^^^^^^^^^^^^^^^^^^^^^^^^^^^
  File "C:\Users\bobby\AppData\Local\Programs\Python\Python312\Lib\site-packages\django\views\generic\base.py", line 105, in view
    return self.dispatch(request, *args, **kwargs)
           ^^^^^^^^^^^^^^^^^^^^^^^^^^^^^^^^^^^^^^^
  File "C:\Users\bobby\AppData\Local\Programs\Python\Python312\Lib\site-packages\rest_framework\views.py", line 515, in dispatch
    response = self.handle_exception(exc)
               ^^^^^^^^^^^^^^^^^^^^^^^^^^
  File "C:\Users\bobby\AppData\Local\Programs\Python\Python312\Lib\site-packages\rest_framework\views.py", line 475, in handle_exception
    self.raise_uncaught_exception(exc)
  File "C:\Users\bobby\AppData\Local\Programs\Python\Python312\Lib\site-packages\rest_framework\views.py", line 486, in raise_uncaught_exception
    raise exc
  File "C:\Users\bobby\AppData\Local\Programs\Python\Python312\Lib\site-packages\rest_framework\views.py", line 512, in dispatch
    response = handler(request, *args, **kwargs)
               ^^^^^^^^^^^^^^^^^^^^^^^^^^^^^^^^^
  File "X:\edvoyage-backup-cursor\backend\edvoayge\bookmarks\views.py", line 282, in post
    if FavouriteCourse.objects.filter(email=user_email, course=course).exists():
       ^^^^^^^^^^^^^^^^^^^^^^^^^^^^^^^^^^^^^^^^^^^^^^^^^^^^^^^^^^^^^^^^^^^^^^^^
  File "C:\Users\bobby\AppData\Local\Programs\Python\Python312\Lib\site-packages\django\db\models\query.py", line 1296, in exists
    return self.query.has_results(using=self.db)
           ^^^^^^^^^^^^^^^^^^^^^^^^^^^^^^^^^^^^^
  File "C:\Users\bobby\AppData\Local\Programs\Python\Python312\Lib\site-packages\django\db\models\sql\query.py", line 674, in has_results
    return compiler.has_results()
           ^^^^^^^^^^^^^^^^^^^^^^
  File "C:\Users\bobby\AppData\Local\Programs\Python\Python312\Lib\site-packages\django\db\models\sql\compiler.py", line 1591, in has_results
    return bool(self.execute_sql(SINGLE))
                ^^^^^^^^^^^^^^^^^^^^^^^^
  File "C:\Users\bobby\AppData\Local\Programs\Python\Python312\Lib\site-packages\django\db\models\sql\compiler.py", line 1623, in execute_sql
    cursor.execute(sql, params)
  File "C:\Users\bobby\AppData\Local\Programs\Python\Python312\Lib\site-packages\django\db\backends\utils.py", line 122, in execute
    return super().execute(sql, params)
           ^^^^^^^^^^^^^^^^^^^^^^^^^^^^
  File "C:\Users\bobby\AppData\Local\Programs\Python\Python312\Lib\site-packages\django\db\backends\utils.py", line 79, in execute
    return self._execute_with_wrappers(
           ^^^^^^^^^^^^^^^^^^^^^^^^^^^^
  File "C:\Users\bobby\AppData\Local\Programs\Python\Python312\Lib\site-packages\django\db\backends\utils.py", line 92, in _execute_with_wrappers
    return executor(sql, params, many, context)
           ^^^^^^^^^^^^^^^^^^^^^^^^^^^^^^^^^^^^
  File "C:\Users\bobby\AppData\Local\Programs\Python\Python312\Lib\site-packages\django\db\backends\utils.py", line 100, in _execute
    with self.db.wrap_database_errors:
         ^^^^^^^^^^^^^^^^^^^^^^^^^^^^
  File "C:\Users\bobby\AppData\Local\Programs\Python\Python312\Lib\site-packages\django\db\utils.py", line 91, in __exit__
    raise dj_exc_value.with_traceback(traceback) from exc_value
  File "C:\Users\bobby\AppData\Local\Programs\Python\Python312\Lib\site-packages\django\db\backends\utils.py", line 105, in _execute
    return self.cursor.execute(sql, params)
           ^^^^^^^^^^^^^^^^^^^^^^^^^^^^^^^^
  File "C:\Users\bobby\AppData\Local\Programs\Python\Python312\Lib\site-packages\django\db\backends\sqlite3\base.py", line 360, in execute
    return super().execute(query, params)
           ^^^^^^^^^^^^^^^^^^^^^^^^^^^^^^
django.db.utils.OperationalError: no such column: bookmarks_favouritecourse.email
ERROR 2025-11-15 14:13:43,874 basehttp 10480 18116 "POST /api/v1/bookmarks/courses/ HTTP/1.1" 500 161421
ERROR 2025-11-15 14:13:47,807 log 10480 18116 Internal Server Error: /api/v1/bookmarks/courses/
Traceback (most recent call last):
  File "C:\Users\bobby\AppData\Local\Programs\Python\Python312\Lib\site-packages\django\db\backends\utils.py", line 105, in _execute
    return self.cursor.execute(sql, params)
           ^^^^^^^^^^^^^^^^^^^^^^^^^^^^^^^^
  File "C:\Users\bobby\AppData\Local\Programs\Python\Python312\Lib\site-packages\django\db\backends\sqlite3\base.py", line 360, in execute
    return super().execute(query, params)
           ^^^^^^^^^^^^^^^^^^^^^^^^^^^^^^
sqlite3.OperationalError: no such column: bookmarks_favouritecourse.email

The above exception was the direct cause of the following exception:

Traceback (most recent call last):
  File "C:\Users\bobby\AppData\Local\Programs\Python\Python312\Lib\site-packages\django\core\handlers\exception.py", line 55, in inner
    response = get_response(request)
               ^^^^^^^^^^^^^^^^^^^^^
  File "C:\Users\bobby\AppData\Local\Programs\Python\Python312\Lib\site-packages\django\core\handlers\base.py", line 197, in _get_response
    response = wrapped_callback(request, *callback_args, **callback_kwargs)
               ^^^^^^^^^^^^^^^^^^^^^^^^^^^^^^^^^^^^^^^^^^^^^^^^^^^^^^^^^^^^
  File "C:\Users\bobby\AppData\Local\Programs\Python\Python312\Lib\site-packages\django\views\decorators\csrf.py", line 65, in _view_wrapper
    return view_func(request, *args, **kwargs)
           ^^^^^^^^^^^^^^^^^^^^^^^^^^^^^^^^^^^
  File "C:\Users\bobby\AppData\Local\Programs\Python\Python312\Lib\site-packages\django\views\generic\base.py", line 105, in view
    return self.dispatch(request, *args, **kwargs)
           ^^^^^^^^^^^^^^^^^^^^^^^^^^^^^^^^^^^^^^^
  File "C:\Users\bobby\AppData\Local\Programs\Python\Python312\Lib\site-packages\rest_framework\views.py", line 515, in dispatch
    response = self.handle_exception(exc)
               ^^^^^^^^^^^^^^^^^^^^^^^^^^
  File "C:\Users\bobby\AppData\Local\Programs\Python\Python312\Lib\site-packages\rest_framework\views.py", line 475, in handle_exception
    self.raise_uncaught_exception(exc)
  File "C:\Users\bobby\AppData\Local\Programs\Python\Python312\Lib\site-packages\rest_framework\views.py", line 486, in raise_uncaught_exception
    raise exc
  File "C:\Users\bobby\AppData\Local\Programs\Python\Python312\Lib\site-packages\rest_framework\views.py", line 512, in dispatch
    response = handler(request, *args, **kwargs)
               ^^^^^^^^^^^^^^^^^^^^^^^^^^^^^^^^^
  File "X:\edvoyage-backup-cursor\backend\edvoayge\bookmarks\views.py", line 282, in post
    if FavouriteCourse.objects.filter(email=user_email, course=course).exists():
       ^^^^^^^^^^^^^^^^^^^^^^^^^^^^^^^^^^^^^^^^^^^^^^^^^^^^^^^^^^^^^^^^^^^^^^^^
  File "C:\Users\bobby\AppData\Local\Programs\Python\Python312\Lib\site-packages\django\db\models\query.py", line 1296, in exists
    return self.query.has_results(using=self.db)
           ^^^^^^^^^^^^^^^^^^^^^^^^^^^^^^^^^^^^^
  File "C:\Users\bobby\AppData\Local\Programs\Python\Python312\Lib\site-packages\django\db\models\sql\query.py", line 674, in has_results
    return compiler.has_results()
           ^^^^^^^^^^^^^^^^^^^^^^
  File "C:\Users\bobby\AppData\Local\Programs\Python\Python312\Lib\site-packages\django\db\models\sql\compiler.py", line 1591, in has_results
    return bool(self.execute_sql(SINGLE))
                ^^^^^^^^^^^^^^^^^^^^^^^^
  File "C:\Users\bobby\AppData\Local\Programs\Python\Python312\Lib\site-packages\django\db\models\sql\compiler.py", line 1623, in execute_sql
    cursor.execute(sql, params)
  File "C:\Users\bobby\AppData\Local\Programs\Python\Python312\Lib\site-packages\django\db\backends\utils.py", line 122, in execute
    return super().execute(sql, params)
           ^^^^^^^^^^^^^^^^^^^^^^^^^^^^
  File "C:\Users\bobby\AppData\Local\Programs\Python\Python312\Lib\site-packages\django\db\backends\utils.py", line 79, in execute
    return self._execute_with_wrappers(
           ^^^^^^^^^^^^^^^^^^^^^^^^^^^^
  File "C:\Users\bobby\AppData\Local\Programs\Python\Python312\Lib\site-packages\django\db\backends\utils.py", line 92, in _execute_with_wrappers
    return executor(sql, params, many, context)
           ^^^^^^^^^^^^^^^^^^^^^^^^^^^^^^^^^^^^
  File "C:\Users\bobby\AppData\Local\Programs\Python\Python312\Lib\site-packages\django\db\backends\utils.py", line 100, in _execute
    with self.db.wrap_database_errors:
         ^^^^^^^^^^^^^^^^^^^^^^^^^^^^
  File "C:\Users\bobby\AppData\Local\Programs\Python\Python312\Lib\site-packages\django\db\utils.py", line 91, in __exit__
    raise dj_exc_value.with_traceback(traceback) from exc_value
  File "C:\Users\bobby\AppData\Local\Programs\Python\Python312\Lib\site-packages\django\db\backends\utils.py", line 105, in _execute
    return self.cursor.execute(sql, params)
           ^^^^^^^^^^^^^^^^^^^^^^^^^^^^^^^^
  File "C:\Users\bobby\AppData\Local\Programs\Python\Python312\Lib\site-packages\django\db\backends\sqlite3\base.py", line 360, in execute
    return super().execute(query, params)
           ^^^^^^^^^^^^^^^^^^^^^^^^^^^^^^
django.db.utils.OperationalError: no such column: bookmarks_favouritecourse.email
ERROR 2025-11-15 14:13:47,807 basehttp 10480 18116 "POST /api/v1/bookmarks/courses/ HTTP/1.1" 500 161421
INFO 2025-11-15 14:18:00,374 autoreload 8520 12896 Watching for file changes with StatReloader
ERROR 2025-11-15 14:18:06,610 log 8520 18076 Internal Server Error: /api/v1/bookmarks/courses/
Traceback (most recent call last):
  File "C:\Users\bobby\AppData\Local\Programs\Python\Python312\Lib\site-packages\django\core\handlers\exception.py", line 55, in inner
    response = get_response(request)
               ^^^^^^^^^^^^^^^^^^^^^
  File "C:\Users\bobby\AppData\Local\Programs\Python\Python312\Lib\site-packages\django\core\handlers\base.py", line 197, in _get_response
    response = wrapped_callback(request, *callback_args, **callback_kwargs)
               ^^^^^^^^^^^^^^^^^^^^^^^^^^^^^^^^^^^^^^^^^^^^^^^^^^^^^^^^^^^^
  File "C:\Users\bobby\AppData\Local\Programs\Python\Python312\Lib\site-packages\django\views\decorators\csrf.py", line 65, in _view_wrapper
    return view_func(request, *args, **kwargs)
           ^^^^^^^^^^^^^^^^^^^^^^^^^^^^^^^^^^^
  File "C:\Users\bobby\AppData\Local\Programs\Python\Python312\Lib\site-packages\django\views\generic\base.py", line 105, in view
    return self.dispatch(request, *args, **kwargs)
           ^^^^^^^^^^^^^^^^^^^^^^^^^^^^^^^^^^^^^^^
  File "C:\Users\bobby\AppData\Local\Programs\Python\Python312\Lib\site-packages\rest_framework\views.py", line 515, in dispatch
    response = self.handle_exception(exc)
               ^^^^^^^^^^^^^^^^^^^^^^^^^^
  File "C:\Users\bobby\AppData\Local\Programs\Python\Python312\Lib\site-packages\rest_framework\views.py", line 475, in handle_exception
    self.raise_uncaught_exception(exc)
  File "C:\Users\bobby\AppData\Local\Programs\Python\Python312\Lib\site-packages\rest_framework\views.py", line 486, in raise_uncaught_exception
    raise exc
  File "C:\Users\bobby\AppData\Local\Programs\Python\Python312\Lib\site-packages\rest_framework\views.py", line 512, in dispatch
    response = handler(request, *args, **kwargs)
               ^^^^^^^^^^^^^^^^^^^^^^^^^^^^^^^^^
  File "X:\edvoyage-backup-cursor\backend\edvoayge\bookmarks\views.py", line 289, in post
    print("The data for the favourite serializers are", serializer.data)
                                                        ^^^^^^^^^^^^^^^
  File "C:\Users\bobby\AppData\Local\Programs\Python\Python312\Lib\site-packages\rest_framework\serializers.py", line 573, in data
    ret = super().data
          ^^^^^^^^^^^^
  File "C:\Users\bobby\AppData\Local\Programs\Python\Python312\Lib\site-packages\rest_framework\serializers.py", line 251, in data
    self._data = self.to_representation(self.instance)
                 ^^^^^^^^^^^^^^^^^^^^^^^^^^^^^^^^^^^^^
  File "C:\Users\bobby\AppData\Local\Programs\Python\Python312\Lib\site-packages\rest_framework\serializers.py", line 525, in to_representation
    for field in fields:
                 ^^^^^^
  File "C:\Users\bobby\AppData\Local\Programs\Python\Python312\Lib\site-packages\rest_framework\serializers.py", line 386, in _readable_fields
    for field in self.fields.values():
                 ^^^^^^^^^^^
  File "C:\Users\bobby\AppData\Local\Programs\Python\Python312\Lib\site-packages\django\utils\functional.py", line 47, in __get__
    res = instance.__dict__[self.name] = self.func(instance)
                                         ^^^^^^^^^^^^^^^^^^^
  File "C:\Users\bobby\AppData\Local\Programs\Python\Python312\Lib\site-packages\rest_framework\serializers.py", line 374, in fields
    for key, value in self.get_fields().items():
                      ^^^^^^^^^^^^^^^^^
  File "C:\Users\bobby\AppData\Local\Programs\Python\Python312\Lib\site-packages\rest_framework\serializers.py", line 1081, in get_fields
    field_names = self.get_field_names(declared_fields, info)
                  ^^^^^^^^^^^^^^^^^^^^^^^^^^^^^^^^^^^^^^^^^^^
  File "C:\Users\bobby\AppData\Local\Programs\Python\Python312\Lib\site-packages\rest_framework\serializers.py", line 1177, in get_field_names
    assert field_name in fields, (
           ^^^^^^^^^^^^^^^^^^^^
AssertionError: The field 'user_name' was declared on serializer FavouriteCourseSerializer, but has not been included in the 'fields' option.
ERROR 2025-11-15 14:18:06,621 basehttp 8520 18076 "POST /api/v1/bookmarks/courses/ HTTP/1.1" 500 142695
INFO 2025-11-15 14:19:08,740 autoreload 8520 12896 X:\edvoyage-backup-cursor\backend\edvoayge\bookmarks\serializers.py changed, reloading.
INFO 2025-11-15 14:19:09,513 autoreload 17160 11632 Watching for file changes with StatReloader
INFO 2025-11-15 14:19:25,907 autoreload 17160 11632 X:\edvoyage-backup-cursor\backend\edvoayge\bookmarks\serializers.py changed, reloading.
INFO 2025-11-15 14:19:26,657 autoreload 13644 3032 Watching for file changes with StatReloader
INFO 2025-11-15 14:19:40,962 autoreload 13644 3032 X:\edvoyage-backup-cursor\backend\edvoayge\bookmarks\serializers.py changed, reloading.
INFO 2025-11-15 14:19:41,740 autoreload 16668 18584 Watching for file changes with StatReloader
INFO 2025-11-15 14:19:45,907 basehttp 16668 18708 "POST /api/v1/bookmarks/courses/ HTTP/1.1" 201 625
INFO 2025-11-15 14:20:12,206 basehttp 16668 11340 "GET /api/v1/bookmarks/courses/ HTTP/1.1" 200 598
WARNING 2025-11-15 14:20:14,018 log 16668 11340 Not Found: /sw.js
WARNING 2025-11-15 14:20:14,018 basehttp 16668 11340 "GET /sw.js HTTP/1.1" 404 2681
INFO 2025-11-15 14:21:14,189 basehttp 16668 11340 "GET /admin/bookmarks/favouriteuniversity/ HTTP/1.1" 200 71598
INFO 2025-11-15 14:21:14,212 basehttp 16668 11340 "GET /admin/jsi18n/ HTTP/1.1" 200 3342
WARNING 2025-11-15 14:21:15,824 log 16668 11340 Not Found: /sw.js
WARNING 2025-11-15 14:21:15,825 basehttp 16668 11340 "GET /sw.js HTTP/1.1" 404 2681
INFO 2025-11-15 14:21:22,096 basehttp 16668 11340 "GET /admin/bookmarks/favouritecourse/ HTTP/1.1" 200 72941
INFO 2025-11-15 14:21:22,118 basehttp 16668 11340 "GET /admin/jsi18n/ HTTP/1.1" 200 3342
WARNING 2025-11-15 14:21:23,673 log 16668 11340 Not Found: /sw.js
WARNING 2025-11-15 14:21:23,673 basehttp 16668 11340 "GET /sw.js HTTP/1.1" 404 2681
INFO 2025-11-15 14:22:19,220 basehttp 16668 3244 "POST /api/v1/bookmarks/courses/ HTTP/1.1" 201 625
INFO 2025-11-15 14:22:30,587 basehttp 16668 11340 "GET /admin/bookmarks/favouritecourse/ HTTP/1.1" 200 72941
INFO 2025-11-15 14:22:30,608 basehttp 16668 11340 "GET /admin/jsi18n/ HTTP/1.1" 200 3342
WARNING 2025-11-15 14:22:32,177 log 16668 11340 Not Found: /sw.js
WARNING 2025-11-15 14:22:32,177 basehttp 16668 11340 "GET /sw.js HTTP/1.1" 404 2681
INFO 2025-11-15 14:22:32,219 basehttp 16668 11340 "GET /admin/bookmarks/favouritecourse/ HTTP/1.1" 200 72941
INFO 2025-11-15 14:22:32,238 basehttp 16668 11340 "GET /admin/jsi18n/ HTTP/1.1" 200 3342
WARNING 2025-11-15 14:22:33,780 log 16668 11340 Not Found: /sw.js
WARNING 2025-11-15 14:22:33,780 basehttp 16668 11340 "GET /sw.js HTTP/1.1" 404 2681
INFO 2025-11-15 14:23:28,974 autoreload 16668 18584 X:\edvoyage-backup-cursor\backend\edvoayge\bookmarks\views.py changed, reloading.
INFO 2025-11-15 14:23:29,854 autoreload 16764 3620 Watching for file changes with StatReloader
INFO 2025-11-15 14:24:10,134 autoreload 16764 3620 X:\edvoyage-backup-cursor\backend\edvoayge\bookmarks\views.py changed, reloading.
INFO 2025-11-15 14:24:10,927 autoreload 7900 2004 Watching for file changes with StatReloader
INFO 2025-11-15 14:24:20,034 basehttp 7900 17916 "POST /api/v1/bookmarks/courses/ HTTP/1.1" 201 625
INFO 2025-11-15 14:26:32,203 basehttp 7900 17124 "GET /api/v1/bookmarks/courses/ HTTP/1.1" 200 598
INFO 2025-11-15 14:28:15,320 autoreload 7900 2004 X:\edvoyage-backup-cursor\backend\edvoayge\bookmarks\views.py changed, reloading.
INFO 2025-11-15 14:28:16,142 autoreload 8152 2152 Watching for file changes with StatReloader
INFO 2025-11-15 14:28:21,217 autoreload 8152 2152 X:\edvoyage-backup-cursor\backend\edvoayge\bookmarks\views.py changed, reloading.
INFO 2025-11-15 14:28:22,011 autoreload 19448 17964 Watching for file changes with StatReloader
INFO 2025-11-15 14:28:29,150 autoreload 19448 17964 X:\edvoyage-backup-cursor\backend\edvoayge\bookmarks\views.py changed, reloading.
INFO 2025-11-15 14:28:29,961 autoreload 7412 10284 Watching for file changes with StatReloader
INFO 2025-11-15 14:28:34,198 basehttp 7412 16480 "POST /api/v1/bookmarks/courses/ HTTP/1.1" 200 63
INFO 2025-11-15 14:28:38,517 basehttp 7412 16480 "GET /api/v1/bookmarks/courses/ HTTP/1.1" 200 40
INFO 2025-11-15 14:37:41,633 basehttp 7412 8520 "GET /api/v1/notes/flashcards/ HTTP/1.1" 200 1813
INFO 2025-11-15 14:37:53,326 basehttp 7412 16552 "OPTIONS /api/v1/users/otp/create/ HTTP/1.1" 200 0
INFO 2025-11-15 14:37:58,394 services 7412 16552 OTP email sent successfully to bobbykboseoffice@gmail.com
INFO 2025-11-15 14:37:58,397 basehttp 7412 16552 "POST /api/v1/users/otp/create/ HTTP/1.1" 201 490
WARNING 2025-11-15 14:38:04,338 log 7412 16552 Not Found: /api/v1/auth/home
WARNING 2025-11-15 14:38:04,341 basehttp 7412 16552 "GET /api/v1/auth/home HTTP/1.1" 404 6061
INFO 2025-11-15 14:38:04,371 basehttp 7412 16748 "GET /api/v1/universities/universities/stats/ HTTP/1.1" 200 6574
INFO 2025-11-15 14:38:04,389 basehttp 7412 16748 "GET /api/v1/quizzes/questions/?date=2025-11-15 HTTP/1.1" 200 52
INFO 2025-11-15 14:38:04,390 basehttp 7412 16552 "GET /api/v1/courses/courses/stats/ HTTP/1.1" 200 1573
INFO 2025-11-15 14:38:06,570 basehttp 7412 16552 "OPTIONS /api/v1/universities/universities/ HTTP/1.1" 200 0
INFO 2025-11-15 14:38:06,603 basehttp 7412 16552 "GET /api/v1/universities/universities/ HTTP/1.1" 200 6807
INFO 2025-11-15 14:38:06,786 basehttp 7412 16552 "GET /media/universities/logos/fast_api_drIdvgZ.png HTTP/1.1" 200 1091903
INFO 2025-11-15 14:38:06,817 basehttp 7412 16748 "GET /media/universities/logos/fast_api.png HTTP/1.1" 200 1091903
INFO 2025-11-15 14:38:09,131 basehttp 7412 16748 "GET /media/universities/banners/college_students_coronavirus_p_1200x768_TCgYGoY.jpg HTTP/1.1" 200 26924
INFO 2025-11-15 14:38:09,217 basehttp 7412 16748 "GET /api/v1/universities/universities/2/ HTTP/1.1" 200 2426
INFO 2025-11-15 14:38:10,845 basehttp 7412 16552 "GET /api/v1/bookmarks/courses/ HTTP/1.1" 200 40
INFO 2025-11-15 14:38:10,867 basehttp 7412 16748 "GET /api/v1/courses/courses/?university_id=2 HTTP/1.1" 200 1383
INFO 2025-11-15 14:38:12,591 basehttp 7412 16748 "OPTIONS /api/v1/bookmarks/add-favourite-course/ HTTP/1.1" 200 0
WARNING 2025-11-15 14:38:12,594 log 7412 16748 Bad Request: /api/v1/bookmarks/add-favourite-course/
WARNING 2025-11-15 14:38:12,594 basehttp 7412 16748 "POST /api/v1/bookmarks/add-favourite-course/ HTTP/1.1" 400 52
INFO 2025-11-15 14:38:19,366 basehttp 7412 16748 "GET /api/v1/universities/universities/2/ HTTP/1.1" 200 2426
INFO 2025-11-15 14:38:20,422 basehttp 7412 16552 "GET /api/v1/bookmarks/courses/ HTTP/1.1" 200 40
INFO 2025-11-15 14:38:20,425 basehttp 7412 16748 "GET /api/v1/courses/courses/?university_id=2 HTTP/1.1" 200 1383
WARNING 2025-11-15 14:38:21,496 log 7412 16748 Bad Request: /api/v1/bookmarks/add-favourite-course/
WARNING 2025-11-15 14:38:21,496 basehttp 7412 16748 "POST /api/v1/bookmarks/add-favourite-course/ HTTP/1.1" 400 52
INFO 2025-11-15 14:38:24,877 basehttp 7412 16748 "GET /media/universities/banners/college_students_coronavirus_p_1200x768.jpg HTTP/1.1" 200 26924
INFO 2025-11-15 14:38:24,943 basehttp 7412 16748 "GET /api/v1/universities/universities/1/ HTTP/1.1" 200 4487
INFO 2025-11-15 14:38:25,917 basehttp 7412 16552 "GET /api/v1/bookmarks/courses/ HTTP/1.1" 200 40
INFO 2025-11-15 14:38:25,928 basehttp 7412 16748 "GET /api/v1/courses/courses/?university_id=1 HTTP/1.1" 200 1383
WARNING 2025-11-15 14:38:27,040 log 7412 16748 Bad Request: /api/v1/bookmarks/add-favourite-course/
WARNING 2025-11-15 14:38:27,040 basehttp 7412 16748 "POST /api/v1/bookmarks/add-favourite-course/ HTTP/1.1" 400 52
WARNING 2025-11-15 14:38:29,423 log 7412 16748 Bad Request: /api/v1/bookmarks/add-favourite-course/
WARNING 2025-11-15 14:38:29,423 basehttp 7412 16748 "POST /api/v1/bookmarks/add-favourite-course/ HTTP/1.1" 400 52
INFO 2025-11-15 14:40:04,555 autoreload 7412 10284 X:\edvoyage-backup-cursor\backend\edvoayge\bookmarks\views.py changed, reloading.
INFO 2025-11-15 14:40:05,439 autoreload 17856 4368 Watching for file changes with StatReloader
WARNING 2025-11-15 14:40:12,502 log 17856 8608 Bad Request: /api/v1/bookmarks/add-favourite-course/
WARNING 2025-11-15 14:40:12,502 basehttp 17856 8608 "POST /api/v1/bookmarks/add-favourite-course/ HTTP/1.1" 400 52
INFO 2025-11-15 14:41:04,699 autoreload 17856 4368 X:\edvoyage-backup-cursor\backend\edvoayge\bookmarks\urls.py changed, reloading.
INFO 2025-11-15 14:41:05,541 autoreload 248 5864 Watching for file changes with StatReloader
INFO 2025-11-15 14:44:10,615 basehttp 248 4680 "GET /api/v1/notes/flashcards/ HTTP/1.1" 200 1813
WARNING 2025-11-15 14:44:11,604 log 248 17312 Not Found: /api/v1/auth/home
WARNING 2025-11-15 14:44:11,611 basehttp 248 17312 "GET /api/v1/auth/home HTTP/1.1" 404 6061
INFO 2025-11-15 14:44:11,612 basehttp 248 8884 "GET /api/v1/quizzes/questions/?date=2025-11-15 HTTP/1.1" 200 52
INFO 2025-11-15 14:44:11,641 basehttp 248 19436 "GET /api/v1/courses/courses/stats/ HTTP/1.1" 200 1573
INFO 2025-11-15 14:44:11,648 basehttp 248 4508 "GET /api/v1/universities/universities/stats/ HTTP/1.1" 200 6574
INFO 2025-11-15 14:44:34,656 basehttp 248 4508 "GET /api/v1/universities/universities/ HTTP/1.1" 200 6807
INFO 2025-11-15 14:44:36,716 basehttp 248 4508 "GET /api/v1/universities/universities/1/ HTTP/1.1" 200 4487
INFO 2025-11-15 14:44:38,188 basehttp 248 19436 "GET /api/v1/bookmarks/courses/ HTTP/1.1" 200 40
INFO 2025-11-15 14:44:38,196 basehttp 248 4508 "GET /api/v1/courses/courses/?university_id=1 HTTP/1.1" 200 1383
INFO 2025-11-15 14:44:40,771 basehttp 248 4508 "OPTIONS /api/v1/bookmarks/course/ HTTP/1.1" 200 0
WARNING 2025-11-15 14:44:40,776 log 248 4508 Not Found: /api/v1/bookmarks/course/
WARNING 2025-11-15 14:44:40,776 basehttp 248 4508 "POST /api/v1/bookmarks/course/ HTTP/1.1" 404 6594
WARNING 2025-11-15 14:45:08,387 log 248 17108 Not Found: /api/v1/bookmarks/course/
WARNING 2025-11-15 14:45:08,387 basehttp 248 17108 "GET /api/v1/bookmarks/course/ HTTP/1.1" 404 6593
WARNING 2025-11-15 14:45:09,947 log 248 17108 Not Found: /sw.js
WARNING 2025-11-15 14:45:09,947 basehttp 248 17108 "GET /sw.js HTTP/1.1" 404 2681
INFO 2025-11-15 14:45:33,723 basehttp 248 4680 "GET /api/v1/notes/flashcards/ HTTP/1.1" 200 1813
WARNING 2025-11-15 14:45:34,438 log 248 4508 Not Found: /api/v1/auth/home
WARNING 2025-11-15 14:45:34,443 basehttp 248 4508 "GET /api/v1/auth/home HTTP/1.1" 404 6061
INFO 2025-11-15 14:45:34,452 basehttp 248 17312 "GET /api/v1/quizzes/questions/?date=2025-11-15 HTTP/1.1" 200 52
INFO 2025-11-15 14:45:34,478 basehttp 248 19436 "GET /api/v1/universities/universities/stats/ HTTP/1.1" 200 6574
INFO 2025-11-15 14:45:34,494 basehttp 248 8884 "GET /api/v1/courses/courses/stats/ HTTP/1.1" 200 1573
INFO 2025-11-15 14:45:35,490 basehttp 248 8884 "GET /api/v1/universities/universities/ HTTP/1.1" 200 6807
INFO 2025-11-15 14:45:36,832 basehttp 248 8884 "GET /api/v1/universities/universities/1/ HTTP/1.1" 200 4487
INFO 2025-11-15 14:45:37,749 basehttp 248 19436 "GET /api/v1/bookmarks/courses/ HTTP/1.1" 200 40
INFO 2025-11-15 14:45:37,753 basehttp 248 8884 "GET /api/v1/courses/courses/?university_id=1 HTTP/1.1" 200 1383
INFO 2025-11-15 14:45:39,008 basehttp 248 8884 "OPTIONS /api/v1/bookmarks/courses/ HTTP/1.1" 200 0
INFO 2025-11-15 14:45:39,020 basehttp 248 8884 "POST /api/v1/bookmarks/courses/ HTTP/1.1" 201 603
INFO 2025-11-15 14:45:42,049 basehttp 248 8884 "POST /api/v1/bookmarks/courses/ HTTP/1.1" 200 63
INFO 2025-11-15 14:45:46,816 basehttp 248 8884 "POST /api/v1/bookmarks/courses/ HTTP/1.1" 201 625
INFO 2025-11-15 14:47:08,572 autoreload 248 5864 X:\edvoyage-backup-cursor\backend\edvoayge\bookmarks\views.py changed, reloading.
INFO 2025-11-15 14:47:09,315 autoreload 8896 13752 Watching for file changes with StatReloader
INFO 2025-11-15 14:47:16,054 autoreload 8896 13752 X:\edvoyage-backup-cursor\backend\edvoayge\bookmarks\views.py changed, reloading.
INFO 2025-11-15 14:47:16,805 autoreload 16672 18628 Watching for file changes with StatReloader
INFO 2025-11-15 14:47:23,943 autoreload 16672 18628 X:\edvoyage-backup-cursor\backend\edvoayge\bookmarks\views.py changed, reloading.
INFO 2025-11-15 14:47:24,771 autoreload 13200 3328 Watching for file changes with StatReloader
INFO 2025-11-15 14:47:28,432 basehttp 13200 18840 "POST /api/v1/bookmarks/courses/ HTTP/1.1" 200 59
INFO 2025-11-15 14:47:51,427 basehttp 13200 13752 "GET /api/v1/bookmarks/courses/ HTTP/1.1" 200 1135
INFO 2025-11-15 14:47:59,496 basehttp 13200 17560 "GET /api/v1/bookmarks/courses/ HTTP/1.1" 200 1135
WARNING 2025-11-15 14:48:01,113 log 13200 17560 Not Found: /sw.js
WARNING 2025-11-15 14:48:01,113 basehttp 13200 17560 "GET /sw.js HTTP/1.1" 404 2681
INFO 2025-11-15 14:48:15,756 basehttp 13200 18840 "POST /api/v1/bookmarks/courses/ HTTP/1.1" 200 63
INFO 2025-11-15 14:48:18,457 basehttp 13200 17560 "GET /api/v1/bookmarks/courses/ HTTP/1.1" 200 576
WARNING 2025-11-15 14:48:20,184 log 13200 17560 Not Found: /sw.js
WARNING 2025-11-15 14:48:20,184 basehttp 13200 17560 "GET /sw.js HTTP/1.1" 404 2681
INFO 2025-11-15 14:51:31,785 basehttp 13200 8152 "GET /api/v1/notes/flashcards/ HTTP/1.1" 200 1813
WARNING 2025-11-15 14:51:32,443 log 13200 18840 Not Found: /api/v1/auth/home
WARNING 2025-11-15 14:51:32,443 basehttp 13200 18840 "GET /api/v1/auth/home HTTP/1.1" 404 6061
INFO 2025-11-15 14:51:32,469 basehttp 13200 18840 "GET /api/v1/universities/universities/stats/ HTTP/1.1" 200 6574
INFO 2025-11-15 14:51:32,484 basehttp 13200 18840 "GET /api/v1/courses/courses/stats/ HTTP/1.1" 200 1573
INFO 2025-11-15 14:51:32,491 basehttp 13200 18840 "GET /api/v1/quizzes/questions/?date=2025-11-15 HTTP/1.1" 200 52
INFO 2025-11-15 14:51:33,652 basehttp 13200 18840 "GET /api/v1/universities/universities/ HTTP/1.1" 200 6807
INFO 2025-11-15 14:51:34,824 basehttp 13200 18840 "GET /api/v1/universities/universities/2/ HTTP/1.1" 200 2426
INFO 2025-11-15 14:51:36,278 basehttp 13200 18840 "GET /api/v1/bookmarks/courses/ HTTP/1.1" 200 576
INFO 2025-11-15 14:51:36,281 basehttp 13200 17108 "GET /api/v1/courses/courses/?university_id=2 HTTP/1.1" 200 1383
INFO 2025-11-15 14:51:37,587 basehttp 13200 17108 "POST /api/v1/bookmarks/courses/ HTTP/1.1" 200 59
INFO 2025-11-15 14:51:45,584 basehttp 13200 17108 "GET /api/v1/universities/universities/2/ HTTP/1.1" 200 2426
INFO 2025-11-15 14:51:46,568 basehttp 13200 18840 "GET /api/v1/courses/courses/?university_id=2 HTTP/1.1" 200 1383
INFO 2025-11-15 14:51:46,573 basehttp 13200 17108 "GET /api/v1/bookmarks/courses/ HTTP/1.1" 200 1082
INFO 2025-11-15 14:52:07,495 basehttp 13200 17108 "GET /api/v1/universities/universities/2/ HTTP/1.1" 200 2426
INFO 2025-11-15 14:52:08,234 basehttp 13200 17108 "GET /api/v1/courses/courses/?university_id=2 HTTP/1.1" 200 1383
INFO 2025-11-15 14:52:08,236 basehttp 13200 18840 "GET /api/v1/bookmarks/courses/ HTTP/1.1" 200 1082
INFO 2025-11-15 14:52:12,368 basehttp 13200 18840 "GET /api/v1/universities/universities/1/ HTTP/1.1" 200 4487
INFO 2025-11-15 14:52:13,429 basehttp 13200 18840 "GET /api/v1/courses/courses/?university_id=1 HTTP/1.1" 200 1383
INFO 2025-11-15 14:52:13,449 basehttp 13200 17108 "GET /api/v1/bookmarks/courses/ HTTP/1.1" 200 1082
INFO 2025-11-15 14:52:15,376 basehttp 13200 17108 "POST /api/v1/bookmarks/courses/ HTTP/1.1" 200 59
INFO 2025-11-15 14:52:20,359 basehttp 13200 17108 "GET /api/v1/universities/universities/1/ HTTP/1.1" 200 4487
INFO 2025-11-15 14:52:20,988 basehttp 13200 18840 "GET /api/v1/courses/courses/?university_id=1 HTTP/1.1" 200 1383
INFO 2025-11-15 14:52:20,994 basehttp 13200 17108 "GET /api/v1/bookmarks/courses/ HTTP/1.1" 200 1641
INFO 2025-11-15 14:52:23,108 basehttp 13200 17108 "POST /api/v1/bookmarks/courses/ HTTP/1.1" 200 63
INFO 2025-11-15 14:52:24,353 basehttp 13200 17108 "GET /api/v1/universities/universities/1/ HTTP/1.1" 200 4487
INFO 2025-11-15 14:52:25,014 basehttp 13200 18840 "GET /api/v1/courses/courses/?university_id=1 HTTP/1.1" 200 1383
INFO 2025-11-15 14:52:25,021 basehttp 13200 17108 "GET /api/v1/bookmarks/courses/ HTTP/1.1" 200 1104
INFO 2025-11-15 14:52:27,004 basehttp 13200 17108 "POST /api/v1/bookmarks/courses/ HTTP/1.1" 200 63
INFO 2025-11-15 14:52:28,449 basehttp 13200 17108 "GET /api/v1/universities/universities/1/ HTTP/1.1" 200 4487
INFO 2025-11-15 14:52:29,017 basehttp 13200 17108 "GET /api/v1/bookmarks/courses/ HTTP/1.1" 200 545
INFO 2025-11-15 14:52:29,018 basehttp 13200 18840 "GET /api/v1/courses/courses/?university_id=1 HTTP/1.1" 200 1383
INFO 2025-11-15 14:52:29,924 basehttp 13200 18840 "POST /api/v1/bookmarks/courses/ HTTP/1.1" 200 59
INFO 2025-11-15 14:52:30,985 basehttp 13200 18840 "GET /api/v1/universities/universities/1/ HTTP/1.1" 200 4487
INFO 2025-11-15 14:52:31,555 basehttp 13200 17108 "GET /api/v1/courses/courses/?university_id=1 HTTP/1.1" 200 1383
INFO 2025-11-15 14:52:31,555 basehttp 13200 18840 "GET /api/v1/bookmarks/courses/ HTTP/1.1" 200 1083
INFO 2025-11-15 14:54:30,247 basehttp 13200 8152 "GET /api/v1/notes/flashcards/ HTTP/1.1" 200 1813
WARNING 2025-11-15 14:54:30,911 log 13200 18840 Not Found: /api/v1/auth/home
WARNING 2025-11-15 14:54:30,911 basehttp 13200 18840 "GET /api/v1/auth/home HTTP/1.1" 404 6061
INFO 2025-11-15 14:54:30,939 basehttp 13200 17108 "GET /api/v1/universities/universities/stats/ HTTP/1.1" 200 6574
INFO 2025-11-15 14:54:30,946 basehttp 13200 18840 "GET /api/v1/courses/courses/stats/ HTTP/1.1" 200 1573
INFO 2025-11-15 14:54:30,948 basehttp 13200 17108 "GET /api/v1/quizzes/questions/?date=2025-11-15 HTTP/1.1" 200 52
INFO 2025-11-15 14:54:32,329 basehttp 13200 17108 "GET /api/v1/universities/universities/ HTTP/1.1" 200 6807
INFO 2025-11-15 14:54:33,666 basehttp 13200 17108 "GET /api/v1/universities/universities/2/ HTTP/1.1" 200 2426
INFO 2025-11-15 14:54:34,930 basehttp 13200 17108 "GET /api/v1/courses/courses/?university_id=2 HTTP/1.1" 200 1383
INFO 2025-11-15 14:54:34,933 basehttp 13200 18840 "GET /api/v1/bookmarks/courses/ HTTP/1.1" 200 1083
INFO 2025-11-15 14:54:37,377 basehttp 13200 18840 "GET /api/v1/universities/universities/1/ HTTP/1.1" 200 4487
INFO 2025-11-15 14:54:38,676 basehttp 13200 18840 "GET /api/v1/courses/courses/?university_id=1 HTTP/1.1" 200 1383
INFO 2025-11-15 14:54:38,677 basehttp 13200 17108 "GET /api/v1/bookmarks/courses/ HTTP/1.1" 200 1083
INFO 2025-11-15 14:54:40,125 basehttp 13200 17108 "POST /api/v1/bookmarks/courses/ HTTP/1.1" 200 63
INFO 2025-11-15 14:54:40,792 basehttp 13200 17108 "POST /api/v1/bookmarks/courses/ HTTP/1.1" 200 59
INFO 2025-11-15 14:54:43,005 basehttp 13200 17108 "POST /api/v1/bookmarks/courses/ HTTP/1.1" 200 63
INFO 2025-11-15 14:54:44,331 basehttp 13200 17108 "POST /api/v1/bookmarks/courses/ HTTP/1.1" 200 59
INFO 2025-11-15 14:54:45,880 basehttp 13200 17108 "POST /api/v1/bookmarks/courses/ HTTP/1.1" 200 63
INFO 2025-11-15 14:54:52,889 basehttp 13200 17108 "GET /api/v1/universities/universities/1/ HTTP/1.1" 200 4487
INFO 2025-11-15 14:54:53,345 basehttp 13200 18840 "GET /api/v1/courses/courses/?university_id=1 HTTP/1.1" 200 1383
INFO 2025-11-15 14:54:53,345 basehttp 13200 17108 "GET /api/v1/bookmarks/courses/ HTTP/1.1" 200 545
INFO 2025-11-15 14:54:54,476 basehttp 13200 17108 "POST /api/v1/bookmarks/courses/ HTTP/1.1" 200 59
INFO 2025-11-15 14:54:55,386 basehttp 13200 17108 "GET /api/v1/universities/universities/1/ HTTP/1.1" 200 4487
INFO 2025-11-15 14:54:55,978 basehttp 13200 18840 "GET /api/v1/courses/courses/?university_id=1 HTTP/1.1" 200 1383
INFO 2025-11-15 14:54:55,982 basehttp 13200 17108 "GET /api/v1/bookmarks/courses/ HTTP/1.1" 200 1083
INFO 2025-11-15 14:54:57,146 basehttp 13200 17108 "POST /api/v1/bookmarks/courses/ HTTP/1.1" 200 63
INFO 2025-11-15 14:54:58,467 basehttp 13200 17108 "GET /api/v1/universities/universities/1/ HTTP/1.1" 200 4487
INFO 2025-11-15 14:54:58,993 basehttp 13200 18840 "GET /api/v1/courses/courses/?university_id=1 HTTP/1.1" 200 1383
INFO 2025-11-15 14:54:58,994 basehttp 13200 17108 "GET /api/v1/bookmarks/courses/ HTTP/1.1" 200 545
INFO 2025-11-15 14:55:00,242 basehttp 13200 17108 "POST /api/v1/bookmarks/courses/ HTTP/1.1" 200 59
INFO 2025-11-15 14:55:00,714 basehttp 13200 17108 "POST /api/v1/bookmarks/courses/ HTTP/1.1" 200 63
INFO 2025-11-15 14:55:01,758 basehttp 13200 17108 "GET /api/v1/universities/universities/1/ HTTP/1.1" 200 4487
INFO 2025-11-15 14:55:02,685 basehttp 13200 18840 "GET /api/v1/courses/courses/?university_id=1 HTTP/1.1" 200 1383
INFO 2025-11-15 14:55:02,699 basehttp 13200 17108 "GET /api/v1/bookmarks/courses/ HTTP/1.1" 200 545
INFO 2025-11-15 14:55:59,198 basehttp 13200 17732 "GET /api/v1/bookmarks/courses/ HTTP/1.1" 200 545
WARNING 2025-11-15 14:56:00,738 log 13200 17732 Not Found: /sw.js
WARNING 2025-11-15 14:56:00,738 basehttp 13200 17732 "GET /sw.js HTTP/1.1" 404 2681
INFO 2025-11-15 14:57:14,078 basehttp 13200 8152 "GET /api/v1/notes/flashcards/ HTTP/1.1" 200 1813
WARNING 2025-11-15 14:57:14,769 log 13200 17108 Not Found: /api/v1/auth/home
WARNING 2025-11-15 14:57:14,769 basehttp 13200 17108 "GET /api/v1/auth/home HTTP/1.1" 404 6061
INFO 2025-11-15 14:57:14,791 basehttp 13200 18840 "GET /api/v1/universities/universities/stats/ HTTP/1.1" 200 6574
INFO 2025-11-15 14:57:14,797 basehttp 13200 18840 "GET /api/v1/quizzes/questions/?date=2025-11-15 HTTP/1.1" 200 52
INFO 2025-11-15 14:57:14,807 basehttp 13200 17108 "GET /api/v1/courses/courses/stats/ HTTP/1.1" 200 1573
INFO 2025-11-15 14:57:15,688 basehttp 13200 17108 "GET /api/v1/universities/universities/ HTTP/1.1" 200 6807
INFO 2025-11-15 14:57:16,945 basehttp 13200 17108 "GET /api/v1/universities/universities/1/ HTTP/1.1" 200 4487
INFO 2025-11-15 14:57:17,962 basehttp 13200 18840 "GET /api/v1/bookmarks/courses/ HTTP/1.1" 200 545
INFO 2025-11-15 14:57:17,977 basehttp 13200 17108 "GET /api/v1/courses/courses/?university_id=1 HTTP/1.1" 200 1383
INFO 2025-11-15 14:57:19,254 basehttp 13200 17108 "POST /api/v1/bookmarks/courses/ HTTP/1.1" 200 59
INFO 2025-11-15 14:57:20,610 basehttp 13200 17108 "POST /api/v1/bookmarks/courses/ HTTP/1.1" 200 63
INFO 2025-11-15 14:57:22,033 basehttp 13200 17108 "GET /api/v1/universities/universities/1/ HTTP/1.1" 200 4487
INFO 2025-11-15 14:57:22,552 basehttp 13200 18840 "GET /api/v1/courses/courses/?university_id=1 HTTP/1.1" 200 1383
INFO 2025-11-15 14:57:22,553 basehttp 13200 17108 "GET /api/v1/bookmarks/courses/ HTTP/1.1" 200 545
INFO 2025-11-15 14:57:25,340 basehttp 13200 17108 "POST /api/v1/bookmarks/courses/ HTTP/1.1" 200 59
INFO 2025-11-15 14:57:26,231 basehttp 13200 17108 "GET /api/v1/universities/universities/1/ HTTP/1.1" 200 4487
INFO 2025-11-15 14:57:26,818 basehttp 13200 18840 "GET /api/v1/courses/courses/?university_id=1 HTTP/1.1" 200 1383
INFO 2025-11-15 14:57:26,821 basehttp 13200 17108 "GET /api/v1/bookmarks/courses/ HTTP/1.1" 200 1083
INFO 2025-11-15 14:57:33,668 basehttp 13200 17108 "POST /api/v1/bookmarks/courses/ HTTP/1.1" 200 63
INFO 2025-11-15 14:58:25,602 autoreload 13200 3328 X:\edvoyage-backup-cursor\backend\edvoayge\bookmarks\views.py changed, reloading.
INFO 2025-11-15 14:58:26,416 autoreload 18020 10352 Watching for file changes with StatReloader
INFO 2025-11-15 14:58:28,352 autoreload 18020 10352 X:\edvoyage-backup-cursor\backend\edvoayge\bookmarks\views.py changed, reloading.
INFO 2025-11-15 14:58:29,113 autoreload 11792 10428 Watching for file changes with StatReloader
INFO 2025-11-15 15:00:09,012 basehttp 11792 12252 "GET /api/v1/notes/flashcards/ HTTP/1.1" 200 1813
WARNING 2025-11-15 15:00:09,968 log 11792 17220 Not Found: /api/v1/auth/home
WARNING 2025-11-15 15:00:09,968 basehttp 11792 17220 "GET /api/v1/auth/home HTTP/1.1" 404 6061
INFO 2025-11-15 15:00:09,972 basehttp 11792 2856 "GET /api/v1/quizzes/questions/?date=2025-11-15 HTTP/1.1" 200 52
INFO 2025-11-15 15:00:09,989 basehttp 11792 18528 "GET /api/v1/courses/courses/stats/ HTTP/1.1" 200 1573
INFO 2025-11-15 15:00:10,012 basehttp 11792 10444 "GET /api/v1/universities/universities/stats/ HTTP/1.1" 200 6574
INFO 2025-11-15 15:00:11,200 basehttp 11792 10444 "GET /api/v1/universities/universities/ HTTP/1.1" 200 6807
INFO 2025-11-15 15:00:12,551 basehttp 11792 10444 "GET /api/v1/universities/universities/1/ HTTP/1.1" 200 4487
INFO 2025-11-15 15:00:13,875 basehttp 11792 10444 "GET /api/v1/bookmarks/courses/ HTTP/1.1" 200 545
INFO 2025-11-15 15:00:13,877 basehttp 11792 18528 "GET /api/v1/courses/courses/?university_id=1 HTTP/1.1" 200 1383
INFO 2025-11-15 15:00:15,111 basehttp 11792 18528 "POST /api/v1/bookmarks/courses/ HTTP/1.1" 200 76
INFO 2025-11-15 15:00:16,634 basehttp 11792 18528 "POST /api/v1/bookmarks/courses/ HTTP/1.1" 200 82
INFO 2025-11-15 15:00:18,258 basehttp 11792 18528 "POST /api/v1/bookmarks/courses/ HTTP/1.1" 200 76
INFO 2025-11-15 15:00:18,877 basehttp 11792 18528 "POST /api/v1/bookmarks/courses/ HTTP/1.1" 200 82
INFO 2025-11-15 15:00:21,915 basehttp 11792 18528 "GET /api/v1/universities/universities/2/ HTTP/1.1" 200 2426
INFO 2025-11-15 15:00:22,901 basehttp 11792 18528 "GET /api/v1/bookmarks/courses/ HTTP/1.1" 200 545
INFO 2025-11-15 15:00:22,901 basehttp 11792 10444 "GET /api/v1/courses/courses/?university_id=2 HTTP/1.1" 200 1383
INFO 2025-11-15 15:00:23,875 basehttp 11792 10444 "POST /api/v1/bookmarks/courses/ HTTP/1.1" 200 82
INFO 2025-11-15 15:00:24,317 basehttp 11792 10444 "POST /api/v1/bookmarks/courses/ HTTP/1.1" 200 76
INFO 2025-11-15 15:00:27,955 basehttp 11792 10444 "GET /api/v1/universities/universities/2/ HTTP/1.1" 200 2426
INFO 2025-11-15 15:00:29,851 basehttp 11792 10444 "OPTIONS /api/v1/bookmarks/add-favourite-university/ HTTP/1.1" 200 0
WARNING 2025-11-15 15:00:29,856 log 11792 10444 Not Found: /api/v1/bookmarks/add-favourite-university/
WARNING 2025-11-15 15:00:29,856 basehttp 11792 10444 "POST /api/v1/bookmarks/add-favourite-university/ HTTP/1.1" 404 6648
WARNING 2025-11-15 15:00:30,755 log 11792 10444 Not Found: /api/v1/bookmarks/add-favourite-university/
WARNING 2025-11-15 15:00:30,756 basehttp 11792 10444 "POST /api/v1/bookmarks/add-favourite-university/ HTTP/1.1" 404 6648
INFO 2025-11-17 10:33:04,676 autoreload 17288 1444 Watching for file changes with StatReloader
WARNING 2025-11-17 10:33:47,672 log 17288 8420 Not Found: /
WARNING 2025-11-17 10:33:47,672 basehttp 17288 8420 "GET / HTTP/1.1" 404 2648
WARNING 2025-11-17 10:33:47,922 log 17288 12780 Not Found: /favicon.ico
WARNING 2025-11-17 10:33:47,923 basehttp 17288 12780 "GET /favicon.ico HTTP/1.1" 404 2699
WARNING 2025-11-17 10:33:56,083 log 17288 16808 Not Found: /api/v1/
WARNING 2025-11-17 10:33:56,083 basehttp 17288 16808 "GET /api/v1/ HTTP/1.1" 404 6034
INFO 2025-11-17 10:34:03,851 basehttp 17288 16808 "GET /api/v1/users/ HTTP/1.1" 200 159
INFO 2025-11-17 10:34:11,361 basehttp 17288 16808 "GET /api/v1/users/users/ HTTP/1.1" 200 251
INFO 2025-11-17 10:34:26,402 basehttp 17288 16808 "GET /api/v1/users/profiles/ HTTP/1.1" 200 52
ERROR 2025-11-17 10:38:01,827 log 17288 16808 Internal Server Error: /api/v1/users/otp/
Traceback (most recent call last):
  File "C:\Users\bobby\AppData\Local\Programs\Python\Python312\Lib\site-packages\django\db\models\fields\__init__.py", line 2128, in get_prep_value
    return int(value)
           ^^^^^^^^^^
  File "C:\Users\bobby\AppData\Local\Programs\Python\Python312\Lib\site-packages\django\contrib\auth\models.py", line 549, in __int__
    raise TypeError(
TypeError: Cannot cast AnonymousUser to int. Are you trying to use it in place of User?

The above exception was the direct cause of the following exception:

Traceback (most recent call last):
  File "C:\Users\bobby\AppData\Local\Programs\Python\Python312\Lib\site-packages\django\core\handlers\exception.py", line 55, in inner
    response = get_response(request)
               ^^^^^^^^^^^^^^^^^^^^^
  File "C:\Users\bobby\AppData\Local\Programs\Python\Python312\Lib\site-packages\django\core\handlers\base.py", line 197, in _get_response
    response = wrapped_callback(request, *callback_args, **callback_kwargs)
               ^^^^^^^^^^^^^^^^^^^^^^^^^^^^^^^^^^^^^^^^^^^^^^^^^^^^^^^^^^^^
  File "C:\Users\bobby\AppData\Local\Programs\Python\Python312\Lib\site-packages\django\views\decorators\csrf.py", line 65, in _view_wrapper
    return view_func(request, *args, **kwargs)
           ^^^^^^^^^^^^^^^^^^^^^^^^^^^^^^^^^^^
  File "C:\Users\bobby\AppData\Local\Programs\Python\Python312\Lib\site-packages\rest_framework\viewsets.py", line 125, in view
    return self.dispatch(request, *args, **kwargs)
           ^^^^^^^^^^^^^^^^^^^^^^^^^^^^^^^^^^^^^^^
  File "C:\Users\bobby\AppData\Local\Programs\Python\Python312\Lib\site-packages\rest_framework\views.py", line 515, in dispatch
    response = self.handle_exception(exc)
               ^^^^^^^^^^^^^^^^^^^^^^^^^^
  File "C:\Users\bobby\AppData\Local\Programs\Python\Python312\Lib\site-packages\rest_framework\views.py", line 475, in handle_exception
    self.raise_uncaught_exception(exc)
  File "C:\Users\bobby\AppData\Local\Programs\Python\Python312\Lib\site-packages\rest_framework\views.py", line 486, in raise_uncaught_exception
    raise exc
  File "C:\Users\bobby\AppData\Local\Programs\Python\Python312\Lib\site-packages\rest_framework\views.py", line 512, in dispatch
    response = handler(request, *args, **kwargs)
               ^^^^^^^^^^^^^^^^^^^^^^^^^^^^^^^^^
  File "C:\Users\bobby\AppData\Local\Programs\Python\Python312\Lib\site-packages\rest_framework\mixins.py", line 38, in list
    queryset = self.filter_queryset(self.get_queryset())
                                    ^^^^^^^^^^^^^^^^^^^
  File "X:\edvoyage-backup-cursor\backend\edvoayge\users\views.py", line 615, in get_queryset
    return OTPVerification.objects.filter(user=self.request.user)
           ^^^^^^^^^^^^^^^^^^^^^^^^^^^^^^^^^^^^^^^^^^^^^^^^^^^^^^
  File "C:\Users\bobby\AppData\Local\Programs\Python\Python312\Lib\site-packages\django\db\models\manager.py", line 87, in manager_method
    return getattr(self.get_queryset(), name)(*args, **kwargs)
           ^^^^^^^^^^^^^^^^^^^^^^^^^^^^^^^^^^^^^^^^^^^^^^^^^^^
  File "C:\Users\bobby\AppData\Local\Programs\Python\Python312\Lib\site-packages\django\db\models\query.py", line 1493, in filter
    return self._filter_or_exclude(False, args, kwargs)
           ^^^^^^^^^^^^^^^^^^^^^^^^^^^^^^^^^^^^^^^^^^^^
  File "C:\Users\bobby\AppData\Local\Programs\Python\Python312\Lib\site-packages\django\db\models\query.py", line 1511, in _filter_or_exclude
    clone._filter_or_exclude_inplace(negate, args, kwargs)
  File "C:\Users\bobby\AppData\Local\Programs\Python\Python312\Lib\site-packages\django\db\models\query.py", line 1518, in _filter_or_exclude_inplace
    self._query.add_q(Q(*args, **kwargs))
  File "C:\Users\bobby\AppData\Local\Programs\Python\Python312\Lib\site-packages\django\db\models\sql\query.py", line 1646, in add_q
    clause, _ = self._add_q(q_object, can_reuse)
                ^^^^^^^^^^^^^^^^^^^^^^^^^^^^^^^^
  File "C:\Users\bobby\AppData\Local\Programs\Python\Python312\Lib\site-packages\django\db\models\sql\query.py", line 1678, in _add_q
    child_clause, needed_inner = self.build_filter(
                                 ^^^^^^^^^^^^^^^^^^
  File "C:\Users\bobby\AppData\Local\Programs\Python\Python312\Lib\site-packages\django\db\models\sql\query.py", line 1588, in build_filter
    condition = self.build_lookup(lookups, col, value)
                ^^^^^^^^^^^^^^^^^^^^^^^^^^^^^^^^^^^^^^
  File "C:\Users\bobby\AppData\Local\Programs\Python\Python312\Lib\site-packages\django\db\models\sql\query.py", line 1415, in build_lookup
    lookup = lookup_class(lhs, rhs)
             ^^^^^^^^^^^^^^^^^^^^^^
  File "C:\Users\bobby\AppData\Local\Programs\Python\Python312\Lib\site-packages\django\db\models\lookups.py", line 38, in __init__
    self.rhs = self.get_prep_lookup()
               ^^^^^^^^^^^^^^^^^^^^^^
  File "C:\Users\bobby\AppData\Local\Programs\Python\Python312\Lib\site-packages\django\db\models\fields\related_lookups.py", line 112, in get_prep_lookup
    self.rhs = target_field.get_prep_value(self.rhs)
               ^^^^^^^^^^^^^^^^^^^^^^^^^^^^^^^^^^^^^
  File "C:\Users\bobby\AppData\Local\Programs\Python\Python312\Lib\site-packages\django\db\models\fields\__init__.py", line 2130, in get_prep_value
    raise e.__class__(
TypeError: Field 'id' expected a number but got <django.contrib.auth.models.AnonymousUser object at 0x000001FB79B76BA0>.
ERROR 2025-11-17 10:38:01,831 basehttp 17288 16808 "GET /api/v1/users/otp/ HTTP/1.1" 500 169471
WARNING 2025-11-17 10:38:10,759 log 17288 16808 Not Found: /api/v1/users/users/otp/
WARNING 2025-11-17 10:38:10,760 basehttp 17288 16808 "GET /api/v1/users/users/otp/ HTTP/1.1" 404 23
WARNING 2025-11-17 10:39:13,667 log 17288 16808 Not Found: /api/v1/
WARNING 2025-11-17 10:39:13,668 basehttp 17288 16808 "GET /api/v1/ HTTP/1.1" 404 6034
INFO 2025-11-17 10:39:20,541 basehttp 17288 16808 "GET /api/v1/applications/ HTTP/1.1" 200 74
INFO 2025-11-17 10:39:30,324 basehttp 17288 16808 "GET /api/v1/applications/applications/ HTTP/1.1" 200 332
INFO 2025-11-17 10:40:05,116 basehttp 17288 16808 "GET /admin/ HTTP/1.1" 200 96013
INFO 2025-11-17 10:40:05,246 basehttp 17288 16808 "GET /static/admin/css/base.css HTTP/1.1" 200 22120
INFO 2025-11-17 10:40:05,258 basehttp 17288 12064 "GET /static/admin/css/dark_mode.css HTTP/1.1" 200 2808
INFO 2025-11-17 10:40:05,263 basehttp 17288 7748 "GET /static/admin/css/dashboard.css HTTP/1.1" 200 441
INFO 2025-11-17 10:40:05,267 basehttp 17288 2932 "GET /static/admin/css/nav_sidebar.css HTTP/1.1" 200 2810
INFO 2025-11-17 10:40:05,269 basehttp 17288 16792 "GET /static/admin/css/responsive.css HTTP/1.1" 200 16565
INFO 2025-11-17 10:40:05,276 basehttp 17288 16784 "GET /static/admin/js/theme.js HTTP/1.1" 200 1653
INFO 2025-11-17 10:40:05,292 basehttp 17288 16792 "GET /static/admin/js/nav_sidebar.js HTTP/1.1" 200 3063
INFO 2025-11-17 10:40:05,298 basehttp 17288 7748 "GET /static/admin/img/icon-deletelink.svg HTTP/1.1" 200 392
INFO 2025-11-17 10:40:05,298 basehttp 17288 2932 "GET /static/admin/img/icon-changelink.svg HTTP/1.1" 200 380
INFO 2025-11-17 10:40:05,299 basehttp 17288 16784 "GET /static/admin/img/icon-addlink.svg HTTP/1.1" 200 331
INFO 2025-11-17 10:40:12,050 basehttp 17288 7748 "GET /admin/applications/application/ HTTP/1.1" 200 72905
INFO 2025-11-17 10:40:12,078 basehttp 17288 7748 "GET /static/admin/css/changelists.css HTTP/1.1" 200 6878
INFO 2025-11-17 10:40:12,080 basehttp 17288 16792 "GET /static/admin/js/jquery.init.js HTTP/1.1" 200 347
INFO 2025-11-17 10:40:12,086 basehttp 17288 12064 "GET /static/admin/js/core.js HTTP/1.1" 200 6208
INFO 2025-11-17 10:40:12,088 basehttp 17288 16808 "GET /static/admin/js/admin/RelatedObjectLookups.js HTTP/1.1" 200 9777
INFO 2025-11-17 10:40:12,097 basehttp 17288 16784 "GET /admin/jsi18n/ HTTP/1.1" 200 3342
INFO 2025-11-17 10:40:12,098 basehttp 17288 7748 "GET /static/admin/js/actions.js HTTP/1.1" 200 8076
INFO 2025-11-17 10:40:12,098 basehttp 17288 16792 "GET /static/admin/js/urlify.js HTTP/1.1" 200 7887
INFO 2025-11-17 10:40:12,102 basehttp 17288 12064 "GET /static/admin/js/prepopulate.js HTTP/1.1" 200 1531
INFO 2025-11-17 10:40:12,115 basehttp 17288 2932 "GET /static/admin/js/vendor/jquery/jquery.js HTTP/1.1" 200 285314
INFO 2025-11-17 10:40:12,136 basehttp 17288 2932 "GET /static/admin/js/filters.js HTTP/1.1" 200 978
INFO 2025-11-17 10:40:12,168 basehttp 17288 16808 "GET /static/admin/js/vendor/xregexp/xregexp.js HTTP/1.1" 200 325171
INFO 2025-11-17 10:40:12,193 basehttp 17288 16808 "GET /static/admin/img/tooltag-add.svg HTTP/1.1" 200 331
INFO 2025-11-17 10:40:13,963 basehttp 17288 16808 "GET /admin/applications/application/1/change/ HTTP/1.1" 200 88871
INFO 2025-11-17 10:40:13,985 basehttp 17288 7748 "GET /admin/jsi18n/ HTTP/1.1" 200 3342
INFO 2025-11-17 10:40:13,986 basehttp 17288 16808 "GET /static/admin/css/forms.css HTTP/1.1" 200 8525
INFO 2025-11-17 10:40:13,995 basehttp 17288 16792 "GET /static/admin/js/prepopulate_init.js HTTP/1.1" 200 586
INFO 2025-11-17 10:40:13,999 basehttp 17288 12064 "GET /static/admin/js/admin/DateTimeShortcuts.js HTTP/1.1" 200 19319
INFO 2025-11-17 10:40:13,999 basehttp 17288 16808 "GET /static/admin/css/widgets.css HTTP/1.1" 200 11991
INFO 2025-11-17 10:40:13,999 basehttp 17288 2932 "GET /static/admin/js/calendar.js HTTP/1.1" 200 9141
INFO 2025-11-17 10:40:14,011 basehttp 17288 16808 "GET /static/admin/img/icon-viewlink.svg HTTP/1.1" 200 581
INFO 2025-11-17 10:40:14,016 basehttp 17288 2932 "GET /static/admin/js/change_form.js HTTP/1.1" 200 606
INFO 2025-11-17 10:40:14,066 basehttp 17288 16808 "GET /static/admin/img/icon-clock.svg HTTP/1.1" 200 677
INFO 2025-11-17 10:40:14,066 basehttp 17288 2932 "GET /static/admin/img/icon-calendar.svg HTTP/1.1" 200 1086
INFO 2025-11-17 10:46:22,004 basehttp 17288 4460 "GET /api/v1/cavity/api/posts HTTP/1.1" 301 0
INFO 2025-11-17 10:46:22,014 basehttp 17288 3324 "GET /api/v1/cavity/api/posts/ HTTP/1.1" 200 52
WARNING 2025-11-17 10:46:24,345 log 17288 3324 Not Found: /api/v1/cavity/
WARNING 2025-11-17 10:46:24,346 basehttp 17288 3324 "GET /api/v1/cavity/ HTTP/1.1" 404 11196
INFO 2025-11-17 10:48:03,993 autoreload 17288 1444 X:\edvoyage-backup-cursor\backend\edvoayge\cavity\views.py changed, reloading.
INFO 2025-11-17 10:48:04,982 autoreload 2376 12876 Watching for file changes with StatReloader
INFO 2025-11-17 10:49:12,667 basehttp 2376 10160 "GET /api/v1/cavity/api/search/posts/ HTTP/1.1" 200 14
WARNING 2025-11-17 10:49:28,856 log 2376 10160 Not Found: /api/v1/cavity/search/users/
WARNING 2025-11-17 10:49:28,857 basehttp 2376 10160 "GET /api/v1/cavity/search/users/ HTTP/1.1" 404 11235
INFO 2025-11-17 10:49:37,094 basehttp 2376 10160 "GET /api/v1/cavity/api/search/users/ HTTP/1.1" 200 14
INFO 2025-11-17 10:49:48,608 basehttp 2376 10160 "GET /admin/cavity/post/ HTTP/1.1" 200 71492
INFO 2025-11-17 10:49:48,630 basehttp 2376 10160 "GET /admin/jsi18n/ HTTP/1.1" 200 3342
INFO 2025-11-17 10:49:49,894 basehttp 2376 10160 "GET /admin/cavity/post/add/ HTTP/1.1" 200 78540
INFO 2025-11-17 10:49:49,916 basehttp 2376 10160 "GET /admin/jsi18n/ HTTP/1.1" 200 3342
INFO 2025-11-17 10:49:53,390 basehttp 2376 10160 "GET /admin/auth/user/add/?_to_field=id&_popup=1 HTTP/1.1" 200 55568
INFO 2025-11-17 10:49:53,403 basehttp 2376 10160 "GET /admin/jsi18n/ HTTP/1.1" 200 3342
INFO 2025-11-17 10:50:13,509 basehttp 2376 10160 "POST /admin/cavity/post/add/ HTTP/1.1" 200 78826
INFO 2025-11-17 10:50:13,533 basehttp 2376 10160 "GET /admin/jsi18n/ HTTP/1.1" 200 3342
INFO 2025-11-17 10:50:24,930 basehttp 2376 10160 "POST /admin/cavity/post/add/ HTTP/1.1" 200 78842
INFO 2025-11-17 10:50:24,951 basehttp 2376 10160 "GET /admin/jsi18n/ HTTP/1.1" 200 3342
INFO 2025-11-17 10:50:32,037 basehttp 2376 10160 "POST /admin/cavity/post/add/ HTTP/1.1" 302 0
INFO 2025-11-17 10:50:32,070 basehttp 2376 10160 "GET /admin/cavity/post/ HTTP/1.1" 200 73069
INFO 2025-11-17 10:50:32,091 basehttp 2376 10160 "GET /admin/jsi18n/ HTTP/1.1" 200 3342
INFO 2025-11-17 10:50:32,154 basehttp 2376 10160 "GET /static/admin/img/icon-yes.svg HTTP/1.1" 200 436
INFO 2025-11-17 10:50:36,974 basehttp 2376 10160 "GET /api/v1/cavity/api/search/users/ HTTP/1.1" 200 14
INFO 2025-11-17 10:50:42,438 basehttp 2376 10160 "GET /api/v1/cavity/api/search/posts/ HTTP/1.1" 200 14
INFO 2025-11-17 10:50:55,327 basehttp 2376 10160 "GET /api/v1/cavity/api/search/posts/ HTTP/1.1" 200 14
INFO 2025-11-17 10:51:08,183 basehttp 2376 10160 "GET /api/v1/cavity/api/search/posts/ HTTP/1.1" 200 14
INFO 2025-11-17 10:52:49,530 autoreload 2376 12876 X:\edvoyage-backup-cursor\backend\edvoayge\cavity\urls.py changed, reloading.
INFO 2025-11-17 10:52:50,357 autoreload 3532 8204 Watching for file changes with StatReloader
INFO 2025-11-17 10:52:57,344 autoreload 3532 8204 X:\edvoyage-backup-cursor\backend\edvoayge\cavity\urls.py changed, reloading.
INFO 2025-11-17 10:52:58,106 autoreload 10220 2108 Watching for file changes with StatReloader
INFO 2025-11-17 11:17:04,266 basehttp 10220 5808 "GET /api/v1/users/ HTTP/1.1" 200 159
WARNING 2025-11-17 11:22:35,238 log 10220 13444 Not Found: /api/auth/send-otp/
WARNING 2025-11-17 11:22:35,238 basehttp 10220 13444 "POST /api/auth/send-otp/ HTTP/1.1" 404 2721
WARNING 2025-11-17 11:22:44,018 log 10220 13444 Not Found: /api/v1/auth/send-otp/
WARNING 2025-11-17 11:22:44,018 basehttp 10220 13444 "POST /api/v1/auth/send-otp/ HTTP/1.1" 404 6077
WARNING 2025-11-17 11:22:53,493 log 10220 13444 Not Found: /api/v1/users/auth/send-otp/
WARNING 2025-11-17 11:22:53,493 basehttp 10220 13444 "POST /api/v1/users/auth/send-otp/ HTTP/1.1" 404 21662
INFO 2025-11-17 11:23:04,023 basehttp 10220 13976 "GET /api/v1/users/users/ HTTP/1.1" 200 251
WARNING 2025-11-17 11:23:11,006 log 10220 13976 Not Found: /api/v1/
WARNING 2025-11-17 11:23:11,007 basehttp 10220 13976 "GET /api/v1/ HTTP/1.1" 404 6034
WARNING 2025-11-17 11:23:35,902 log 10220 13444 Not Found: /api/v1/api/auth/send-otp/
WARNING 2025-11-17 11:23:35,902 basehttp 10220 13444 "POST /api/v1/api/auth/send-otp/ HTTP/1.1" 404 6089
WARNING 2025-11-17 11:24:18,661 log 10220 13976 Not Found: /api/v1/
WARNING 2025-11-17 11:24:18,661 basehttp 10220 13976 "GET /api/v1/ HTTP/1.1" 404 6034
WARNING 2025-11-17 11:24:18,692 log 10220 13976 Not Found: /.well-known/appspecific/com.chrome.devtools.json
WARNING 2025-11-17 11:24:18,692 basehttp 10220 13976 "GET /.well-known/appspecific/com.chrome.devtools.json HTTP/1.1" 404 2810
INFO 2025-11-17 11:25:40,514 autoreload 10220 2108 X:\edvoyage-backup-cursor\backend\edvoayge\users\urls.py changed, reloading.
INFO 2025-11-17 11:25:41,269 autoreload 3416 18032 Watching for file changes with StatReloader
INFO 2025-11-17 11:25:54,734 basehttp 3416 16712 "GET /api/v1/users/ HTTP/1.1" 200 159
WARNING 2025-11-17 11:26:09,777 log 3416 16712 Not Found: /api/v1/users/send-otp/
WARNING 2025-11-17 11:26:09,778 basehttp 3416 16712 "GET /api/v1/users/send-otp/ HTTP/1.1" 404 21638
WARNING 2025-11-17 11:26:23,586 log 3416 16712 Method Not Allowed: /api/v1/users//send-otp/
WARNING 2025-11-17 11:26:23,587 basehttp 3416 16712 "GET /api/v1/users//send-otp/ HTTP/1.1" 405 40
INFO 2025-11-17 11:26:29,653 autoreload 3416 18032 X:\edvoyage-backup-cursor\backend\edvoayge\users\urls.py changed, reloading.
INFO 2025-11-17 11:26:30,431 autoreload 1124 17684 Watching for file changes with StatReloader
WARNING 2025-11-17 11:26:41,639 log 1124 8500 Bad Request: /api/v1/users/send-otp/
WARNING 2025-11-17 11:26:41,639 basehttp 1124 8500 "POST /api/v1/users/send-otp/ HTTP/1.1" 400 52
INFO 2025-11-17 11:27:16,523 services 1124 8500 OTP email sent successfully to testuser@example.com
INFO 2025-11-17 11:27:16,528 basehttp 1124 8500 "POST /api/v1/users/send-otp/ HTTP/1.1" 201 79
WARNING 2025-11-17 11:30:58,125 log 1124 2852 Bad Request: /api/v1/users/otp/verify/
WARNING 2025-11-17 11:30:58,125 basehttp 1124 2852 "POST /api/v1/users/otp/verify/ HTTP/1.1" 400 63
WARNING 2025-11-17 11:31:14,736 log 1124 2852 Bad Request: /api/v1/users/otp/verify/
WARNING 2025-11-17 11:31:14,737 basehttp 1124 2852 "POST /api/v1/users/otp/verify/ HTTP/1.1" 400 52
WARNING 2025-11-17 11:31:20,927 log 1124 2852 Bad Request: /api/v1/users/otp/verify/
WARNING 2025-11-17 11:31:20,928 basehttp 1124 2852 "POST /api/v1/users/otp/verify/ HTTP/1.1" 400 52
INFO 2025-11-17 11:33:43,605 autoreload 1124 17684 X:\edvoyage-backup-cursor\backend\edvoayge\users\views.py changed, reloading.
INFO 2025-11-17 11:33:44,480 autoreload 6760 17920 Watching for file changes with StatReloader
INFO 2025-11-17 11:33:51,008 autoreload 6760 17920 X:\edvoyage-backup-cursor\backend\edvoayge\users\views.py changed, reloading.
INFO 2025-11-17 11:33:51,714 autoreload 12384 17308 Watching for file changes with StatReloader
INFO 2025-11-17 11:34:16,651 autoreload 12384 17308 X:\edvoyage-backup-cursor\backend\edvoayge\users\views.py changed, reloading.
INFO 2025-11-17 11:34:17,317 autoreload 5812 4104 Watching for file changes with StatReloader
WARNING 2025-11-17 11:34:22,908 log 5812 3240 Bad Request: /api/v1/users/otp/verify/
WARNING 2025-11-17 11:34:22,912 basehttp 5812 3240 "POST /api/v1/users/otp/verify/ HTTP/1.1" 400 52
INFO 2025-11-17 11:34:54,506 autoreload 5812 4104 X:\edvoyage-backup-cursor\backend\edvoayge\users\views.py changed, reloading.
INFO 2025-11-17 11:34:55,248 autoreload 5020 13200 Watching for file changes with StatReloader
ERROR 2025-11-17 11:34:59,835 log 5020 14672 Internal Server Error: /api/v1/users/otp/verify/
Traceback (most recent call last):
  File "C:\Users\bobby\AppData\Local\Programs\Python\Python312\Lib\site-packages\django\core\handlers\exception.py", line 55, in inner
    response = get_response(request)
               ^^^^^^^^^^^^^^^^^^^^^
  File "C:\Users\bobby\AppData\Local\Programs\Python\Python312\Lib\site-packages\django\core\handlers\base.py", line 197, in _get_response
    response = wrapped_callback(request, *callback_args, **callback_kwargs)
               ^^^^^^^^^^^^^^^^^^^^^^^^^^^^^^^^^^^^^^^^^^^^^^^^^^^^^^^^^^^^
  File "C:\Users\bobby\AppData\Local\Programs\Python\Python312\Lib\site-packages\django\views\decorators\csrf.py", line 65, in _view_wrapper
    return view_func(request, *args, **kwargs)
           ^^^^^^^^^^^^^^^^^^^^^^^^^^^^^^^^^^^
  File "C:\Users\bobby\AppData\Local\Programs\Python\Python312\Lib\site-packages\rest_framework\viewsets.py", line 125, in view
    return self.dispatch(request, *args, **kwargs)
           ^^^^^^^^^^^^^^^^^^^^^^^^^^^^^^^^^^^^^^^
  File "C:\Users\bobby\AppData\Local\Programs\Python\Python312\Lib\site-packages\rest_framework\views.py", line 515, in dispatch
    response = self.handle_exception(exc)
               ^^^^^^^^^^^^^^^^^^^^^^^^^^
  File "C:\Users\bobby\AppData\Local\Programs\Python\Python312\Lib\site-packages\rest_framework\views.py", line 475, in handle_exception
    self.raise_uncaught_exception(exc)
  File "C:\Users\bobby\AppData\Local\Programs\Python\Python312\Lib\site-packages\rest_framework\views.py", line 486, in raise_uncaught_exception
    raise exc
  File "C:\Users\bobby\AppData\Local\Programs\Python\Python312\Lib\site-packages\rest_framework\views.py", line 512, in dispatch
    response = handler(request, *args, **kwargs)
               ^^^^^^^^^^^^^^^^^^^^^^^^^^^^^^^^^
  File "X:\edvoyage-backup-cursor\backend\edvoayge\users\views.py", line 716, in verify_otp
    if not self.verify_otp_code(otp_code):
           ^^^^^^^^^^^^^^^^^^^^^^^^^^^^^^
  File "X:\edvoyage-backup-cursor\backend\edvoayge\users\views.py", line 611, in verify_otp_code
    return True
           ^^^^
NameError: name 'true' is not defined. Did you mean: 'True'?
ERROR 2025-11-17 11:34:59,836 basehttp 5020 14672 "POST /api/v1/users/otp/verify/ HTTP/1.1" 500 102431
INFO 2025-11-17 11:35:17,940 autoreload 5020 13200 X:\edvoyage-backup-cursor\backend\edvoayge\users\views.py changed, reloading.
INFO 2025-11-17 11:35:18,674 autoreload 17656 7484 Watching for file changes with StatReloader
INFO 2025-11-17 11:35:21,161 basehttp 17656 10872 "POST /api/v1/users/otp/verify/ HTTP/1.1" 200 604
INFO 2025-11-17 11:38:04,184 basehttp 17656 5336 "POST /api/v1/users/otp/verify/ HTTP/1.1" 200 605
INFO 2025-11-17 11:43:08,027 autoreload 17656 7484 X:\edvoyage-backup-cursor\backend\edvoayge\cavity\views.py changed, reloading.
INFO 2025-11-17 11:43:08,810 autoreload 14184 17908 Watching for file changes with StatReloader
INFO 2025-11-17 11:43:16,825 autoreload 14184 17908 X:\edvoyage-backup-cursor\backend\edvoayge\cavity\urls.py changed, reloading.
INFO 2025-11-17 11:43:17,611 autoreload 2180 7864 Watching for file changes with StatReloader
WARNING 2025-11-17 11:43:32,359 log 2180 9940 Not Found: /api/v1/api/users/posts/
WARNING 2025-11-17 11:43:32,359 basehttp 2180 9940 "POST /api/v1/api/users/posts/ HTTP/1.1" 404 6083
WARNING 2025-11-17 11:43:46,896 log 2180 9940 Not Found: /api/v1/api/users/posts/
WARNING 2025-11-17 11:43:46,896 basehttp 2180 9940 "GET /api/v1/api/users/posts/ HTTP/1.1" 404 6082
INFO 2025-11-17 11:44:04,305 basehttp 2180 2340 "GET /api/v1/cavity/api/posts/ HTTP/1.1" 200 418
WARNING 2025-11-17 11:44:07,896 log 2180 2340 Not Found: /api/v1/cavity/
WARNING 2025-11-17 11:44:07,897 basehttp 2180 2340 "GET /api/v1/cavity/ HTTP/1.1" 404 11180
ERROR 2025-11-17 11:44:22,039 log 2180 2340 Internal Server Error: /api/v1/cavity/api/users/posts/
Traceback (most recent call last):
  File "C:\Users\bobby\AppData\Local\Programs\Python\Python312\Lib\site-packages\django\core\handlers\exception.py", line 55, in inner
    response = get_response(request)
               ^^^^^^^^^^^^^^^^^^^^^
  File "C:\Users\bobby\AppData\Local\Programs\Python\Python312\Lib\site-packages\django\core\handlers\base.py", line 197, in _get_response
    response = wrapped_callback(request, *callback_args, **callback_kwargs)
               ^^^^^^^^^^^^^^^^^^^^^^^^^^^^^^^^^^^^^^^^^^^^^^^^^^^^^^^^^^^^
  File "C:\Users\bobby\AppData\Local\Programs\Python\Python312\Lib\site-packages\django\views\decorators\csrf.py", line 65, in _view_wrapper
    return view_func(request, *args, **kwargs)
           ^^^^^^^^^^^^^^^^^^^^^^^^^^^^^^^^^^^
  File "C:\Users\bobby\AppData\Local\Programs\Python\Python312\Lib\site-packages\rest_framework\viewsets.py", line 125, in view
    return self.dispatch(request, *args, **kwargs)
           ^^^^^^^^^^^^^^^^^^^^^^^^^^^^^^^^^^^^^^^
  File "C:\Users\bobby\AppData\Local\Programs\Python\Python312\Lib\site-packages\rest_framework\views.py", line 515, in dispatch
    response = self.handle_exception(exc)
               ^^^^^^^^^^^^^^^^^^^^^^^^^^
  File "C:\Users\bobby\AppData\Local\Programs\Python\Python312\Lib\site-packages\rest_framework\views.py", line 475, in handle_exception
    self.raise_uncaught_exception(exc)
  File "C:\Users\bobby\AppData\Local\Programs\Python\Python312\Lib\site-packages\rest_framework\views.py", line 486, in raise_uncaught_exception
    raise exc
  File "C:\Users\bobby\AppData\Local\Programs\Python\Python312\Lib\site-packages\rest_framework\views.py", line 512, in dispatch
    response = handler(request, *args, **kwargs)
               ^^^^^^^^^^^^^^^^^^^^^^^^^^^^^^^^^
  File "C:\Users\bobby\AppData\Local\Programs\Python\Python312\Lib\site-packages\rest_framework\mixins.py", line 54, in retrieve
    instance = self.get_object()
               ^^^^^^^^^^^^^^^^^
  File "C:\Users\bobby\AppData\Local\Programs\Python\Python312\Lib\site-packages\rest_framework\generics.py", line 87, in get_object
    queryset = self.filter_queryset(self.get_queryset())
               ^^^^^^^^^^^^^^^^^^^^^^^^^^^^^^^^^^^^^^^^^
  File "C:\Users\bobby\AppData\Local\Programs\Python\Python312\Lib\site-packages\rest_framework\generics.py", line 154, in filter_queryset
    queryset = backend().filter_queryset(self.request, queryset, self)
               ^^^^^^^^^^^^^^^^^^^^^^^^^^^^^^^^^^^^^^^^^^^^^^^^^^^^^^^
  File "C:\Users\bobby\AppData\Local\Programs\Python\Python312\Lib\site-packages\django_filters\rest_framework\backends.py", line 66, in filter_queryset
    filterset = self.get_filterset(request, queryset, view)
                ^^^^^^^^^^^^^^^^^^^^^^^^^^^^^^^^^^^^^^^^^^^
  File "C:\Users\bobby\AppData\Local\Programs\Python\Python312\Lib\site-packages\django_filters\rest_framework\backends.py", line 18, in get_filterset
    filterset_class = self.get_filterset_class(view, queryset)
                      ^^^^^^^^^^^^^^^^^^^^^^^^^^^^^^^^^^^^^^^^
  File "C:\Users\bobby\AppData\Local\Programs\Python\Python312\Lib\site-packages\django_filters\rest_framework\backends.py", line 49, in get_filterset_class
    class AutoFilterSet(self.filterset_base):
  File "C:\Users\bobby\AppData\Local\Programs\Python\Python312\Lib\site-packages\django_filters\filterset.py", line 82, in __new__
    new_class.base_filters = new_class.get_filters()
                             ^^^^^^^^^^^^^^^^^^^^^^^
  File "C:\Users\bobby\AppData\Local\Programs\Python\Python312\Lib\site-packages\django_filters\filterset.py", line 371, in get_filters
    raise TypeError(
TypeError: 'Meta.fields' must not contain non-model field names: year_tag, is_verified
ERROR 2025-11-17 11:44:22,042 basehttp 2180 2340 "GET /api/v1/cavity/api/users/posts/ HTTP/1.1" 500 133970
ERROR 2025-11-17 11:44:30,885 log 2180 9940 Internal Server Error: /api/v1/cavity/api/users/posts/
Traceback (most recent call last):
  File "C:\Users\bobby\AppData\Local\Programs\Python\Python312\Lib\site-packages\django\core\handlers\exception.py", line 55, in inner
    response = get_response(request)
               ^^^^^^^^^^^^^^^^^^^^^
  File "C:\Users\bobby\AppData\Local\Programs\Python\Python312\Lib\site-packages\django\core\handlers\base.py", line 197, in _get_response
    response = wrapped_callback(request, *callback_args, **callback_kwargs)
               ^^^^^^^^^^^^^^^^^^^^^^^^^^^^^^^^^^^^^^^^^^^^^^^^^^^^^^^^^^^^
  File "C:\Users\bobby\AppData\Local\Programs\Python\Python312\Lib\site-packages\django\views\decorators\csrf.py", line 65, in _view_wrapper
    return view_func(request, *args, **kwargs)
           ^^^^^^^^^^^^^^^^^^^^^^^^^^^^^^^^^^^
  File "C:\Users\bobby\AppData\Local\Programs\Python\Python312\Lib\site-packages\rest_framework\viewsets.py", line 125, in view
    return self.dispatch(request, *args, **kwargs)
           ^^^^^^^^^^^^^^^^^^^^^^^^^^^^^^^^^^^^^^^
  File "C:\Users\bobby\AppData\Local\Programs\Python\Python312\Lib\site-packages\rest_framework\views.py", line 515, in dispatch
    response = self.handle_exception(exc)
               ^^^^^^^^^^^^^^^^^^^^^^^^^^
  File "C:\Users\bobby\AppData\Local\Programs\Python\Python312\Lib\site-packages\rest_framework\views.py", line 475, in handle_exception
    self.raise_uncaught_exception(exc)
  File "C:\Users\bobby\AppData\Local\Programs\Python\Python312\Lib\site-packages\rest_framework\views.py", line 486, in raise_uncaught_exception
    raise exc
  File "C:\Users\bobby\AppData\Local\Programs\Python\Python312\Lib\site-packages\rest_framework\views.py", line 512, in dispatch
    response = handler(request, *args, **kwargs)
               ^^^^^^^^^^^^^^^^^^^^^^^^^^^^^^^^^
  File "C:\Users\bobby\AppData\Local\Programs\Python\Python312\Lib\site-packages\rest_framework\mixins.py", line 54, in retrieve
    instance = self.get_object()
               ^^^^^^^^^^^^^^^^^
  File "C:\Users\bobby\AppData\Local\Programs\Python\Python312\Lib\site-packages\rest_framework\generics.py", line 87, in get_object
    queryset = self.filter_queryset(self.get_queryset())
               ^^^^^^^^^^^^^^^^^^^^^^^^^^^^^^^^^^^^^^^^^
  File "C:\Users\bobby\AppData\Local\Programs\Python\Python312\Lib\site-packages\rest_framework\generics.py", line 154, in filter_queryset
    queryset = backend().filter_queryset(self.request, queryset, self)
               ^^^^^^^^^^^^^^^^^^^^^^^^^^^^^^^^^^^^^^^^^^^^^^^^^^^^^^^
  File "C:\Users\bobby\AppData\Local\Programs\Python\Python312\Lib\site-packages\django_filters\rest_framework\backends.py", line 66, in filter_queryset
    filterset = self.get_filterset(request, queryset, view)
                ^^^^^^^^^^^^^^^^^^^^^^^^^^^^^^^^^^^^^^^^^^^
  File "C:\Users\bobby\AppData\Local\Programs\Python\Python312\Lib\site-packages\django_filters\rest_framework\backends.py", line 18, in get_filterset
    filterset_class = self.get_filterset_class(view, queryset)
                      ^^^^^^^^^^^^^^^^^^^^^^^^^^^^^^^^^^^^^^^^
  File "C:\Users\bobby\AppData\Local\Programs\Python\Python312\Lib\site-packages\django_filters\rest_framework\backends.py", line 49, in get_filterset_class
    class AutoFilterSet(self.filterset_base):
  File "C:\Users\bobby\AppData\Local\Programs\Python\Python312\Lib\site-packages\django_filters\filterset.py", line 82, in __new__
    new_class.base_filters = new_class.get_filters()
                             ^^^^^^^^^^^^^^^^^^^^^^^
  File "C:\Users\bobby\AppData\Local\Programs\Python\Python312\Lib\site-packages\django_filters\filterset.py", line 371, in get_filters
    raise TypeError(
TypeError: 'Meta.fields' must not contain non-model field names: year_tag, is_verified
ERROR 2025-11-17 11:44:30,887 basehttp 2180 9940 "GET /api/v1/cavity/api/users/posts/ HTTP/1.1" 500 131751
INFO 2025-11-17 11:46:11,240 autoreload 2180 7864 X:\edvoyage-backup-cursor\backend\edvoayge\cavity\views.py changed, reloading.
INFO 2025-11-17 11:46:12,031 autoreload 5324 12740 Watching for file changes with StatReloader
WARNING 2025-11-17 11:46:14,909 log 5324 12532 Not Found: /api/v1/cavity/api/users/posts/
WARNING 2025-11-17 11:46:14,909 basehttp 5324 12532 "GET /api/v1/cavity/api/users/posts/ HTTP/1.1" 404 23
WARNING 2025-11-17 11:47:40,050 log 5324 2272 Not Found: /api/v1/cavity/api/users/posts/
WARNING 2025-11-17 11:47:40,050 basehttp 5324 2272 "GET /api/v1/cavity/api/users/posts/ HTTP/1.1" 404 23
INFO 2025-11-17 11:47:49,534 services 5324 2272 OTP email sent successfully to testuser@example.com
INFO 2025-11-17 11:47:49,535 basehttp 5324 2272 "POST /api/v1/users/send-otp/ HTTP/1.1" 201 79
INFO 2025-11-17 11:47:55,574 basehttp 5324 2272 "POST /api/v1/users/otp/verify/ HTTP/1.1" 200 605
WARNING 2025-11-17 11:48:03,518 log 5324 2272 Not Found: /api/v1/cavity/api/users/posts/
WARNING 2025-11-17 11:48:03,518 basehttp 5324 2272 "GET /api/v1/cavity/api/users/posts/ HTTP/1.1" 404 23
INFO 2025-11-23 12:07:32,611 autoreload 12104 18412 Watching for file changes with StatReloader
WARNING 2025-11-23 12:07:57,035 log 12104 5952 Not Found: /
WARNING 2025-11-23 12:07:57,036 basehttp 12104 5952 "GET / HTTP/1.1" 404 2648
WARNING 2025-11-23 12:07:57,185 log 12104 5952 Not Found: /favicon.ico
WARNING 2025-11-23 12:07:57,186 basehttp 12104 5952 "GET /favicon.ico HTTP/1.1" 404 2699
INFO 2025-11-23 12:08:01,252 basehttp 12104 5952 "GET /admin/ HTTP/1.1" 302 0
INFO 2025-11-23 12:08:01,275 basehttp 12104 5952 "GET /admin/login/?next=/admin/ HTTP/1.1" 200 4172
INFO 2025-11-23 12:08:01,433 basehttp 12104 19912 "GET /static/admin/css/dark_mode.css HTTP/1.1" 200 2808
INFO 2025-11-23 12:08:01,437 basehttp 12104 5952 "GET /static/admin/css/base.css HTTP/1.1" 200 22120
INFO 2025-11-23 12:08:01,438 basehttp 12104 3560 "GET /static/admin/css/nav_sidebar.css HTTP/1.1" 200 2810
INFO 2025-11-23 12:08:01,438 basehttp 12104 17448 "GET /static/admin/js/theme.js HTTP/1.1" 200 1653
INFO 2025-11-23 12:08:01,439 basehttp 12104 19452 "GET /static/admin/css/login.css HTTP/1.1" 200 951
INFO 2025-11-23 12:08:01,439 basehttp 12104 19108 "GET /static/admin/css/responsive.css HTTP/1.1" 200 16565
INFO 2025-11-23 12:08:01,442 basehttp 12104 19108 "GET /static/admin/js/nav_sidebar.js HTTP/1.1" 200 3063
INFO 2025-11-23 12:08:05,539 basehttp 12104 19108 "POST /admin/login/?next=/admin/ HTTP/1.1" 302 0
INFO 2025-11-23 12:08:05,592 basehttp 12104 19108 "GET /admin/ HTTP/1.1" 200 99403
INFO 2025-11-23 12:08:05,609 basehttp 12104 19108 "GET /static/admin/css/dashboard.css HTTP/1.1" 200 441
INFO 2025-11-23 12:08:05,642 basehttp 12104 19452 "GET /static/admin/img/icon-changelink.svg HTTP/1.1" 200 380
INFO 2025-11-23 12:08:05,642 basehttp 12104 19108 "GET /static/admin/img/icon-addlink.svg HTTP/1.1" 200 331
INFO 2025-11-23 12:08:05,644 basehttp 12104 17448 "GET /static/admin/img/icon-deletelink.svg HTTP/1.1" 200 392
INFO 2025-11-23 12:08:23,054 basehttp 12104 17448 "GET /admin/feed/feedcategory/ HTTP/1.1" 200 74060
INFO 2025-11-23 12:08:23,073 basehttp 12104 17448 "GET /static/admin/css/changelists.css HTTP/1.1" 200 6878
INFO 2025-11-23 12:08:23,075 basehttp 12104 19912 "GET /static/admin/js/admin/RelatedObjectLookups.js HTTP/1.1" 200 9777
INFO 2025-11-23 12:08:23,075 basehttp 12104 5952 "GET /static/admin/js/core.js HTTP/1.1" 200 6208
INFO 2025-11-23 12:08:23,075 basehttp 12104 3560 "GET /static/admin/js/jquery.init.js HTTP/1.1" 200 347
INFO 2025-11-23 12:08:23,079 basehttp 12104 17448 "GET /static/admin/js/urlify.js HTTP/1.1" 200 7887
INFO 2025-11-23 12:08:23,079 basehttp 12104 5952 "GET /static/admin/js/prepopulate.js HTTP/1.1" 200 1531
INFO 2025-11-23 12:08:23,080 basehttp 12104 19912 "GET /static/admin/js/actions.js HTTP/1.1" 200 8076
INFO 2025-11-23 12:08:23,083 basehttp 12104 19108 "GET /admin/jsi18n/ HTTP/1.1" 200 3342
INFO 2025-11-23 12:08:23,084 basehttp 12104 19452 "GET /static/admin/js/vendor/jquery/jquery.js HTTP/1.1" 200 285314
INFO 2025-11-23 12:08:23,084 basehttp 12104 3560 "GET /static/admin/js/vendor/xregexp/xregexp.js HTTP/1.1" 200 325171
INFO 2025-11-23 12:08:23,092 basehttp 12104 3560 "GET /static/admin/js/filters.js HTTP/1.1" 200 978
INFO 2025-11-23 12:08:23,108 basehttp 12104 3560 "GET /static/admin/img/tooltag-add.svg HTTP/1.1" 200 331
INFO 2025-11-23 12:08:24,164 basehttp 12104 3560 "GET /admin/feed/feedcategory/add/ HTTP/1.1" 200 74832
INFO 2025-11-23 12:08:24,180 basehttp 12104 3560 "GET /static/admin/css/forms.css HTTP/1.1" 200 8525
INFO 2025-11-23 12:08:24,180 basehttp 12104 19452 "GET /static/admin/js/prepopulate_init.js HTTP/1.1" 200 586
INFO 2025-11-23 12:08:24,184 basehttp 12104 19108 "GET /admin/jsi18n/ HTTP/1.1" 200 3342
INFO 2025-11-23 12:08:24,198 basehttp 12104 3560 "GET /static/admin/js/change_form.js HTTP/1.1" 200 606
INFO 2025-11-23 12:08:24,199 basehttp 12104 19108 "GET /static/admin/css/widgets.css HTTP/1.1" 200 11991
INFO 2025-11-23 12:08:28,209 basehttp 12104 19108 "POST /admin/feed/feedcategory/add/ HTTP/1.1" 302 0
INFO 2025-11-23 12:08:28,240 basehttp 12104 19108 "GET /admin/feed/feedcategory/ HTTP/1.1" 200 75553
INFO 2025-11-23 12:08:28,263 basehttp 12104 19108 "GET /admin/jsi18n/ HTTP/1.1" 200 3342
INFO 2025-11-23 12:08:28,287 basehttp 12104 19108 "GET /static/admin/img/icon-yes.svg HTTP/1.1" 200 436
INFO 2025-11-23 12:08:32,251 basehttp 12104 19108 "GET /admin/feed/feedcategory/add/ HTTP/1.1" 200 74832
INFO 2025-11-23 12:08:32,271 basehttp 12104 19108 "GET /admin/jsi18n/ HTTP/1.1" 200 3342
INFO 2025-11-23 12:08:34,129 basehttp 12104 19108 "GET /admin/feed/feedcategory/ HTTP/1.1" 200 75347
INFO 2025-11-23 12:08:41,909 basehttp 12104 19108 "GET /admin/feed/post/ HTTP/1.1" 200 73999
INFO 2025-11-23 12:08:41,930 basehttp 12104 19108 "GET /admin/jsi18n/ HTTP/1.1" 200 3342
INFO 2025-11-23 12:08:42,920 basehttp 12104 19108 "GET /admin/feed/post/add/ HTTP/1.1" 200 78570
INFO 2025-11-23 12:08:42,938 basehttp 12104 3560 "GET /static/admin/img/icon-viewlink.svg HTTP/1.1" 200 581
INFO 2025-11-23 12:08:42,942 basehttp 12104 19108 "GET /admin/jsi18n/ HTTP/1.1" 200 3342
INFO 2025-11-23 12:08:58,551 basehttp 12104 19108 "POST /admin/feed/post/add/ HTTP/1.1" 302 0
INFO 2025-11-23 12:08:58,582 basehttp 12104 19108 "GET /admin/feed/post/ HTTP/1.1" 200 75500
INFO 2025-11-23 12:08:58,603 basehttp 12104 19108 "GET /admin/jsi18n/ HTTP/1.1" 200 3342
INFO 2025-11-23 12:09:00,350 basehttp 12104 19108 "GET /admin/feed/post/add/ HTTP/1.1" 200 78570
INFO 2025-11-23 12:09:00,373 basehttp 12104 19108 "GET /admin/jsi18n/ HTTP/1.1" 200 3342
INFO 2025-11-23 12:09:05,101 basehttp 12104 19108 "POST /admin/feed/post/add/ HTTP/1.1" 302 0
INFO 2025-11-23 12:09:05,130 basehttp 12104 19108 "GET /admin/feed/post/ HTTP/1.1" 200 75786
INFO 2025-11-23 12:09:05,152 basehttp 12104 19108 "GET /admin/jsi18n/ HTTP/1.1" 200 3342
INFO 2025-11-23 12:09:11,814 basehttp 12104 19108 "GET /admin/feed/like/ HTTP/1.1" 200 73999
INFO 2025-11-23 12:09:11,838 basehttp 12104 19108 "GET /admin/jsi18n/ HTTP/1.1" 200 3342
INFO 2025-11-23 12:09:12,742 basehttp 12104 19108 "GET /admin/feed/like/add/ HTTP/1.1" 200 77563
INFO 2025-11-23 12:09:12,763 basehttp 12104 19108 "GET /admin/jsi18n/ HTTP/1.1" 200 3342
INFO 2025-11-23 12:09:20,821 basehttp 12104 19108 "POST /admin/feed/like/add/ HTTP/1.1" 302 0
INFO 2025-11-23 12:09:20,851 basehttp 12104 19108 "GET /admin/feed/like/ HTTP/1.1" 200 75488
INFO 2025-11-23 12:09:20,874 basehttp 12104 19108 "GET /admin/jsi18n/ HTTP/1.1" 200 3342
INFO 2025-11-23 12:09:30,846 basehttp 12104 19108 "GET /admin/feed/comment/ HTTP/1.1" 200 74020
INFO 2025-11-23 12:09:30,870 basehttp 12104 19108 "GET /admin/jsi18n/ HTTP/1.1" 200 3342
INFO 2025-11-23 12:09:31,623 basehttp 12104 19108 "GET /admin/feed/comment/add/ HTTP/1.1" 200 78232
INFO 2025-11-23 12:09:31,643 basehttp 12104 19108 "GET /admin/jsi18n/ HTTP/1.1" 200 3342
INFO 2025-11-23 12:09:37,196 basehttp 12104 19108 "POST /admin/feed/comment/add/ HTTP/1.1" 302 0
INFO 2025-11-23 12:09:37,226 basehttp 12104 19108 "GET /admin/feed/comment/ HTTP/1.1" 200 75548
INFO 2025-11-23 12:09:37,248 basehttp 12104 19108 "GET /admin/jsi18n/ HTTP/1.1" 200 3342
INFO 2025-11-23 12:09:53,463 basehttp 12104 19108 "GET /admin/feed/comment/add/ HTTP/1.1" 200 78232
INFO 2025-11-23 12:09:53,487 basehttp 12104 19108 "GET /admin/jsi18n/ HTTP/1.1" 200 3342
INFO 2025-11-23 12:10:49,513 autoreload 12104 18412 X:\edvoyage-backup-cursor\backend\edvoayge\feed\models.py changed, reloading.
INFO 2025-11-23 12:10:50,288 autoreload 20936 20940 Watching for file changes with StatReloader
INFO 2025-11-23 12:10:56,955 basehttp 20936 20984 "GET /admin/feed/comment/add/ HTTP/1.1" 200 78242
INFO 2025-11-23 12:10:56,977 basehttp 20936 20984 "GET /admin/jsi18n/ HTTP/1.1" 200 3342
INFO 2025-11-23 12:11:08,321 basehttp 20936 20984 "POST /admin/feed/comment/add/ HTTP/1.1" 302 0
INFO 2025-11-23 12:11:08,360 basehttp 20936 20984 "GET /admin/feed/comment/ HTTP/1.1" 200 75845
INFO 2025-11-23 12:11:08,382 basehttp 20936 20984 "GET /admin/jsi18n/ HTTP/1.1" 200 3342
INFO 2025-11-23 12:11:10,554 basehttp 20936 20984 "GET /admin/feed/comment/1/change/ HTTP/1.1" 200 78501
INFO 2025-11-23 12:11:10,575 basehttp 20936 20984 "GET /admin/jsi18n/ HTTP/1.1" 200 3342
INFO 2025-11-23 12:11:30,676 autoreload 20936 20940 X:\edvoyage-backup-cursor\backend\edvoayge\feed\models.py changed, reloading.
INFO 2025-11-23 12:11:31,578 autoreload 21300 21304 Watching for file changes with StatReloader
WARNING 2025-11-23 12:11:46,774 log 21300 21492 Not Found: /api/posts/
WARNING 2025-11-23 12:11:46,774 basehttp 21300 21492 "POST /api/posts/ HTTP/1.1" 404 2697
WARNING 2025-11-23 12:11:53,324 log 21300 21492 Not Found: /api/v1/posts/
WARNING 2025-11-23 12:11:53,324 basehttp 21300 21492 "POST /api/v1/posts/ HTTP/1.1" 404 6053
WARNING 2025-11-23 12:12:12,515 log 21300 21492 Method Not Allowed: /api/v1/users/
WARNING 2025-11-23 12:12:12,515 basehttp 21300 21492 "POST /api/v1/users/ HTTP/1.1" 405 41
INFO 2025-11-23 12:12:16,161 basehttp 21300 21492 "GET /api/v1/users/ HTTP/1.1" 200 159
INFO 2025-11-23 12:12:33,760 autoreload 21300 21304 X:\edvoyage-backup-cursor\backend\edvoayge\edvoayge\urls.py changed, reloading.
INFO 2025-11-23 12:12:34,521 autoreload 21036 21040 Watching for file changes with StatReloader
INFO 2025-11-23 12:12:38,134 basehttp 21036 16944 "GET /api/v1/feed/users/ HTTP/1.1" 200 110
INFO 2025-11-23 12:14:16,728 basehttp 21036 2148 "GET /api/v1/notes/flashcards/ HTTP/1.1" 200 1813
INFO 2025-11-23 12:35:50,819 basehttp 21036 11876 "GET /api/v1/notes/flashcards/ HTTP/1.1" 200 1813
INFO 2025-11-23 12:41:45,685 basehttp 21036 9636 "GET /api/v1/notes/flashcards/ HTTP/1.1" 200 1813
INFO 2025-11-23 12:41:46,131 basehttp 21036 21092 "OPTIONS /api/v1/cavity/posts/ HTTP/1.1" 200 0
INFO 2025-11-23 12:41:46,131 basehttp 21036 18436 "OPTIONS /api/v1/cavity/api/posts/?year=NEET%20UG%202025 HTTP/1.1" 200 0
WARNING 2025-11-23 12:41:46,142 log 21036 18436 Not Found: /api/v1/cavity/posts/
WARNING 2025-11-23 12:41:46,147 basehttp 21036 18436 "GET /api/v1/cavity/posts/ HTTP/1.1" 404 11443
INFO 2025-11-23 12:41:46,152 basehttp 21036 21092 "GET /api/v1/cavity/api/posts/?year=NEET%20UG%202025 HTTP/1.1" 200 418
INFO 2025-11-23 12:41:55,341 basehttp 21036 21092 "OPTIONS /api/v1/cavity/api/posts/?year=NEET%20UG%202024 HTTP/1.1" 200 0
INFO 2025-11-23 12:41:55,350 basehttp 21036 21092 "GET /api/v1/cavity/api/posts/?year=NEET%20UG%202024 HTTP/1.1" 200 52
INFO 2025-11-23 12:41:57,296 basehttp 21036 21092 "GET /api/v1/cavity/api/posts/?year=NEET%20UG%202025 HTTP/1.1" 200 418
INFO 2025-11-23 21:38:12,103 autoreload 11716 13860 Watching for file changes with StatReloader
WARNING 2025-11-23 21:38:20,445 log 11716 18200 Not Found: /
WARNING 2025-11-23 21:38:20,445 basehttp 11716 18200 "GET / HTTP/1.1" 404 2648
WARNING 2025-11-23 21:38:20,605 log 11716 18200 Not Found: /favicon.ico
WARNING 2025-11-23 21:38:20,606 basehttp 11716 18200 "GET /favicon.ico HTTP/1.1" 404 2699
WARNING 2025-11-23 21:38:28,160 log 11716 18200 Not Found: /api/v1/
WARNING 2025-11-23 21:38:28,161 basehttp 11716 18200 "GET /api/v1/ HTTP/1.1" 404 6279
WARNING 2025-11-23 21:38:37,591 log 11716 18200 Not Found: /api/v1/feed/
WARNING 2025-11-23 21:38:37,592 basehttp 11716 18200 "GET /api/v1/feed/ HTTP/1.1" 404 7984
INFO 2025-11-23 21:38:49,558 basehttp 11716 18200 "GET /api/v1/feed/posts/1/1/ HTTP/1.1" 200 699
INFO 2025-11-23 21:44:54,232 autoreload 11716 13860 X:\edvoyage-backup-cursor\backend\edvoayge\feed\views.py changed, reloading.
INFO 2025-11-23 21:44:55,044 autoreload 404 13072 Watching for file changes with StatReloader
INFO 2025-11-23 22:46:01,426 autoreload 1840 2412 Watching for file changes with StatReloader
INFO 2025-11-23 22:46:10,856 autoreload 1840 2412 X:\edvoyage-backup-cursor\backend\edvoayge\feed\urls.py changed, reloading.
INFO 2025-11-23 22:46:11,676 autoreload 3380 9524 Watching for file changes with StatReloader
INFO 2025-11-23 22:48:44,986 basehttp 3380 16892 "GET /api/v1/notes/flashcards/ HTTP/1.1" 200 1813
INFO 2025-11-23 22:48:45,148 basehttp 3380 16892 "GET /api/v1/feed/categories/ HTTP/1.1" 200 23
INFO 2025-11-23 22:48:45,496 basehttp 3380 16892 "GET /api/v1/feed/posts/1/1/ HTTP/1.1" 200 699
INFO 2025-11-23 22:48:55,545 basehttp 3380 16892 "GET /api/v1/feed/posts/1/1/ HTTP/1.1" 200 699
INFO 2025-11-23 22:48:59,188 basehttp 3380 16892 "GET /api/v1/feed/posts/1/1/ HTTP/1.1" 200 699
INFO 2025-11-23 22:49:01,582 basehttp 3380 16892 "GET /api/v1/feed/posts/1/1/ HTTP/1.1" 200 699
INFO 2025-11-23 22:49:37,682 basehttp 3380 16892 "GET /api/v1/feed/posts/1/1/ HTTP/1.1" 200 699
INFO 2025-11-23 22:49:43,585 basehttp 3380 16892 "GET /api/v1/feed/posts/1/1/ HTTP/1.1" 200 699
INFO 2025-11-23 22:54:28,716 basehttp 3380 14220 "GET /api/v1/notes/flashcards/ HTTP/1.1" 200 1813
INFO 2025-11-23 22:54:28,875 basehttp 3380 14220 "GET /api/v1/feed/categories/ HTTP/1.1" 200 23
WARNING 2025-11-23 22:54:28,959 log 3380 14220 Not Found: /api/v1/feed/posts/null/1/
WARNING 2025-11-23 22:54:28,959 basehttp 3380 14220 "GET /api/v1/feed/posts/null/1/ HTTP/1.1" 404 8388
INFO 2025-11-23 22:54:48,843 basehttp 3380 14220 "GET /api/v1/feed/posts/1/1/ HTTP/1.1" 200 699
WARNING 2025-11-23 22:54:54,407 log 3380 14220 Not Found: /api/v1/feed/posts/null/1/
WARNING 2025-11-23 22:54:54,407 basehttp 3380 14220 "GET /api/v1/feed/posts/null/1/ HTTP/1.1" 404 8388
INFO 2025-11-23 23:00:28,011 basehttp 3380 8684 "GET /api/v1/notes/flashcards/ HTTP/1.1" 200 1813
INFO 2025-11-23 23:00:28,279 basehttp 3380 8684 "GET /api/v1/feed/categories/ HTTP/1.1" 200 23
WARNING 2025-11-23 23:00:28,360 log 3380 8684 Not Found: /api/v1/feed/posts/null/1/
WARNING 2025-11-23 23:00:28,360 basehttp 3380 8684 "GET /api/v1/feed/posts/null/1/ HTTP/1.1" 404 8388
INFO 2025-11-23 23:01:10,630 basehttp 3380 8684 "GET /api/v1/notes/flashcards/ HTTP/1.1" 200 1813
INFO 2025-11-23 23:01:10,726 basehttp 3380 8684 "GET /api/v1/feed/categories/ HTTP/1.1" 200 23
WARNING 2025-11-23 23:01:10,780 log 3380 8684 Not Found: /api/v1/feed/posts/null/1/
WARNING 2025-11-23 23:01:10,781 basehttp 3380 8684 "GET /api/v1/feed/posts/null/1/ HTTP/1.1" 404 8388
INFO 2025-11-23 23:01:19,316 basehttp 3380 8684 "GET /api/v1/feed/posts/1/1/ HTTP/1.1" 200 699
WARNING 2025-11-23 23:01:26,159 log 3380 8684 Not Found: /api/v1/feed/posts/null/1/
WARNING 2025-11-23 23:01:26,159 basehttp 3380 8684 "GET /api/v1/feed/posts/null/1/ HTTP/1.1" 404 8388
INFO 2025-11-23 23:01:28,487 basehttp 3380 8684 "GET /api/v1/feed/posts/1/1/ HTTP/1.1" 200 699
INFO 2025-11-23 23:03:57,169 basehttp 3380 8684 "GET /api/v1/notes/flashcards/ HTTP/1.1" 200 1813
INFO 2025-11-23 23:03:57,324 basehttp 3380 8684 "GET /api/v1/feed/categories/ HTTP/1.1" 200 23
WARNING 2025-11-23 23:03:57,369 log 3380 8684 Not Found: /api/v1/feed/posts/all/1/
WARNING 2025-11-23 23:03:57,369 basehttp 3380 8684 "GET /api/v1/feed/posts/all/1/ HTTP/1.1" 404 8385
INFO 2025-11-23 23:04:01,942 basehttp 3380 8684 "GET /api/v1/feed/posts/1/1/ HTTP/1.1" 200 699
INFO 2025-11-23 23:04:11,449 basehttp 3380 8684 "GET /api/v1/feed/posts/1/1/ HTTP/1.1" 200 699
WARNING 2025-11-23 23:04:12,759 log 3380 8684 Not Found: /api/v1/feed/posts/all/1/
WARNING 2025-11-23 23:04:12,759 basehttp 3380 8684 "GET /api/v1/feed/posts/all/1/ HTTP/1.1" 404 8385
INFO 2025-11-23 23:04:18,790 basehttp 3380 8684 "GET /api/v1/feed/posts/1/1/ HTTP/1.1" 200 699
INFO 2025-11-23 23:05:48,888 basehttp 3380 8684 "GET /api/v1/notes/flashcards/ HTTP/1.1" 200 1813
INFO 2025-11-23 23:05:49,032 basehttp 3380 8684 "GET /api/v1/feed/categories/ HTTP/1.1" 200 23
WARNING 2025-11-23 23:05:49,076 log 3380 8684 Not Found: /api/v1/feed/posts/all/1/
WARNING 2025-11-23 23:05:49,076 basehttp 3380 8684 "GET /api/v1/feed/posts/all/1/ HTTP/1.1" 404 8385
INFO 2025-11-23 23:06:02,579 basehttp 3380 8684 "GET /api/v1/feed/posts/1/1/ HTTP/1.1" 200 699
INFO 2025-11-23 23:10:03,207 basehttp 3380 8684 "GET /api/v1/notes/flashcards/ HTTP/1.1" 200 1813
INFO 2025-11-23 23:10:03,445 basehttp 3380 8684 "GET /api/v1/feed/categories/ HTTP/1.1" 200 23
WARNING 2025-11-23 23:10:03,552 log 3380 8684 Not Found: /api/v1/feed/posts/all/1/
WARNING 2025-11-23 23:10:03,553 basehttp 3380 8684 "GET /api/v1/feed/posts/all/1/ HTTP/1.1" 404 8385
INFO 2025-11-23 23:10:10,596 basehttp 3380 8684 "GET /api/v1/feed/posts/1/1/ HTTP/1.1" 200 699
WARNING 2025-11-23 23:10:18,254 log 3380 8684 Not Found: /api/v1/feed/posts/all/1/
WARNING 2025-11-23 23:10:18,255 basehttp 3380 8684 "GET /api/v1/feed/posts/all/1/ HTTP/1.1" 404 8385
INFO 2025-11-23 23:10:23,863 basehttp 3380 8684 "GET /api/v1/feed/posts/1/1/ HTTP/1.1" 200 699
INFO 2025-11-23 23:14:33,239 basehttp 3380 8684 "GET /api/v1/notes/flashcards/ HTTP/1.1" 200 1813
INFO 2025-11-23 23:14:33,463 basehttp 3380 8684 "GET /api/v1/feed/categories/ HTTP/1.1" 200 23
WARNING 2025-11-23 23:14:33,577 log 3380 8684 Not Found: /api/v1/feed/posts/all/1/
WARNING 2025-11-23 23:14:33,577 basehttp 3380 8684 "GET /api/v1/feed/posts/all/1/ HTTP/1.1" 404 8385
INFO 2025-11-23 23:14:54,735 basehttp 3380 8684 "GET /api/v1/feed/posts/1/1/ HTTP/1.1" 200 699
INFO 2025-11-23 23:15:38,703 autoreload 3380 9524 X:\edvoyage-backup-cursor\backend\edvoayge\feed\views.py changed, reloading.
INFO 2025-11-23 23:15:39,519 autoreload 7536 4348 Watching for file changes with StatReloader
INFO 2025-11-23 23:15:45,575 basehttp 7536 2980 "GET /api/v1/notes/flashcards/ HTTP/1.1" 200 1813
INFO 2025-11-23 23:15:45,723 basehttp 7536 2980 "GET /api/v1/feed/categories/ HTTP/1.1" 200 23
WARNING 2025-11-23 23:15:45,770 log 7536 2980 Not Found: /api/v1/feed/posts/all/1/
WARNING 2025-11-23 23:15:45,772 basehttp 7536 2980 "GET /api/v1/feed/posts/all/1/ HTTP/1.1" 404 8385
INFO 2025-11-23 23:16:01,640 autoreload 7536 4348 X:\edvoyage-backup-cursor\backend\edvoayge\feed\urls.py changed, reloading.
INFO 2025-11-23 23:16:02,500 autoreload 11520 19224 Watching for file changes with StatReloader
INFO 2025-11-23 23:16:07,675 basehttp 11520 1716 "GET /api/v1/notes/flashcards/ HTTP/1.1" 200 1813
INFO 2025-11-23 23:16:07,770 basehttp 11520 1716 "GET /api/v1/feed/categories/ HTTP/1.1" 200 23
INFO 2025-11-23 23:16:07,802 basehttp 11520 1716 "GET /api/v1/feed/posts/all/1/ HTTP/1.1" 200 699
INFO 2025-11-23 23:16:20,778 basehttp 11520 1716 "GET /api/v1/notes/flashcards/ HTTP/1.1" 200 1813
INFO 2025-11-23 23:16:20,859 basehttp 11520 1716 "GET /api/v1/feed/categories/ HTTP/1.1" 200 23
INFO 2025-11-23 23:16:21,019 basehttp 11520 1716 "GET /api/v1/feed/posts/all/1/ HTTP/1.1" 200 699
WARNING 2025-11-23 23:16:30,543 log 11520 4340 Not Found: /
WARNING 2025-11-23 23:16:30,544 basehttp 11520 4340 "GET / HTTP/1.1" 404 2648
WARNING 2025-11-23 23:16:30,588 log 11520 4340 Not Found: /favicon.ico
WARNING 2025-11-23 23:16:30,589 basehttp 11520 4340 "GET /favicon.ico HTTP/1.1" 404 2699
INFO 2025-11-23 23:16:35,182 basehttp 11520 4340 "GET /admin/ HTTP/1.1" 302 0
INFO 2025-11-23 23:16:35,334 basehttp 11520 4340 "GET /admin/login/?next=/admin/ HTTP/1.1" 200 4172
INFO 2025-11-23 23:16:35,422 basehttp 11520 4340 "GET /static/admin/css/base.css HTTP/1.1" 200 22120
INFO 2025-11-23 23:16:35,433 basehttp 11520 19428 "GET /static/admin/css/dark_mode.css HTTP/1.1" 200 2808
INFO 2025-11-23 23:16:35,438 basehttp 11520 9692 "GET /static/admin/js/theme.js HTTP/1.1" 200 1653
INFO 2025-11-23 23:16:35,441 basehttp 11520 4340 "GET /static/admin/css/nav_sidebar.css HTTP/1.1" 200 2810
INFO 2025-11-23 23:16:35,442 basehttp 11520 19428 "GET /static/admin/css/login.css HTTP/1.1" 200 951
INFO 2025-11-23 23:16:35,448 basehttp 11520 9692 "GET /static/admin/css/responsive.css HTTP/1.1" 200 16565
INFO 2025-11-23 23:16:35,461 basehttp 11520 4340 "GET /static/admin/js/nav_sidebar.js HTTP/1.1" 200 3063
INFO 2025-11-23 23:16:41,202 basehttp 11520 4340 "POST /admin/login/?next=/admin/ HTTP/1.1" 302 0
INFO 2025-11-23 23:16:41,287 basehttp 11520 4340 "GET /admin/ HTTP/1.1" 200 99345
INFO 2025-11-23 23:16:41,303 basehttp 11520 4340 "GET /static/admin/css/dashboard.css HTTP/1.1" 200 441
INFO 2025-11-23 23:16:41,318 basehttp 11520 9692 "GET /static/admin/img/icon-changelink.svg HTTP/1.1" 200 380
INFO 2025-11-23 23:16:41,318 basehttp 11520 19428 "GET /static/admin/img/icon-deletelink.svg HTTP/1.1" 200 392
INFO 2025-11-23 23:16:41,318 basehttp 11520 4340 "GET /static/admin/img/icon-addlink.svg HTTP/1.1" 200 331
INFO 2025-11-23 23:16:59,829 basehttp 11520 4340 "GET /admin/feed/post/ HTTP/1.1" 200 75600
INFO 2025-11-23 23:16:59,850 basehttp 11520 4340 "GET /static/admin/css/changelists.css HTTP/1.1" 200 6878
INFO 2025-11-23 23:16:59,855 basehttp 11520 15004 "GET /static/admin/js/jquery.init.js HTTP/1.1" 200 347
INFO 2025-11-23 23:16:59,864 basehttp 11520 13056 "GET /static/admin/js/core.js HTTP/1.1" 200 6208
INFO 2025-11-23 23:16:59,865 basehttp 11520 9536 "GET /static/admin/js/admin/RelatedObjectLookups.js HTTP/1.1" 200 9777
INFO 2025-11-23 23:16:59,875 basehttp 11520 15004 "GET /static/admin/js/urlify.js HTTP/1.1" 200 7887
INFO 2025-11-23 23:16:59,876 basehttp 11520 4340 "GET /static/admin/js/actions.js HTTP/1.1" 200 8076
INFO 2025-11-23 23:16:59,877 basehttp 11520 9692 "GET /admin/jsi18n/ HTTP/1.1" 200 3342
INFO 2025-11-23 23:16:59,885 basehttp 11520 13056 "GET /static/admin/js/prepopulate.js HTTP/1.1" 200 1531
INFO 2025-11-23 23:16:59,897 basehttp 11520 19428 "GET /static/admin/js/vendor/jquery/jquery.js HTTP/1.1" 200 285314
INFO 2025-11-23 23:16:59,917 basehttp 11520 19428 "GET /static/admin/js/filters.js HTTP/1.1" 200 978
INFO 2025-11-23 23:16:59,947 basehttp 11520 9536 "GET /static/admin/js/vendor/xregexp/xregexp.js HTTP/1.1" 200 325171
INFO 2025-11-23 23:16:59,978 basehttp 11520 9536 "GET /static/admin/img/tooltag-add.svg HTTP/1.1" 200 331
INFO 2025-11-23 23:17:28,961 basehttp 11520 9536 "GET /admin/feed/feedcategory/ HTTP/1.1" 200 75347
INFO 2025-11-23 23:17:28,985 basehttp 11520 9536 "GET /admin/jsi18n/ HTTP/1.1" 200 3342
INFO 2025-11-23 23:17:30,162 basehttp 11520 9536 "GET /admin/feed/feedcategory/add/ HTTP/1.1" 200 74832
INFO 2025-11-23 23:17:30,182 basehttp 11520 19428 "GET /admin/jsi18n/ HTTP/1.1" 200 3342
INFO 2025-11-23 23:17:30,187 basehttp 11520 9536 "GET /static/admin/css/forms.css HTTP/1.1" 200 8525
INFO 2025-11-23 23:17:30,192 basehttp 11520 13056 "GET /static/admin/js/prepopulate_init.js HTTP/1.1" 200 586
INFO 2025-11-23 23:17:30,200 basehttp 11520 19428 "GET /static/admin/css/widgets.css HTTP/1.1" 200 11991
INFO 2025-11-23 23:17:30,206 basehttp 11520 9536 "GET /static/admin/js/change_form.js HTTP/1.1" 200 606
INFO 2025-11-23 23:17:35,558 basehttp 11520 9536 "POST /admin/feed/feedcategory/add/ HTTP/1.1" 302 0
INFO 2025-11-23 23:17:35,591 basehttp 11520 9536 "GET /admin/feed/feedcategory/ HTTP/1.1" 200 75819
INFO 2025-11-23 23:17:35,606 basehttp 11520 9536 "GET /admin/jsi18n/ HTTP/1.1" 200 3342
INFO 2025-11-23 23:17:35,633 basehttp 11520 9536 "GET /static/admin/img/icon-yes.svg HTTP/1.1" 200 436
INFO 2025-11-23 23:17:43,846 basehttp 11520 9536 "GET /admin/feed/post/ HTTP/1.1" 200 75600
INFO 2025-11-23 23:17:43,863 basehttp 11520 9536 "GET /admin/jsi18n/ HTTP/1.1" 200 3342
INFO 2025-11-23 23:17:44,875 basehttp 11520 9536 "GET /admin/feed/post/add/ HTTP/1.1" 200 78606
INFO 2025-11-23 23:17:44,888 basehttp 11520 9536 "GET /admin/jsi18n/ HTTP/1.1" 200 3342
INFO 2025-11-23 23:17:44,897 basehttp 11520 19428 "GET /static/admin/img/icon-viewlink.svg HTTP/1.1" 200 581
INFO 2025-11-23 23:17:55,697 basehttp 11520 19428 "POST /admin/feed/post/add/ HTTP/1.1" 302 0
INFO 2025-11-23 23:17:55,731 basehttp 11520 19428 "GET /admin/feed/post/ HTTP/1.1" 200 76127
INFO 2025-11-23 23:17:55,743 basehttp 11520 19428 "GET /admin/jsi18n/ HTTP/1.1" 200 3342
INFO 2025-11-23 23:18:03,100 basehttp 11520 1716 "GET /api/v1/notes/flashcards/ HTTP/1.1" 200 1813
INFO 2025-11-23 23:18:03,231 basehttp 11520 1716 "GET /api/v1/feed/categories/ HTTP/1.1" 200 47
INFO 2025-11-23 23:18:03,274 basehttp 11520 1716 "GET /api/v1/feed/posts/all/1/ HTTP/1.1" 200 917
INFO 2025-11-23 23:18:09,937 basehttp 11520 1716 "GET /api/v1/feed/posts/2/1/ HTTP/1.1" 200 269
INFO 2025-11-23 23:18:12,083 basehttp 11520 1716 "GET /api/v1/feed/posts/1/1/ HTTP/1.1" 200 699
INFO 2025-11-23 23:18:25,541 basehttp 11520 1716 "POST /api/v1/feed/posts/toggle-like/2/1/ HTTP/1.1" 201 121
INFO 2025-11-23 23:18:27,644 basehttp 11520 1716 "POST /api/v1/feed/posts/toggle-like/1/1/ HTTP/1.1" 200 20
INFO 2025-11-23 23:18:28,843 basehttp 11520 1716 "POST /api/v1/feed/posts/toggle-like/1/1/ HTTP/1.1" 201 121
INFO 2025-11-23 23:18:39,948 basehttp 11520 1716 "GET /api/v1/notes/flashcards/ HTTP/1.1" 200 1813
INFO 2025-11-23 23:18:40,078 basehttp 11520 1716 "GET /api/v1/feed/categories/ HTTP/1.1" 200 47
INFO 2025-11-23 23:18:40,113 basehttp 11520 1716 "GET /api/v1/feed/posts/all/1/ HTTP/1.1" 200 917
INFO 2025-11-23 23:18:47,996 basehttp 11520 13476 "GET /api/v1/feed/posts/1/1/ HTTP/1.1" 200 699
INFO 2025-11-23 23:18:52,088 basehttp 11520 13476 "GET /api/v1/feed/posts/2/1/ HTTP/1.1" 200 269
INFO 2025-11-23 23:18:53,557 basehttp 11520 13476 "POST /api/v1/feed/posts/toggle-like/3/1/ HTTP/1.1" 200 20
INFO 2025-11-23 23:18:54,843 basehttp 11520 13476 "POST /api/v1/feed/posts/toggle-like/3/1/ HTTP/1.1" 201 121
INFO 2025-11-23 23:19:00,508 basehttp 11520 13476 "GET /api/v1/notes/flashcards/ HTTP/1.1" 200 1813
INFO 2025-11-23 23:19:00,569 basehttp 11520 13476 "GET /api/v1/feed/categories/ HTTP/1.1" 200 47
INFO 2025-11-23 23:19:00,604 basehttp 11520 13476 "GET /api/v1/feed/posts/all/1/ HTTP/1.1" 200 917
INFO 2025-11-23 23:19:08,200 basehttp 11520 13476 "GET /api/v1/feed/posts/2/1/ HTTP/1.1" 200 269
INFO 2025-11-23 23:19:09,778 basehttp 11520 13476 "POST /api/v1/feed/posts/toggle-like/3/1/ HTTP/1.1" 200 20
INFO 2025-11-23 23:19:10,564 basehttp 11520 13476 "POST /api/v1/feed/posts/toggle-like/3/1/ HTTP/1.1" 201 121
INFO 2025-11-23 23:19:14,081 basehttp 11520 13476 "GET /api/v1/feed/posts/all/1/ HTTP/1.1" 200 917
INFO 2025-11-23 23:19:15,753 basehttp 11520 13476 "POST /api/v1/feed/posts/toggle-like/3/1/ HTTP/1.1" 200 20
INFO 2025-11-23 23:19:17,157 basehttp 11520 13476 "POST /api/v1/feed/posts/toggle-like/3/1/ HTTP/1.1" 201 121
INFO 2025-11-23 23:19:19,704 basehttp 11520 13476 "GET /api/v1/feed/posts/2/1/ HTTP/1.1" 200 269
INFO 2025-11-23 23:19:21,565 basehttp 11520 13476 "GET /api/v1/feed/posts/all/1/ HTTP/1.1" 200 917
INFO 2025-11-23 23:19:26,054 basehttp 11520 13476 "POST /api/v1/feed/posts/toggle-like/3/1/ HTTP/1.1" 200 20
INFO 2025-11-23 23:20:17,513 basehttp 11520 13476 "GET /api/v1/notes/flashcards/ HTTP/1.1" 200 1813
INFO 2025-11-23 23:20:17,596 basehttp 11520 13476 "GET /api/v1/feed/categories/ HTTP/1.1" 200 47
INFO 2025-11-23 23:20:17,856 basehttp 11520 13476 "GET /api/v1/feed/posts/all/1/ HTTP/1.1" 200 917
INFO 2025-11-23 23:20:26,565 basehttp 11520 13476 "POST /api/v1/feed/posts/toggle-like/3/1/ HTTP/1.1" 201 121
INFO 2025-11-23 23:21:24,486 autoreload 11520 19224 X:\edvoyage-backup-cursor\backend\edvoayge\feed\views.py changed, reloading.
INFO 2025-11-23 23:21:25,383 autoreload 10840 9420 Watching for file changes with StatReloader
INFO 2025-11-23 23:21:27,324 autoreload 10840 9420 X:\edvoyage-backup-cursor\backend\edvoayge\feed\views.py changed, reloading.
INFO 2025-11-23 23:21:28,162 autoreload 8252 18824 Watching for file changes with StatReloader
INFO 2025-11-23 23:21:35,767 basehttp 8252 5776 "GET /api/v1/notes/flashcards/ HTTP/1.1" 200 1813
INFO 2025-11-23 23:21:35,842 basehttp 8252 5776 "GET /api/v1/feed/categories/ HTTP/1.1" 200 47
INFO 2025-11-23 23:21:35,994 basehttp 8252 5776 "GET /api/v1/feed/posts/all/1/ HTTP/1.1" 200 917
INFO 2025-11-23 23:21:38,100 basehttp 8252 5776 "POST /api/v1/feed/posts/toggle-like/3/1/ HTTP/1.1" 201 121
INFO 2025-11-23 23:21:40,139 basehttp 8252 5776 "POST /api/v1/feed/posts/toggle-like/2/1/ HTTP/1.1" 200 20
INFO 2025-11-23 23:21:41,423 basehttp 8252 5776 "POST /api/v1/feed/posts/toggle-like/1/1/ HTTP/1.1" 200 20
INFO 2025-11-23 23:21:44,929 basehttp 8252 5776 "GET /api/v1/notes/flashcards/ HTTP/1.1" 200 1813
INFO 2025-11-23 23:21:45,008 basehttp 8252 5776 "GET /api/v1/feed/categories/ HTTP/1.1" 200 47
INFO 2025-11-23 23:21:45,171 basehttp 8252 5776 "GET /api/v1/feed/posts/all/1/ HTTP/1.1" 200 917
INFO 2025-11-23 23:21:48,855 basehttp 8252 5776 "GET /api/v1/feed/posts/2/1/ HTTP/1.1" 200 269
INFO 2025-11-23 23:21:50,694 basehttp 8252 5776 "GET /api/v1/feed/posts/1/1/ HTTP/1.1" 200 699
INFO 2025-11-23 23:21:52,003 basehttp 8252 5776 "POST /api/v1/feed/posts/toggle-like/2/1/ HTTP/1.1" 201 121
INFO 2025-11-23 23:21:52,753 basehttp 8252 5776 "POST /api/v1/feed/posts/toggle-like/1/1/ HTTP/1.1" 201 122
INFO 2025-11-23 23:21:54,547 basehttp 8252 5776 "GET /api/v1/feed/posts/2/1/ HTTP/1.1" 200 269
INFO 2025-11-23 23:21:56,106 basehttp 8252 5776 "GET /api/v1/feed/posts/1/1/ HTTP/1.1" 200 699
INFO 2025-11-23 23:22:00,661 basehttp 8252 5776 "GET /api/v1/feed/posts/all/1/ HTTP/1.1" 200 917
INFO 2025-11-23 23:22:07,466 basehttp 8252 5776 "OPTIONS /api/v1/feed/posts/comments/3/ HTTP/1.1" 200 0
ERROR 2025-11-23 23:22:07,760 log 8252 5776 Internal Server Error: /api/v1/feed/posts/comments/3/
Traceback (most recent call last):
  File "C:\Users\bobby\AppData\Local\Programs\Python\Python312\Lib\site-packages\django\db\backends\utils.py", line 105, in _execute
    return self.cursor.execute(sql, params)
           ^^^^^^^^^^^^^^^^^^^^^^^^^^^^^^^^
  File "C:\Users\bobby\AppData\Local\Programs\Python\Python312\Lib\site-packages\django\db\backends\sqlite3\base.py", line 360, in execute
    return super().execute(query, params)
           ^^^^^^^^^^^^^^^^^^^^^^^^^^^^^^
sqlite3.IntegrityError: NOT NULL constraint failed: feed_post.user_id

The above exception was the direct cause of the following exception:

Traceback (most recent call last):
  File "C:\Users\bobby\AppData\Local\Programs\Python\Python312\Lib\site-packages\django\core\handlers\exception.py", line 55, in inner
    response = get_response(request)
               ^^^^^^^^^^^^^^^^^^^^^
  File "C:\Users\bobby\AppData\Local\Programs\Python\Python312\Lib\site-packages\django\core\handlers\base.py", line 197, in _get_response
    response = wrapped_callback(request, *callback_args, **callback_kwargs)
               ^^^^^^^^^^^^^^^^^^^^^^^^^^^^^^^^^^^^^^^^^^^^^^^^^^^^^^^^^^^^
  File "C:\Users\bobby\AppData\Local\Programs\Python\Python312\Lib\site-packages\django\views\decorators\csrf.py", line 65, in _view_wrapper
    return view_func(request, *args, **kwargs)
           ^^^^^^^^^^^^^^^^^^^^^^^^^^^^^^^^^^^
  File "C:\Users\bobby\AppData\Local\Programs\Python\Python312\Lib\site-packages\django\views\generic\base.py", line 105, in view
    return self.dispatch(request, *args, **kwargs)
           ^^^^^^^^^^^^^^^^^^^^^^^^^^^^^^^^^^^^^^^
  File "C:\Users\bobby\AppData\Local\Programs\Python\Python312\Lib\site-packages\rest_framework\views.py", line 515, in dispatch
    response = self.handle_exception(exc)
               ^^^^^^^^^^^^^^^^^^^^^^^^^^
  File "C:\Users\bobby\AppData\Local\Programs\Python\Python312\Lib\site-packages\rest_framework\views.py", line 475, in handle_exception
    self.raise_uncaught_exception(exc)
  File "C:\Users\bobby\AppData\Local\Programs\Python\Python312\Lib\site-packages\rest_framework\views.py", line 486, in raise_uncaught_exception
    raise exc
  File "C:\Users\bobby\AppData\Local\Programs\Python\Python312\Lib\site-packages\rest_framework\views.py", line 512, in dispatch
    response = handler(request, *args, **kwargs)
               ^^^^^^^^^^^^^^^^^^^^^^^^^^^^^^^^^
  File "C:\Users\bobby\AppData\Local\Programs\Python\Python312\Lib\site-packages\rest_framework\generics.py", line 246, in post
    return self.create(request, *args, **kwargs)
           ^^^^^^^^^^^^^^^^^^^^^^^^^^^^^^^^^^^^^
  File "C:\Users\bobby\AppData\Local\Programs\Python\Python312\Lib\site-packages\rest_framework\mixins.py", line 19, in create
    self.perform_create(serializer)
  File "C:\Users\bobby\AppData\Local\Programs\Python\Python312\Lib\site-packages\rest_framework\mixins.py", line 24, in perform_create
    serializer.save()
  File "C:\Users\bobby\AppData\Local\Programs\Python\Python312\Lib\site-packages\rest_framework\serializers.py", line 210, in save
    self.instance = self.create(validated_data)
                    ^^^^^^^^^^^^^^^^^^^^^^^^^^^
  File "C:\Users\bobby\AppData\Local\Programs\Python\Python312\Lib\site-packages\rest_framework\serializers.py", line 991, in create
    instance = ModelClass._default_manager.create(**validated_data)
               ^^^^^^^^^^^^^^^^^^^^^^^^^^^^^^^^^^^^^^^^^^^^^^^^^^^^
  File "C:\Users\bobby\AppData\Local\Programs\Python\Python312\Lib\site-packages\django\db\models\manager.py", line 87, in manager_method
    return getattr(self.get_queryset(), name)(*args, **kwargs)
           ^^^^^^^^^^^^^^^^^^^^^^^^^^^^^^^^^^^^^^^^^^^^^^^^^^^
  File "C:\Users\bobby\AppData\Local\Programs\Python\Python312\Lib\site-packages\django\db\models\query.py", line 663, in create
    obj.save(force_insert=True, using=self.db)
  File "C:\Users\bobby\AppData\Local\Programs\Python\Python312\Lib\site-packages\django\db\models\base.py", line 902, in save
    self.save_base(
  File "C:\Users\bobby\AppData\Local\Programs\Python\Python312\Lib\site-packages\django\db\models\base.py", line 1008, in save_base
    updated = self._save_table(
              ^^^^^^^^^^^^^^^^^
  File "C:\Users\bobby\AppData\Local\Programs\Python\Python312\Lib\site-packages\django\db\models\base.py", line 1169, in _save_table
    results = self._do_insert(
              ^^^^^^^^^^^^^^^^
  File "C:\Users\bobby\AppData\Local\Programs\Python\Python312\Lib\site-packages\django\db\models\base.py", line 1210, in _do_insert
    return manager._insert(
           ^^^^^^^^^^^^^^^^
  File "C:\Users\bobby\AppData\Local\Programs\Python\Python312\Lib\site-packages\django\db\models\manager.py", line 87, in manager_method
    return getattr(self.get_queryset(), name)(*args, **kwargs)
           ^^^^^^^^^^^^^^^^^^^^^^^^^^^^^^^^^^^^^^^^^^^^^^^^^^^
  File "C:\Users\bobby\AppData\Local\Programs\Python\Python312\Lib\site-packages\django\db\models\query.py", line 1868, in _insert
    return query.get_compiler(using=using).execute_sql(returning_fields)
           ^^^^^^^^^^^^^^^^^^^^^^^^^^^^^^^^^^^^^^^^^^^^^^^^^^^^^^^^^^^^^
  File "C:\Users\bobby\AppData\Local\Programs\Python\Python312\Lib\site-packages\django\db\models\sql\compiler.py", line 1882, in execute_sql
    cursor.execute(sql, params)
  File "C:\Users\bobby\AppData\Local\Programs\Python\Python312\Lib\site-packages\django\db\backends\utils.py", line 122, in execute
    return super().execute(sql, params)
           ^^^^^^^^^^^^^^^^^^^^^^^^^^^^
  File "C:\Users\bobby\AppData\Local\Programs\Python\Python312\Lib\site-packages\django\db\backends\utils.py", line 79, in execute
    return self._execute_with_wrappers(
           ^^^^^^^^^^^^^^^^^^^^^^^^^^^^
  File "C:\Users\bobby\AppData\Local\Programs\Python\Python312\Lib\site-packages\django\db\backends\utils.py", line 92, in _execute_with_wrappers
    return executor(sql, params, many, context)
           ^^^^^^^^^^^^^^^^^^^^^^^^^^^^^^^^^^^^
  File "C:\Users\bobby\AppData\Local\Programs\Python\Python312\Lib\site-packages\django\db\backends\utils.py", line 100, in _execute
    with self.db.wrap_database_errors:
         ^^^^^^^^^^^^^^^^^^^^^^^^^^^^
  File "C:\Users\bobby\AppData\Local\Programs\Python\Python312\Lib\site-packages\django\db\utils.py", line 91, in __exit__
    raise dj_exc_value.with_traceback(traceback) from exc_value
  File "C:\Users\bobby\AppData\Local\Programs\Python\Python312\Lib\site-packages\django\db\backends\utils.py", line 105, in _execute
    return self.cursor.execute(sql, params)
           ^^^^^^^^^^^^^^^^^^^^^^^^^^^^^^^^
  File "C:\Users\bobby\AppData\Local\Programs\Python\Python312\Lib\site-packages\django\db\backends\sqlite3\base.py", line 360, in execute
    return super().execute(query, params)
           ^^^^^^^^^^^^^^^^^^^^^^^^^^^^^^
django.db.utils.IntegrityError: NOT NULL constraint failed: feed_post.user_id
ERROR 2025-11-23 23:22:07,769 basehttp 8252 5776 "POST /api/v1/feed/posts/comments/3/ HTTP/1.1" 500 218798
INFO 2025-11-23 23:23:42,493 autoreload 8252 18824 X:\edvoyage-backup-cursor\backend\edvoayge\feed\views.py changed, reloading.
INFO 2025-11-23 23:23:43,343 autoreload 18508 19304 Watching for file changes with StatReloader
ERROR 2025-11-23 23:23:47,210 log 18508 2008 Internal Server Error: /api/v1/feed/posts/comments/3/
Traceback (most recent call last):
  File "C:\Users\bobby\AppData\Local\Programs\Python\Python312\Lib\site-packages\django\db\backends\utils.py", line 105, in _execute
    return self.cursor.execute(sql, params)
           ^^^^^^^^^^^^^^^^^^^^^^^^^^^^^^^^
  File "C:\Users\bobby\AppData\Local\Programs\Python\Python312\Lib\site-packages\django\db\backends\sqlite3\base.py", line 360, in execute
    return super().execute(query, params)
           ^^^^^^^^^^^^^^^^^^^^^^^^^^^^^^
sqlite3.IntegrityError: NOT NULL constraint failed: feed_post.user_id

The above exception was the direct cause of the following exception:

Traceback (most recent call last):
  File "C:\Users\bobby\AppData\Local\Programs\Python\Python312\Lib\site-packages\django\core\handlers\exception.py", line 55, in inner
    response = get_response(request)
               ^^^^^^^^^^^^^^^^^^^^^
  File "C:\Users\bobby\AppData\Local\Programs\Python\Python312\Lib\site-packages\django\core\handlers\base.py", line 197, in _get_response
    response = wrapped_callback(request, *callback_args, **callback_kwargs)
               ^^^^^^^^^^^^^^^^^^^^^^^^^^^^^^^^^^^^^^^^^^^^^^^^^^^^^^^^^^^^
  File "C:\Users\bobby\AppData\Local\Programs\Python\Python312\Lib\site-packages\django\views\decorators\csrf.py", line 65, in _view_wrapper
    return view_func(request, *args, **kwargs)
           ^^^^^^^^^^^^^^^^^^^^^^^^^^^^^^^^^^^
  File "C:\Users\bobby\AppData\Local\Programs\Python\Python312\Lib\site-packages\django\views\generic\base.py", line 105, in view
    return self.dispatch(request, *args, **kwargs)
           ^^^^^^^^^^^^^^^^^^^^^^^^^^^^^^^^^^^^^^^
  File "C:\Users\bobby\AppData\Local\Programs\Python\Python312\Lib\site-packages\rest_framework\views.py", line 515, in dispatch
    response = self.handle_exception(exc)
               ^^^^^^^^^^^^^^^^^^^^^^^^^^
  File "C:\Users\bobby\AppData\Local\Programs\Python\Python312\Lib\site-packages\rest_framework\views.py", line 475, in handle_exception
    self.raise_uncaught_exception(exc)
  File "C:\Users\bobby\AppData\Local\Programs\Python\Python312\Lib\site-packages\rest_framework\views.py", line 486, in raise_uncaught_exception
    raise exc
  File "C:\Users\bobby\AppData\Local\Programs\Python\Python312\Lib\site-packages\rest_framework\views.py", line 512, in dispatch
    response = handler(request, *args, **kwargs)
               ^^^^^^^^^^^^^^^^^^^^^^^^^^^^^^^^^
  File "C:\Users\bobby\AppData\Local\Programs\Python\Python312\Lib\site-packages\rest_framework\generics.py", line 246, in post
    return self.create(request, *args, **kwargs)
           ^^^^^^^^^^^^^^^^^^^^^^^^^^^^^^^^^^^^^
  File "C:\Users\bobby\AppData\Local\Programs\Python\Python312\Lib\site-packages\rest_framework\mixins.py", line 19, in create
    self.perform_create(serializer)
  File "C:\Users\bobby\AppData\Local\Programs\Python\Python312\Lib\site-packages\rest_framework\mixins.py", line 24, in perform_create
    serializer.save()
  File "C:\Users\bobby\AppData\Local\Programs\Python\Python312\Lib\site-packages\rest_framework\serializers.py", line 210, in save
    self.instance = self.create(validated_data)
                    ^^^^^^^^^^^^^^^^^^^^^^^^^^^
  File "C:\Users\bobby\AppData\Local\Programs\Python\Python312\Lib\site-packages\rest_framework\serializers.py", line 991, in create
    instance = ModelClass._default_manager.create(**validated_data)
               ^^^^^^^^^^^^^^^^^^^^^^^^^^^^^^^^^^^^^^^^^^^^^^^^^^^^
  File "C:\Users\bobby\AppData\Local\Programs\Python\Python312\Lib\site-packages\django\db\models\manager.py", line 87, in manager_method
    return getattr(self.get_queryset(), name)(*args, **kwargs)
           ^^^^^^^^^^^^^^^^^^^^^^^^^^^^^^^^^^^^^^^^^^^^^^^^^^^
  File "C:\Users\bobby\AppData\Local\Programs\Python\Python312\Lib\site-packages\django\db\models\query.py", line 663, in create
    obj.save(force_insert=True, using=self.db)
  File "C:\Users\bobby\AppData\Local\Programs\Python\Python312\Lib\site-packages\django\db\models\base.py", line 902, in save
    self.save_base(
  File "C:\Users\bobby\AppData\Local\Programs\Python\Python312\Lib\site-packages\django\db\models\base.py", line 1008, in save_base
    updated = self._save_table(
              ^^^^^^^^^^^^^^^^^
  File "C:\Users\bobby\AppData\Local\Programs\Python\Python312\Lib\site-packages\django\db\models\base.py", line 1169, in _save_table
    results = self._do_insert(
              ^^^^^^^^^^^^^^^^
  File "C:\Users\bobby\AppData\Local\Programs\Python\Python312\Lib\site-packages\django\db\models\base.py", line 1210, in _do_insert
    return manager._insert(
           ^^^^^^^^^^^^^^^^
  File "C:\Users\bobby\AppData\Local\Programs\Python\Python312\Lib\site-packages\django\db\models\manager.py", line 87, in manager_method
    return getattr(self.get_queryset(), name)(*args, **kwargs)
           ^^^^^^^^^^^^^^^^^^^^^^^^^^^^^^^^^^^^^^^^^^^^^^^^^^^
  File "C:\Users\bobby\AppData\Local\Programs\Python\Python312\Lib\site-packages\django\db\models\query.py", line 1868, in _insert
    return query.get_compiler(using=using).execute_sql(returning_fields)
           ^^^^^^^^^^^^^^^^^^^^^^^^^^^^^^^^^^^^^^^^^^^^^^^^^^^^^^^^^^^^^
  File "C:\Users\bobby\AppData\Local\Programs\Python\Python312\Lib\site-packages\django\db\models\sql\compiler.py", line 1882, in execute_sql
    cursor.execute(sql, params)
  File "C:\Users\bobby\AppData\Local\Programs\Python\Python312\Lib\site-packages\django\db\backends\utils.py", line 122, in execute
    return super().execute(sql, params)
           ^^^^^^^^^^^^^^^^^^^^^^^^^^^^
  File "C:\Users\bobby\AppData\Local\Programs\Python\Python312\Lib\site-packages\django\db\backends\utils.py", line 79, in execute
    return self._execute_with_wrappers(
           ^^^^^^^^^^^^^^^^^^^^^^^^^^^^
  File "C:\Users\bobby\AppData\Local\Programs\Python\Python312\Lib\site-packages\django\db\backends\utils.py", line 92, in _execute_with_wrappers
    return executor(sql, params, many, context)
           ^^^^^^^^^^^^^^^^^^^^^^^^^^^^^^^^^^^^
  File "C:\Users\bobby\AppData\Local\Programs\Python\Python312\Lib\site-packages\django\db\backends\utils.py", line 100, in _execute
    with self.db.wrap_database_errors:
         ^^^^^^^^^^^^^^^^^^^^^^^^^^^^
  File "C:\Users\bobby\AppData\Local\Programs\Python\Python312\Lib\site-packages\django\db\utils.py", line 91, in __exit__
    raise dj_exc_value.with_traceback(traceback) from exc_value
  File "C:\Users\bobby\AppData\Local\Programs\Python\Python312\Lib\site-packages\django\db\backends\utils.py", line 105, in _execute
    return self.cursor.execute(sql, params)
           ^^^^^^^^^^^^^^^^^^^^^^^^^^^^^^^^
  File "C:\Users\bobby\AppData\Local\Programs\Python\Python312\Lib\site-packages\django\db\backends\sqlite3\base.py", line 360, in execute
    return super().execute(query, params)
           ^^^^^^^^^^^^^^^^^^^^^^^^^^^^^^
django.db.utils.IntegrityError: NOT NULL constraint failed: feed_post.user_id
ERROR 2025-11-23 23:23:47,217 basehttp 18508 2008 "POST /api/v1/feed/posts/comments/3/ HTTP/1.1" 500 218798
INFO 2025-11-23 23:25:42,518 autoreload 18508 19304 X:\edvoyage-backup-cursor\backend\edvoayge\feed\views.py changed, reloading.
INFO 2025-11-23 23:25:43,345 autoreload 13824 12240 Watching for file changes with StatReloader
ERROR 2025-11-23 23:25:45,946 log 13824 7992 Internal Server Error: /api/v1/feed/posts/comments/3/
Traceback (most recent call last):
  File "C:\Users\bobby\AppData\Local\Programs\Python\Python312\Lib\site-packages\django\db\backends\utils.py", line 105, in _execute
    return self.cursor.execute(sql, params)
           ^^^^^^^^^^^^^^^^^^^^^^^^^^^^^^^^
  File "C:\Users\bobby\AppData\Local\Programs\Python\Python312\Lib\site-packages\django\db\backends\sqlite3\base.py", line 360, in execute
    return super().execute(query, params)
           ^^^^^^^^^^^^^^^^^^^^^^^^^^^^^^
sqlite3.IntegrityError: NOT NULL constraint failed: feed_post.user_id

The above exception was the direct cause of the following exception:

Traceback (most recent call last):
  File "C:\Users\bobby\AppData\Local\Programs\Python\Python312\Lib\site-packages\django\core\handlers\exception.py", line 55, in inner
    response = get_response(request)
               ^^^^^^^^^^^^^^^^^^^^^
  File "C:\Users\bobby\AppData\Local\Programs\Python\Python312\Lib\site-packages\django\core\handlers\base.py", line 197, in _get_response
    response = wrapped_callback(request, *callback_args, **callback_kwargs)
               ^^^^^^^^^^^^^^^^^^^^^^^^^^^^^^^^^^^^^^^^^^^^^^^^^^^^^^^^^^^^
  File "C:\Users\bobby\AppData\Local\Programs\Python\Python312\Lib\site-packages\django\views\decorators\csrf.py", line 65, in _view_wrapper
    return view_func(request, *args, **kwargs)
           ^^^^^^^^^^^^^^^^^^^^^^^^^^^^^^^^^^^
  File "C:\Users\bobby\AppData\Local\Programs\Python\Python312\Lib\site-packages\django\views\generic\base.py", line 105, in view
    return self.dispatch(request, *args, **kwargs)
           ^^^^^^^^^^^^^^^^^^^^^^^^^^^^^^^^^^^^^^^
  File "C:\Users\bobby\AppData\Local\Programs\Python\Python312\Lib\site-packages\rest_framework\views.py", line 515, in dispatch
    response = self.handle_exception(exc)
               ^^^^^^^^^^^^^^^^^^^^^^^^^^
  File "C:\Users\bobby\AppData\Local\Programs\Python\Python312\Lib\site-packages\rest_framework\views.py", line 475, in handle_exception
    self.raise_uncaught_exception(exc)
  File "C:\Users\bobby\AppData\Local\Programs\Python\Python312\Lib\site-packages\rest_framework\views.py", line 486, in raise_uncaught_exception
    raise exc
  File "C:\Users\bobby\AppData\Local\Programs\Python\Python312\Lib\site-packages\rest_framework\views.py", line 512, in dispatch
    response = handler(request, *args, **kwargs)
               ^^^^^^^^^^^^^^^^^^^^^^^^^^^^^^^^^
  File "C:\Users\bobby\AppData\Local\Programs\Python\Python312\Lib\site-packages\rest_framework\generics.py", line 246, in post
    return self.create(request, *args, **kwargs)
           ^^^^^^^^^^^^^^^^^^^^^^^^^^^^^^^^^^^^^
  File "C:\Users\bobby\AppData\Local\Programs\Python\Python312\Lib\site-packages\rest_framework\mixins.py", line 19, in create
    self.perform_create(serializer)
  File "C:\Users\bobby\AppData\Local\Programs\Python\Python312\Lib\site-packages\rest_framework\mixins.py", line 24, in perform_create
    serializer.save()
  File "C:\Users\bobby\AppData\Local\Programs\Python\Python312\Lib\site-packages\rest_framework\serializers.py", line 210, in save
    self.instance = self.create(validated_data)
                    ^^^^^^^^^^^^^^^^^^^^^^^^^^^
  File "C:\Users\bobby\AppData\Local\Programs\Python\Python312\Lib\site-packages\rest_framework\serializers.py", line 991, in create
    instance = ModelClass._default_manager.create(**validated_data)
               ^^^^^^^^^^^^^^^^^^^^^^^^^^^^^^^^^^^^^^^^^^^^^^^^^^^^
  File "C:\Users\bobby\AppData\Local\Programs\Python\Python312\Lib\site-packages\django\db\models\manager.py", line 87, in manager_method
    return getattr(self.get_queryset(), name)(*args, **kwargs)
           ^^^^^^^^^^^^^^^^^^^^^^^^^^^^^^^^^^^^^^^^^^^^^^^^^^^
  File "C:\Users\bobby\AppData\Local\Programs\Python\Python312\Lib\site-packages\django\db\models\query.py", line 663, in create
    obj.save(force_insert=True, using=self.db)
  File "C:\Users\bobby\AppData\Local\Programs\Python\Python312\Lib\site-packages\django\db\models\base.py", line 902, in save
    self.save_base(
  File "C:\Users\bobby\AppData\Local\Programs\Python\Python312\Lib\site-packages\django\db\models\base.py", line 1008, in save_base
    updated = self._save_table(
              ^^^^^^^^^^^^^^^^^
  File "C:\Users\bobby\AppData\Local\Programs\Python\Python312\Lib\site-packages\django\db\models\base.py", line 1169, in _save_table
    results = self._do_insert(
              ^^^^^^^^^^^^^^^^
  File "C:\Users\bobby\AppData\Local\Programs\Python\Python312\Lib\site-packages\django\db\models\base.py", line 1210, in _do_insert
    return manager._insert(
           ^^^^^^^^^^^^^^^^
  File "C:\Users\bobby\AppData\Local\Programs\Python\Python312\Lib\site-packages\django\db\models\manager.py", line 87, in manager_method
    return getattr(self.get_queryset(), name)(*args, **kwargs)
           ^^^^^^^^^^^^^^^^^^^^^^^^^^^^^^^^^^^^^^^^^^^^^^^^^^^
  File "C:\Users\bobby\AppData\Local\Programs\Python\Python312\Lib\site-packages\django\db\models\query.py", line 1868, in _insert
    return query.get_compiler(using=using).execute_sql(returning_fields)
           ^^^^^^^^^^^^^^^^^^^^^^^^^^^^^^^^^^^^^^^^^^^^^^^^^^^^^^^^^^^^^
  File "C:\Users\bobby\AppData\Local\Programs\Python\Python312\Lib\site-packages\django\db\models\sql\compiler.py", line 1882, in execute_sql
    cursor.execute(sql, params)
  File "C:\Users\bobby\AppData\Local\Programs\Python\Python312\Lib\site-packages\django\db\backends\utils.py", line 122, in execute
    return super().execute(sql, params)
           ^^^^^^^^^^^^^^^^^^^^^^^^^^^^
  File "C:\Users\bobby\AppData\Local\Programs\Python\Python312\Lib\site-packages\django\db\backends\utils.py", line 79, in execute
    return self._execute_with_wrappers(
           ^^^^^^^^^^^^^^^^^^^^^^^^^^^^
  File "C:\Users\bobby\AppData\Local\Programs\Python\Python312\Lib\site-packages\django\db\backends\utils.py", line 92, in _execute_with_wrappers
    return executor(sql, params, many, context)
           ^^^^^^^^^^^^^^^^^^^^^^^^^^^^^^^^^^^^
  File "C:\Users\bobby\AppData\Local\Programs\Python\Python312\Lib\site-packages\django\db\backends\utils.py", line 100, in _execute
    with self.db.wrap_database_errors:
         ^^^^^^^^^^^^^^^^^^^^^^^^^^^^
  File "C:\Users\bobby\AppData\Local\Programs\Python\Python312\Lib\site-packages\django\db\utils.py", line 91, in __exit__
    raise dj_exc_value.with_traceback(traceback) from exc_value
  File "C:\Users\bobby\AppData\Local\Programs\Python\Python312\Lib\site-packages\django\db\backends\utils.py", line 105, in _execute
    return self.cursor.execute(sql, params)
           ^^^^^^^^^^^^^^^^^^^^^^^^^^^^^^^^
  File "C:\Users\bobby\AppData\Local\Programs\Python\Python312\Lib\site-packages\django\db\backends\sqlite3\base.py", line 360, in execute
    return super().execute(query, params)
           ^^^^^^^^^^^^^^^^^^^^^^^^^^^^^^
django.db.utils.IntegrityError: NOT NULL constraint failed: feed_post.user_id
ERROR 2025-11-23 23:25:45,949 basehttp 13824 7992 "POST /api/v1/feed/posts/comments/3/ HTTP/1.1" 500 218798
ERROR 2025-11-23 23:25:52,835 log 13824 7992 Internal Server Error: /api/v1/feed/posts/comments/3/
Traceback (most recent call last):
  File "C:\Users\bobby\AppData\Local\Programs\Python\Python312\Lib\site-packages\django\db\backends\utils.py", line 105, in _execute
    return self.cursor.execute(sql, params)
           ^^^^^^^^^^^^^^^^^^^^^^^^^^^^^^^^
  File "C:\Users\bobby\AppData\Local\Programs\Python\Python312\Lib\site-packages\django\db\backends\sqlite3\base.py", line 360, in execute
    return super().execute(query, params)
           ^^^^^^^^^^^^^^^^^^^^^^^^^^^^^^
sqlite3.IntegrityError: NOT NULL constraint failed: feed_post.user_id

The above exception was the direct cause of the following exception:

Traceback (most recent call last):
  File "C:\Users\bobby\AppData\Local\Programs\Python\Python312\Lib\site-packages\django\core\handlers\exception.py", line 55, in inner
    response = get_response(request)
               ^^^^^^^^^^^^^^^^^^^^^
  File "C:\Users\bobby\AppData\Local\Programs\Python\Python312\Lib\site-packages\django\core\handlers\base.py", line 197, in _get_response
    response = wrapped_callback(request, *callback_args, **callback_kwargs)
               ^^^^^^^^^^^^^^^^^^^^^^^^^^^^^^^^^^^^^^^^^^^^^^^^^^^^^^^^^^^^
  File "C:\Users\bobby\AppData\Local\Programs\Python\Python312\Lib\site-packages\django\views\decorators\csrf.py", line 65, in _view_wrapper
    return view_func(request, *args, **kwargs)
           ^^^^^^^^^^^^^^^^^^^^^^^^^^^^^^^^^^^
  File "C:\Users\bobby\AppData\Local\Programs\Python\Python312\Lib\site-packages\django\views\generic\base.py", line 105, in view
    return self.dispatch(request, *args, **kwargs)
           ^^^^^^^^^^^^^^^^^^^^^^^^^^^^^^^^^^^^^^^
  File "C:\Users\bobby\AppData\Local\Programs\Python\Python312\Lib\site-packages\rest_framework\views.py", line 515, in dispatch
    response = self.handle_exception(exc)
               ^^^^^^^^^^^^^^^^^^^^^^^^^^
  File "C:\Users\bobby\AppData\Local\Programs\Python\Python312\Lib\site-packages\rest_framework\views.py", line 475, in handle_exception
    self.raise_uncaught_exception(exc)
  File "C:\Users\bobby\AppData\Local\Programs\Python\Python312\Lib\site-packages\rest_framework\views.py", line 486, in raise_uncaught_exception
    raise exc
  File "C:\Users\bobby\AppData\Local\Programs\Python\Python312\Lib\site-packages\rest_framework\views.py", line 512, in dispatch
    response = handler(request, *args, **kwargs)
               ^^^^^^^^^^^^^^^^^^^^^^^^^^^^^^^^^
  File "C:\Users\bobby\AppData\Local\Programs\Python\Python312\Lib\site-packages\rest_framework\generics.py", line 246, in post
    return self.create(request, *args, **kwargs)
           ^^^^^^^^^^^^^^^^^^^^^^^^^^^^^^^^^^^^^
  File "C:\Users\bobby\AppData\Local\Programs\Python\Python312\Lib\site-packages\rest_framework\mixins.py", line 19, in create
    self.perform_create(serializer)
  File "C:\Users\bobby\AppData\Local\Programs\Python\Python312\Lib\site-packages\rest_framework\mixins.py", line 24, in perform_create
    serializer.save()
  File "C:\Users\bobby\AppData\Local\Programs\Python\Python312\Lib\site-packages\rest_framework\serializers.py", line 210, in save
    self.instance = self.create(validated_data)
                    ^^^^^^^^^^^^^^^^^^^^^^^^^^^
  File "C:\Users\bobby\AppData\Local\Programs\Python\Python312\Lib\site-packages\rest_framework\serializers.py", line 991, in create
    instance = ModelClass._default_manager.create(**validated_data)
               ^^^^^^^^^^^^^^^^^^^^^^^^^^^^^^^^^^^^^^^^^^^^^^^^^^^^
  File "C:\Users\bobby\AppData\Local\Programs\Python\Python312\Lib\site-packages\django\db\models\manager.py", line 87, in manager_method
    return getattr(self.get_queryset(), name)(*args, **kwargs)
           ^^^^^^^^^^^^^^^^^^^^^^^^^^^^^^^^^^^^^^^^^^^^^^^^^^^
  File "C:\Users\bobby\AppData\Local\Programs\Python\Python312\Lib\site-packages\django\db\models\query.py", line 663, in create
    obj.save(force_insert=True, using=self.db)
  File "C:\Users\bobby\AppData\Local\Programs\Python\Python312\Lib\site-packages\django\db\models\base.py", line 902, in save
    self.save_base(
  File "C:\Users\bobby\AppData\Local\Programs\Python\Python312\Lib\site-packages\django\db\models\base.py", line 1008, in save_base
    updated = self._save_table(
              ^^^^^^^^^^^^^^^^^
  File "C:\Users\bobby\AppData\Local\Programs\Python\Python312\Lib\site-packages\django\db\models\base.py", line 1169, in _save_table
    results = self._do_insert(
              ^^^^^^^^^^^^^^^^
  File "C:\Users\bobby\AppData\Local\Programs\Python\Python312\Lib\site-packages\django\db\models\base.py", line 1210, in _do_insert
    return manager._insert(
           ^^^^^^^^^^^^^^^^
  File "C:\Users\bobby\AppData\Local\Programs\Python\Python312\Lib\site-packages\django\db\models\manager.py", line 87, in manager_method
    return getattr(self.get_queryset(), name)(*args, **kwargs)
           ^^^^^^^^^^^^^^^^^^^^^^^^^^^^^^^^^^^^^^^^^^^^^^^^^^^
  File "C:\Users\bobby\AppData\Local\Programs\Python\Python312\Lib\site-packages\django\db\models\query.py", line 1868, in _insert
    return query.get_compiler(using=using).execute_sql(returning_fields)
           ^^^^^^^^^^^^^^^^^^^^^^^^^^^^^^^^^^^^^^^^^^^^^^^^^^^^^^^^^^^^^
  File "C:\Users\bobby\AppData\Local\Programs\Python\Python312\Lib\site-packages\django\db\models\sql\compiler.py", line 1882, in execute_sql
    cursor.execute(sql, params)
  File "C:\Users\bobby\AppData\Local\Programs\Python\Python312\Lib\site-packages\django\db\backends\utils.py", line 122, in execute
    return super().execute(sql, params)
           ^^^^^^^^^^^^^^^^^^^^^^^^^^^^
  File "C:\Users\bobby\AppData\Local\Programs\Python\Python312\Lib\site-packages\django\db\backends\utils.py", line 79, in execute
    return self._execute_with_wrappers(
           ^^^^^^^^^^^^^^^^^^^^^^^^^^^^
  File "C:\Users\bobby\AppData\Local\Programs\Python\Python312\Lib\site-packages\django\db\backends\utils.py", line 92, in _execute_with_wrappers
    return executor(sql, params, many, context)
           ^^^^^^^^^^^^^^^^^^^^^^^^^^^^^^^^^^^^
  File "C:\Users\bobby\AppData\Local\Programs\Python\Python312\Lib\site-packages\django\db\backends\utils.py", line 100, in _execute
    with self.db.wrap_database_errors:
         ^^^^^^^^^^^^^^^^^^^^^^^^^^^^
  File "C:\Users\bobby\AppData\Local\Programs\Python\Python312\Lib\site-packages\django\db\utils.py", line 91, in __exit__
    raise dj_exc_value.with_traceback(traceback) from exc_value
  File "C:\Users\bobby\AppData\Local\Programs\Python\Python312\Lib\site-packages\django\db\backends\utils.py", line 105, in _execute
    return self.cursor.execute(sql, params)
           ^^^^^^^^^^^^^^^^^^^^^^^^^^^^^^^^
  File "C:\Users\bobby\AppData\Local\Programs\Python\Python312\Lib\site-packages\django\db\backends\sqlite3\base.py", line 360, in execute
    return super().execute(query, params)
           ^^^^^^^^^^^^^^^^^^^^^^^^^^^^^^
django.db.utils.IntegrityError: NOT NULL constraint failed: feed_post.user_id
ERROR 2025-11-23 23:25:52,849 basehttp 13824 7992 "POST /api/v1/feed/posts/comments/3/ HTTP/1.1" 500 218798
INFO 2025-11-23 23:28:56,998 autoreload 13824 12240 X:\edvoyage-backup-cursor\backend\edvoayge\feed\views.py changed, reloading.
INFO 2025-11-23 23:28:57,877 autoreload 18172 14872 Watching for file changes with StatReloader
ERROR 2025-11-23 23:29:17,193 log 18172 13908 Internal Server Error: /api/v1/feed/posts/comments/3/
Traceback (most recent call last):
  File "C:\Users\bobby\AppData\Local\Programs\Python\Python312\Lib\site-packages\django\db\backends\utils.py", line 105, in _execute
    return self.cursor.execute(sql, params)
           ^^^^^^^^^^^^^^^^^^^^^^^^^^^^^^^^
  File "C:\Users\bobby\AppData\Local\Programs\Python\Python312\Lib\site-packages\django\db\backends\sqlite3\base.py", line 360, in execute
    return super().execute(query, params)
           ^^^^^^^^^^^^^^^^^^^^^^^^^^^^^^
sqlite3.IntegrityError: NOT NULL constraint failed: feed_post.user_id

The above exception was the direct cause of the following exception:

Traceback (most recent call last):
  File "C:\Users\bobby\AppData\Local\Programs\Python\Python312\Lib\site-packages\django\core\handlers\exception.py", line 55, in inner
    response = get_response(request)
               ^^^^^^^^^^^^^^^^^^^^^
  File "C:\Users\bobby\AppData\Local\Programs\Python\Python312\Lib\site-packages\django\core\handlers\base.py", line 197, in _get_response
    response = wrapped_callback(request, *callback_args, **callback_kwargs)
               ^^^^^^^^^^^^^^^^^^^^^^^^^^^^^^^^^^^^^^^^^^^^^^^^^^^^^^^^^^^^
  File "C:\Users\bobby\AppData\Local\Programs\Python\Python312\Lib\site-packages\django\views\decorators\csrf.py", line 65, in _view_wrapper
    return view_func(request, *args, **kwargs)
           ^^^^^^^^^^^^^^^^^^^^^^^^^^^^^^^^^^^
  File "C:\Users\bobby\AppData\Local\Programs\Python\Python312\Lib\site-packages\django\views\generic\base.py", line 105, in view
    return self.dispatch(request, *args, **kwargs)
           ^^^^^^^^^^^^^^^^^^^^^^^^^^^^^^^^^^^^^^^
  File "C:\Users\bobby\AppData\Local\Programs\Python\Python312\Lib\site-packages\rest_framework\views.py", line 515, in dispatch
    response = self.handle_exception(exc)
               ^^^^^^^^^^^^^^^^^^^^^^^^^^
  File "C:\Users\bobby\AppData\Local\Programs\Python\Python312\Lib\site-packages\rest_framework\views.py", line 475, in handle_exception
    self.raise_uncaught_exception(exc)
  File "C:\Users\bobby\AppData\Local\Programs\Python\Python312\Lib\site-packages\rest_framework\views.py", line 486, in raise_uncaught_exception
    raise exc
  File "C:\Users\bobby\AppData\Local\Programs\Python\Python312\Lib\site-packages\rest_framework\views.py", line 512, in dispatch
    response = handler(request, *args, **kwargs)
               ^^^^^^^^^^^^^^^^^^^^^^^^^^^^^^^^^
  File "C:\Users\bobby\AppData\Local\Programs\Python\Python312\Lib\site-packages\rest_framework\generics.py", line 246, in post
    return self.create(request, *args, **kwargs)
           ^^^^^^^^^^^^^^^^^^^^^^^^^^^^^^^^^^^^^
  File "C:\Users\bobby\AppData\Local\Programs\Python\Python312\Lib\site-packages\rest_framework\mixins.py", line 19, in create
    self.perform_create(serializer)
  File "C:\Users\bobby\AppData\Local\Programs\Python\Python312\Lib\site-packages\rest_framework\mixins.py", line 24, in perform_create
    serializer.save()
  File "C:\Users\bobby\AppData\Local\Programs\Python\Python312\Lib\site-packages\rest_framework\serializers.py", line 210, in save
    self.instance = self.create(validated_data)
                    ^^^^^^^^^^^^^^^^^^^^^^^^^^^
  File "C:\Users\bobby\AppData\Local\Programs\Python\Python312\Lib\site-packages\rest_framework\serializers.py", line 991, in create
    instance = ModelClass._default_manager.create(**validated_data)
               ^^^^^^^^^^^^^^^^^^^^^^^^^^^^^^^^^^^^^^^^^^^^^^^^^^^^
  File "C:\Users\bobby\AppData\Local\Programs\Python\Python312\Lib\site-packages\django\db\models\manager.py", line 87, in manager_method
    return getattr(self.get_queryset(), name)(*args, **kwargs)
           ^^^^^^^^^^^^^^^^^^^^^^^^^^^^^^^^^^^^^^^^^^^^^^^^^^^
  File "C:\Users\bobby\AppData\Local\Programs\Python\Python312\Lib\site-packages\django\db\models\query.py", line 663, in create
    obj.save(force_insert=True, using=self.db)
  File "C:\Users\bobby\AppData\Local\Programs\Python\Python312\Lib\site-packages\django\db\models\base.py", line 902, in save
    self.save_base(
  File "C:\Users\bobby\AppData\Local\Programs\Python\Python312\Lib\site-packages\django\db\models\base.py", line 1008, in save_base
    updated = self._save_table(
              ^^^^^^^^^^^^^^^^^
  File "C:\Users\bobby\AppData\Local\Programs\Python\Python312\Lib\site-packages\django\db\models\base.py", line 1169, in _save_table
    results = self._do_insert(
              ^^^^^^^^^^^^^^^^
  File "C:\Users\bobby\AppData\Local\Programs\Python\Python312\Lib\site-packages\django\db\models\base.py", line 1210, in _do_insert
    return manager._insert(
           ^^^^^^^^^^^^^^^^
  File "C:\Users\bobby\AppData\Local\Programs\Python\Python312\Lib\site-packages\django\db\models\manager.py", line 87, in manager_method
    return getattr(self.get_queryset(), name)(*args, **kwargs)
           ^^^^^^^^^^^^^^^^^^^^^^^^^^^^^^^^^^^^^^^^^^^^^^^^^^^
  File "C:\Users\bobby\AppData\Local\Programs\Python\Python312\Lib\site-packages\django\db\models\query.py", line 1868, in _insert
    return query.get_compiler(using=using).execute_sql(returning_fields)
           ^^^^^^^^^^^^^^^^^^^^^^^^^^^^^^^^^^^^^^^^^^^^^^^^^^^^^^^^^^^^^
  File "C:\Users\bobby\AppData\Local\Programs\Python\Python312\Lib\site-packages\django\db\models\sql\compiler.py", line 1882, in execute_sql
    cursor.execute(sql, params)
  File "C:\Users\bobby\AppData\Local\Programs\Python\Python312\Lib\site-packages\django\db\backends\utils.py", line 122, in execute
    return super().execute(sql, params)
           ^^^^^^^^^^^^^^^^^^^^^^^^^^^^
  File "C:\Users\bobby\AppData\Local\Programs\Python\Python312\Lib\site-packages\django\db\backends\utils.py", line 79, in execute
    return self._execute_with_wrappers(
           ^^^^^^^^^^^^^^^^^^^^^^^^^^^^
  File "C:\Users\bobby\AppData\Local\Programs\Python\Python312\Lib\site-packages\django\db\backends\utils.py", line 92, in _execute_with_wrappers
    return executor(sql, params, many, context)
           ^^^^^^^^^^^^^^^^^^^^^^^^^^^^^^^^^^^^
  File "C:\Users\bobby\AppData\Local\Programs\Python\Python312\Lib\site-packages\django\db\backends\utils.py", line 100, in _execute
    with self.db.wrap_database_errors:
         ^^^^^^^^^^^^^^^^^^^^^^^^^^^^
  File "C:\Users\bobby\AppData\Local\Programs\Python\Python312\Lib\site-packages\django\db\utils.py", line 91, in __exit__
    raise dj_exc_value.with_traceback(traceback) from exc_value
  File "C:\Users\bobby\AppData\Local\Programs\Python\Python312\Lib\site-packages\django\db\backends\utils.py", line 105, in _execute
    return self.cursor.execute(sql, params)
           ^^^^^^^^^^^^^^^^^^^^^^^^^^^^^^^^
  File "C:\Users\bobby\AppData\Local\Programs\Python\Python312\Lib\site-packages\django\db\backends\sqlite3\base.py", line 360, in execute
    return super().execute(query, params)
           ^^^^^^^^^^^^^^^^^^^^^^^^^^^^^^
django.db.utils.IntegrityError: NOT NULL constraint failed: feed_post.user_id
ERROR 2025-11-23 23:29:17,202 basehttp 18172 13908 "POST /api/v1/feed/posts/comments/3/ HTTP/1.1" 500 218798
INFO 2025-11-23 23:30:48,793 autoreload 18172 14872 X:\edvoyage-backup-cursor\backend\edvoayge\feed\serializers.py changed, reloading.
INFO 2025-11-23 23:30:49,705 autoreload 12564 12412 Watching for file changes with StatReloader
INFO 2025-11-23 23:31:04,094 autoreload 12564 12412 X:\edvoyage-backup-cursor\backend\edvoayge\feed\views.py changed, reloading.
INFO 2025-11-23 23:31:04,860 autoreload 6476 17604 Watching for file changes with StatReloader
INFO 2025-11-23 23:31:26,001 basehttp 6476 400 "GET /api/v1/notes/flashcards/ HTTP/1.1" 200 1813
INFO 2025-11-23 23:31:26,075 basehttp 6476 400 "GET /api/v1/feed/categories/ HTTP/1.1" 200 47
INFO 2025-11-23 23:31:26,299 basehttp 6476 400 "GET /api/v1/feed/posts/all/1/ HTTP/1.1" 200 865
INFO 2025-11-23 23:31:30,858 basehttp 6476 400 "GET /api/v1/feed/posts/1/1/ HTTP/1.1" 200 647
INFO 2025-11-23 23:31:32,826 basehttp 6476 400 "GET /api/v1/feed/posts/2/1/ HTTP/1.1" 200 269
INFO 2025-11-23 23:31:35,341 basehttp 6476 400 "GET /api/v1/feed/posts/all/1/ HTTP/1.1" 200 865
INFO 2025-11-23 23:31:36,754 basehttp 6476 400 "GET /api/v1/feed/posts/1/1/ HTTP/1.1" 200 647
INFO 2025-11-23 23:31:38,016 basehttp 6476 400 "GET /api/v1/feed/posts/2/1/ HTTP/1.1" 200 269
ERROR 2025-11-23 23:31:44,242 log 6476 400 Internal Server Error: /api/v1/feed/posts/comments/3/
Traceback (most recent call last):
  File "C:\Users\bobby\AppData\Local\Programs\Python\Python312\Lib\site-packages\django\db\backends\utils.py", line 105, in _execute
    return self.cursor.execute(sql, params)
           ^^^^^^^^^^^^^^^^^^^^^^^^^^^^^^^^
  File "C:\Users\bobby\AppData\Local\Programs\Python\Python312\Lib\site-packages\django\db\backends\sqlite3\base.py", line 360, in execute
    return super().execute(query, params)
           ^^^^^^^^^^^^^^^^^^^^^^^^^^^^^^
sqlite3.IntegrityError: NOT NULL constraint failed: feed_post.user_id

The above exception was the direct cause of the following exception:

Traceback (most recent call last):
  File "C:\Users\bobby\AppData\Local\Programs\Python\Python312\Lib\site-packages\django\core\handlers\exception.py", line 55, in inner
    response = get_response(request)
               ^^^^^^^^^^^^^^^^^^^^^
  File "C:\Users\bobby\AppData\Local\Programs\Python\Python312\Lib\site-packages\django\core\handlers\base.py", line 197, in _get_response
    response = wrapped_callback(request, *callback_args, **callback_kwargs)
               ^^^^^^^^^^^^^^^^^^^^^^^^^^^^^^^^^^^^^^^^^^^^^^^^^^^^^^^^^^^^
  File "C:\Users\bobby\AppData\Local\Programs\Python\Python312\Lib\site-packages\django\views\decorators\csrf.py", line 65, in _view_wrapper
    return view_func(request, *args, **kwargs)
           ^^^^^^^^^^^^^^^^^^^^^^^^^^^^^^^^^^^
  File "C:\Users\bobby\AppData\Local\Programs\Python\Python312\Lib\site-packages\django\views\generic\base.py", line 105, in view
    return self.dispatch(request, *args, **kwargs)
           ^^^^^^^^^^^^^^^^^^^^^^^^^^^^^^^^^^^^^^^
  File "C:\Users\bobby\AppData\Local\Programs\Python\Python312\Lib\site-packages\rest_framework\views.py", line 515, in dispatch
    response = self.handle_exception(exc)
               ^^^^^^^^^^^^^^^^^^^^^^^^^^
  File "C:\Users\bobby\AppData\Local\Programs\Python\Python312\Lib\site-packages\rest_framework\views.py", line 475, in handle_exception
    self.raise_uncaught_exception(exc)
  File "C:\Users\bobby\AppData\Local\Programs\Python\Python312\Lib\site-packages\rest_framework\views.py", line 486, in raise_uncaught_exception
    raise exc
  File "C:\Users\bobby\AppData\Local\Programs\Python\Python312\Lib\site-packages\rest_framework\views.py", line 512, in dispatch
    response = handler(request, *args, **kwargs)
               ^^^^^^^^^^^^^^^^^^^^^^^^^^^^^^^^^
  File "C:\Users\bobby\AppData\Local\Programs\Python\Python312\Lib\site-packages\rest_framework\generics.py", line 246, in post
    return self.create(request, *args, **kwargs)
           ^^^^^^^^^^^^^^^^^^^^^^^^^^^^^^^^^^^^^
  File "C:\Users\bobby\AppData\Local\Programs\Python\Python312\Lib\site-packages\rest_framework\mixins.py", line 19, in create
    self.perform_create(serializer)
  File "C:\Users\bobby\AppData\Local\Programs\Python\Python312\Lib\site-packages\rest_framework\mixins.py", line 24, in perform_create
    serializer.save()
  File "C:\Users\bobby\AppData\Local\Programs\Python\Python312\Lib\site-packages\rest_framework\serializers.py", line 210, in save
    self.instance = self.create(validated_data)
                    ^^^^^^^^^^^^^^^^^^^^^^^^^^^
  File "C:\Users\bobby\AppData\Local\Programs\Python\Python312\Lib\site-packages\rest_framework\serializers.py", line 991, in create
    instance = ModelClass._default_manager.create(**validated_data)
               ^^^^^^^^^^^^^^^^^^^^^^^^^^^^^^^^^^^^^^^^^^^^^^^^^^^^
  File "C:\Users\bobby\AppData\Local\Programs\Python\Python312\Lib\site-packages\django\db\models\manager.py", line 87, in manager_method
    return getattr(self.get_queryset(), name)(*args, **kwargs)
           ^^^^^^^^^^^^^^^^^^^^^^^^^^^^^^^^^^^^^^^^^^^^^^^^^^^
  File "C:\Users\bobby\AppData\Local\Programs\Python\Python312\Lib\site-packages\django\db\models\query.py", line 663, in create
    obj.save(force_insert=True, using=self.db)
  File "C:\Users\bobby\AppData\Local\Programs\Python\Python312\Lib\site-packages\django\db\models\base.py", line 902, in save
    self.save_base(
  File "C:\Users\bobby\AppData\Local\Programs\Python\Python312\Lib\site-packages\django\db\models\base.py", line 1008, in save_base
    updated = self._save_table(
              ^^^^^^^^^^^^^^^^^
  File "C:\Users\bobby\AppData\Local\Programs\Python\Python312\Lib\site-packages\django\db\models\base.py", line 1169, in _save_table
    results = self._do_insert(
              ^^^^^^^^^^^^^^^^
  File "C:\Users\bobby\AppData\Local\Programs\Python\Python312\Lib\site-packages\django\db\models\base.py", line 1210, in _do_insert
    return manager._insert(
           ^^^^^^^^^^^^^^^^
  File "C:\Users\bobby\AppData\Local\Programs\Python\Python312\Lib\site-packages\django\db\models\manager.py", line 87, in manager_method
    return getattr(self.get_queryset(), name)(*args, **kwargs)
           ^^^^^^^^^^^^^^^^^^^^^^^^^^^^^^^^^^^^^^^^^^^^^^^^^^^
  File "C:\Users\bobby\AppData\Local\Programs\Python\Python312\Lib\site-packages\django\db\models\query.py", line 1868, in _insert
    return query.get_compiler(using=using).execute_sql(returning_fields)
           ^^^^^^^^^^^^^^^^^^^^^^^^^^^^^^^^^^^^^^^^^^^^^^^^^^^^^^^^^^^^^
  File "C:\Users\bobby\AppData\Local\Programs\Python\Python312\Lib\site-packages\django\db\models\sql\compiler.py", line 1882, in execute_sql
    cursor.execute(sql, params)
  File "C:\Users\bobby\AppData\Local\Programs\Python\Python312\Lib\site-packages\django\db\backends\utils.py", line 122, in execute
    return super().execute(sql, params)
           ^^^^^^^^^^^^^^^^^^^^^^^^^^^^
  File "C:\Users\bobby\AppData\Local\Programs\Python\Python312\Lib\site-packages\django\db\backends\utils.py", line 79, in execute
    return self._execute_with_wrappers(
           ^^^^^^^^^^^^^^^^^^^^^^^^^^^^
  File "C:\Users\bobby\AppData\Local\Programs\Python\Python312\Lib\site-packages\django\db\backends\utils.py", line 92, in _execute_with_wrappers
    return executor(sql, params, many, context)
           ^^^^^^^^^^^^^^^^^^^^^^^^^^^^^^^^^^^^
  File "C:\Users\bobby\AppData\Local\Programs\Python\Python312\Lib\site-packages\django\db\backends\utils.py", line 100, in _execute
    with self.db.wrap_database_errors:
         ^^^^^^^^^^^^^^^^^^^^^^^^^^^^
  File "C:\Users\bobby\AppData\Local\Programs\Python\Python312\Lib\site-packages\django\db\utils.py", line 91, in __exit__
    raise dj_exc_value.with_traceback(traceback) from exc_value
  File "C:\Users\bobby\AppData\Local\Programs\Python\Python312\Lib\site-packages\django\db\backends\utils.py", line 105, in _execute
    return self.cursor.execute(sql, params)
           ^^^^^^^^^^^^^^^^^^^^^^^^^^^^^^^^
  File "C:\Users\bobby\AppData\Local\Programs\Python\Python312\Lib\site-packages\django\db\backends\sqlite3\base.py", line 360, in execute
    return super().execute(query, params)
           ^^^^^^^^^^^^^^^^^^^^^^^^^^^^^^
django.db.utils.IntegrityError: NOT NULL constraint failed: feed_post.user_id
ERROR 2025-11-23 23:31:44,249 basehttp 6476 400 "POST /api/v1/feed/posts/comments/3/ HTTP/1.1" 500 218696
INFO 2025-11-23 23:32:37,468 autoreload 6476 17604 X:\edvoyage-backup-cursor\backend\edvoayge\feed\views.py changed, reloading.
INFO 2025-11-23 23:32:38,411 autoreload 2772 17340 Watching for file changes with StatReloader
INFO 2025-11-23 23:32:50,532 basehttp 2772 3140 "GET /api/v1/notes/flashcards/ HTTP/1.1" 200 1813
INFO 2025-11-23 23:32:50,615 basehttp 2772 3140 "GET /api/v1/feed/categories/ HTTP/1.1" 200 47
INFO 2025-11-23 23:32:50,799 basehttp 2772 3140 "GET /api/v1/feed/posts/all/1/ HTTP/1.1" 200 865
INFO 2025-11-23 23:32:52,257 basehttp 2772 3140 "GET /api/v1/feed/posts/2/1/ HTTP/1.1" 200 269
ERROR 2025-11-23 23:32:57,530 log 2772 3140 Internal Server Error: /api/v1/feed/posts/comments/3/
Traceback (most recent call last):
  File "C:\Users\bobby\AppData\Local\Programs\Python\Python312\Lib\site-packages\django\db\backends\utils.py", line 105, in _execute
    return self.cursor.execute(sql, params)
           ^^^^^^^^^^^^^^^^^^^^^^^^^^^^^^^^
  File "C:\Users\bobby\AppData\Local\Programs\Python\Python312\Lib\site-packages\django\db\backends\sqlite3\base.py", line 360, in execute
    return super().execute(query, params)
           ^^^^^^^^^^^^^^^^^^^^^^^^^^^^^^
sqlite3.IntegrityError: NOT NULL constraint failed: feed_post.user_id

The above exception was the direct cause of the following exception:

Traceback (most recent call last):
  File "C:\Users\bobby\AppData\Local\Programs\Python\Python312\Lib\site-packages\django\core\handlers\exception.py", line 55, in inner
    response = get_response(request)
               ^^^^^^^^^^^^^^^^^^^^^
  File "C:\Users\bobby\AppData\Local\Programs\Python\Python312\Lib\site-packages\django\core\handlers\base.py", line 197, in _get_response
    response = wrapped_callback(request, *callback_args, **callback_kwargs)
               ^^^^^^^^^^^^^^^^^^^^^^^^^^^^^^^^^^^^^^^^^^^^^^^^^^^^^^^^^^^^
  File "C:\Users\bobby\AppData\Local\Programs\Python\Python312\Lib\site-packages\django\views\decorators\csrf.py", line 65, in _view_wrapper
    return view_func(request, *args, **kwargs)
           ^^^^^^^^^^^^^^^^^^^^^^^^^^^^^^^^^^^
  File "C:\Users\bobby\AppData\Local\Programs\Python\Python312\Lib\site-packages\django\views\generic\base.py", line 105, in view
    return self.dispatch(request, *args, **kwargs)
           ^^^^^^^^^^^^^^^^^^^^^^^^^^^^^^^^^^^^^^^
  File "C:\Users\bobby\AppData\Local\Programs\Python\Python312\Lib\site-packages\rest_framework\views.py", line 515, in dispatch
    response = self.handle_exception(exc)
               ^^^^^^^^^^^^^^^^^^^^^^^^^^
  File "C:\Users\bobby\AppData\Local\Programs\Python\Python312\Lib\site-packages\rest_framework\views.py", line 475, in handle_exception
    self.raise_uncaught_exception(exc)
  File "C:\Users\bobby\AppData\Local\Programs\Python\Python312\Lib\site-packages\rest_framework\views.py", line 486, in raise_uncaught_exception
    raise exc
  File "C:\Users\bobby\AppData\Local\Programs\Python\Python312\Lib\site-packages\rest_framework\views.py", line 512, in dispatch
    response = handler(request, *args, **kwargs)
               ^^^^^^^^^^^^^^^^^^^^^^^^^^^^^^^^^
  File "C:\Users\bobby\AppData\Local\Programs\Python\Python312\Lib\site-packages\rest_framework\generics.py", line 246, in post
    return self.create(request, *args, **kwargs)
           ^^^^^^^^^^^^^^^^^^^^^^^^^^^^^^^^^^^^^
  File "C:\Users\bobby\AppData\Local\Programs\Python\Python312\Lib\site-packages\rest_framework\mixins.py", line 19, in create
    self.perform_create(serializer)
  File "C:\Users\bobby\AppData\Local\Programs\Python\Python312\Lib\site-packages\rest_framework\mixins.py", line 24, in perform_create
    serializer.save()
  File "C:\Users\bobby\AppData\Local\Programs\Python\Python312\Lib\site-packages\rest_framework\serializers.py", line 210, in save
    self.instance = self.create(validated_data)
                    ^^^^^^^^^^^^^^^^^^^^^^^^^^^
  File "C:\Users\bobby\AppData\Local\Programs\Python\Python312\Lib\site-packages\rest_framework\serializers.py", line 991, in create
    instance = ModelClass._default_manager.create(**validated_data)
               ^^^^^^^^^^^^^^^^^^^^^^^^^^^^^^^^^^^^^^^^^^^^^^^^^^^^
  File "C:\Users\bobby\AppData\Local\Programs\Python\Python312\Lib\site-packages\django\db\models\manager.py", line 87, in manager_method
    return getattr(self.get_queryset(), name)(*args, **kwargs)
           ^^^^^^^^^^^^^^^^^^^^^^^^^^^^^^^^^^^^^^^^^^^^^^^^^^^
  File "C:\Users\bobby\AppData\Local\Programs\Python\Python312\Lib\site-packages\django\db\models\query.py", line 663, in create
    obj.save(force_insert=True, using=self.db)
  File "C:\Users\bobby\AppData\Local\Programs\Python\Python312\Lib\site-packages\django\db\models\base.py", line 902, in save
    self.save_base(
  File "C:\Users\bobby\AppData\Local\Programs\Python\Python312\Lib\site-packages\django\db\models\base.py", line 1008, in save_base
    updated = self._save_table(
              ^^^^^^^^^^^^^^^^^
  File "C:\Users\bobby\AppData\Local\Programs\Python\Python312\Lib\site-packages\django\db\models\base.py", line 1169, in _save_table
    results = self._do_insert(
              ^^^^^^^^^^^^^^^^
  File "C:\Users\bobby\AppData\Local\Programs\Python\Python312\Lib\site-packages\django\db\models\base.py", line 1210, in _do_insert
    return manager._insert(
           ^^^^^^^^^^^^^^^^
  File "C:\Users\bobby\AppData\Local\Programs\Python\Python312\Lib\site-packages\django\db\models\manager.py", line 87, in manager_method
    return getattr(self.get_queryset(), name)(*args, **kwargs)
           ^^^^^^^^^^^^^^^^^^^^^^^^^^^^^^^^^^^^^^^^^^^^^^^^^^^
  File "C:\Users\bobby\AppData\Local\Programs\Python\Python312\Lib\site-packages\django\db\models\query.py", line 1868, in _insert
    return query.get_compiler(using=using).execute_sql(returning_fields)
           ^^^^^^^^^^^^^^^^^^^^^^^^^^^^^^^^^^^^^^^^^^^^^^^^^^^^^^^^^^^^^
  File "C:\Users\bobby\AppData\Local\Programs\Python\Python312\Lib\site-packages\django\db\models\sql\compiler.py", line 1882, in execute_sql
    cursor.execute(sql, params)
  File "C:\Users\bobby\AppData\Local\Programs\Python\Python312\Lib\site-packages\django\db\backends\utils.py", line 122, in execute
    return super().execute(sql, params)
           ^^^^^^^^^^^^^^^^^^^^^^^^^^^^
  File "C:\Users\bobby\AppData\Local\Programs\Python\Python312\Lib\site-packages\django\db\backends\utils.py", line 79, in execute
    return self._execute_with_wrappers(
           ^^^^^^^^^^^^^^^^^^^^^^^^^^^^
  File "C:\Users\bobby\AppData\Local\Programs\Python\Python312\Lib\site-packages\django\db\backends\utils.py", line 92, in _execute_with_wrappers
    return executor(sql, params, many, context)
           ^^^^^^^^^^^^^^^^^^^^^^^^^^^^^^^^^^^^
  File "C:\Users\bobby\AppData\Local\Programs\Python\Python312\Lib\site-packages\django\db\backends\utils.py", line 100, in _execute
    with self.db.wrap_database_errors:
         ^^^^^^^^^^^^^^^^^^^^^^^^^^^^
  File "C:\Users\bobby\AppData\Local\Programs\Python\Python312\Lib\site-packages\django\db\utils.py", line 91, in __exit__
    raise dj_exc_value.with_traceback(traceback) from exc_value
  File "C:\Users\bobby\AppData\Local\Programs\Python\Python312\Lib\site-packages\django\db\backends\utils.py", line 105, in _execute
    return self.cursor.execute(sql, params)
           ^^^^^^^^^^^^^^^^^^^^^^^^^^^^^^^^
  File "C:\Users\bobby\AppData\Local\Programs\Python\Python312\Lib\site-packages\django\db\backends\sqlite3\base.py", line 360, in execute
    return super().execute(query, params)
           ^^^^^^^^^^^^^^^^^^^^^^^^^^^^^^
django.db.utils.IntegrityError: NOT NULL constraint failed: feed_post.user_id
ERROR 2025-11-23 23:32:57,536 basehttp 2772 3140 "POST /api/v1/feed/posts/comments/3/ HTTP/1.1" 500 218611
INFO 2025-11-23 23:35:15,032 autoreload 2772 17340 X:\edvoyage-backup-cursor\backend\edvoayge\feed\views.py changed, reloading.
INFO 2025-11-23 23:35:15,906 autoreload 6444 16088 Watching for file changes with StatReloader
ERROR 2025-11-23 23:35:21,458 log 6444 9484 Internal Server Error: /api/v1/feed/posts/comments/3/
Traceback (most recent call last):
  File "C:\Users\bobby\AppData\Local\Programs\Python\Python312\Lib\site-packages\django\db\backends\utils.py", line 105, in _execute
    return self.cursor.execute(sql, params)
           ^^^^^^^^^^^^^^^^^^^^^^^^^^^^^^^^
  File "C:\Users\bobby\AppData\Local\Programs\Python\Python312\Lib\site-packages\django\db\backends\sqlite3\base.py", line 360, in execute
    return super().execute(query, params)
           ^^^^^^^^^^^^^^^^^^^^^^^^^^^^^^
sqlite3.IntegrityError: NOT NULL constraint failed: feed_post.user_id

The above exception was the direct cause of the following exception:

Traceback (most recent call last):
  File "C:\Users\bobby\AppData\Local\Programs\Python\Python312\Lib\site-packages\django\core\handlers\exception.py", line 55, in inner
    response = get_response(request)
               ^^^^^^^^^^^^^^^^^^^^^
  File "C:\Users\bobby\AppData\Local\Programs\Python\Python312\Lib\site-packages\django\core\handlers\base.py", line 197, in _get_response
    response = wrapped_callback(request, *callback_args, **callback_kwargs)
               ^^^^^^^^^^^^^^^^^^^^^^^^^^^^^^^^^^^^^^^^^^^^^^^^^^^^^^^^^^^^
  File "C:\Users\bobby\AppData\Local\Programs\Python\Python312\Lib\site-packages\django\views\decorators\csrf.py", line 65, in _view_wrapper
    return view_func(request, *args, **kwargs)
           ^^^^^^^^^^^^^^^^^^^^^^^^^^^^^^^^^^^
  File "C:\Users\bobby\AppData\Local\Programs\Python\Python312\Lib\site-packages\django\views\generic\base.py", line 105, in view
    return self.dispatch(request, *args, **kwargs)
           ^^^^^^^^^^^^^^^^^^^^^^^^^^^^^^^^^^^^^^^
  File "C:\Users\bobby\AppData\Local\Programs\Python\Python312\Lib\site-packages\rest_framework\views.py", line 515, in dispatch
    response = self.handle_exception(exc)
               ^^^^^^^^^^^^^^^^^^^^^^^^^^
  File "C:\Users\bobby\AppData\Local\Programs\Python\Python312\Lib\site-packages\rest_framework\views.py", line 475, in handle_exception
    self.raise_uncaught_exception(exc)
  File "C:\Users\bobby\AppData\Local\Programs\Python\Python312\Lib\site-packages\rest_framework\views.py", line 486, in raise_uncaught_exception
    raise exc
  File "C:\Users\bobby\AppData\Local\Programs\Python\Python312\Lib\site-packages\rest_framework\views.py", line 512, in dispatch
    response = handler(request, *args, **kwargs)
               ^^^^^^^^^^^^^^^^^^^^^^^^^^^^^^^^^
  File "C:\Users\bobby\AppData\Local\Programs\Python\Python312\Lib\site-packages\rest_framework\generics.py", line 246, in post
    return self.create(request, *args, **kwargs)
           ^^^^^^^^^^^^^^^^^^^^^^^^^^^^^^^^^^^^^
  File "C:\Users\bobby\AppData\Local\Programs\Python\Python312\Lib\site-packages\rest_framework\mixins.py", line 19, in create
    self.perform_create(serializer)
  File "C:\Users\bobby\AppData\Local\Programs\Python\Python312\Lib\site-packages\rest_framework\mixins.py", line 24, in perform_create
    serializer.save()
  File "C:\Users\bobby\AppData\Local\Programs\Python\Python312\Lib\site-packages\rest_framework\serializers.py", line 210, in save
    self.instance = self.create(validated_data)
                    ^^^^^^^^^^^^^^^^^^^^^^^^^^^
  File "C:\Users\bobby\AppData\Local\Programs\Python\Python312\Lib\site-packages\rest_framework\serializers.py", line 991, in create
    instance = ModelClass._default_manager.create(**validated_data)
               ^^^^^^^^^^^^^^^^^^^^^^^^^^^^^^^^^^^^^^^^^^^^^^^^^^^^
  File "C:\Users\bobby\AppData\Local\Programs\Python\Python312\Lib\site-packages\django\db\models\manager.py", line 87, in manager_method
    return getattr(self.get_queryset(), name)(*args, **kwargs)
           ^^^^^^^^^^^^^^^^^^^^^^^^^^^^^^^^^^^^^^^^^^^^^^^^^^^
  File "C:\Users\bobby\AppData\Local\Programs\Python\Python312\Lib\site-packages\django\db\models\query.py", line 663, in create
    obj.save(force_insert=True, using=self.db)
  File "C:\Users\bobby\AppData\Local\Programs\Python\Python312\Lib\site-packages\django\db\models\base.py", line 902, in save
    self.save_base(
  File "C:\Users\bobby\AppData\Local\Programs\Python\Python312\Lib\site-packages\django\db\models\base.py", line 1008, in save_base
    updated = self._save_table(
              ^^^^^^^^^^^^^^^^^
  File "C:\Users\bobby\AppData\Local\Programs\Python\Python312\Lib\site-packages\django\db\models\base.py", line 1169, in _save_table
    results = self._do_insert(
              ^^^^^^^^^^^^^^^^
  File "C:\Users\bobby\AppData\Local\Programs\Python\Python312\Lib\site-packages\django\db\models\base.py", line 1210, in _do_insert
    return manager._insert(
           ^^^^^^^^^^^^^^^^
  File "C:\Users\bobby\AppData\Local\Programs\Python\Python312\Lib\site-packages\django\db\models\manager.py", line 87, in manager_method
    return getattr(self.get_queryset(), name)(*args, **kwargs)
           ^^^^^^^^^^^^^^^^^^^^^^^^^^^^^^^^^^^^^^^^^^^^^^^^^^^
  File "C:\Users\bobby\AppData\Local\Programs\Python\Python312\Lib\site-packages\django\db\models\query.py", line 1868, in _insert
    return query.get_compiler(using=using).execute_sql(returning_fields)
           ^^^^^^^^^^^^^^^^^^^^^^^^^^^^^^^^^^^^^^^^^^^^^^^^^^^^^^^^^^^^^
  File "C:\Users\bobby\AppData\Local\Programs\Python\Python312\Lib\site-packages\django\db\models\sql\compiler.py", line 1882, in execute_sql
    cursor.execute(sql, params)
  File "C:\Users\bobby\AppData\Local\Programs\Python\Python312\Lib\site-packages\django\db\backends\utils.py", line 122, in execute
    return super().execute(sql, params)
           ^^^^^^^^^^^^^^^^^^^^^^^^^^^^
  File "C:\Users\bobby\AppData\Local\Programs\Python\Python312\Lib\site-packages\django\db\backends\utils.py", line 79, in execute
    return self._execute_with_wrappers(
           ^^^^^^^^^^^^^^^^^^^^^^^^^^^^
  File "C:\Users\bobby\AppData\Local\Programs\Python\Python312\Lib\site-packages\django\db\backends\utils.py", line 92, in _execute_with_wrappers
    return executor(sql, params, many, context)
           ^^^^^^^^^^^^^^^^^^^^^^^^^^^^^^^^^^^^
  File "C:\Users\bobby\AppData\Local\Programs\Python\Python312\Lib\site-packages\django\db\backends\utils.py", line 100, in _execute
    with self.db.wrap_database_errors:
         ^^^^^^^^^^^^^^^^^^^^^^^^^^^^
  File "C:\Users\bobby\AppData\Local\Programs\Python\Python312\Lib\site-packages\django\db\utils.py", line 91, in __exit__
    raise dj_exc_value.with_traceback(traceback) from exc_value
  File "C:\Users\bobby\AppData\Local\Programs\Python\Python312\Lib\site-packages\django\db\backends\utils.py", line 105, in _execute
    return self.cursor.execute(sql, params)
           ^^^^^^^^^^^^^^^^^^^^^^^^^^^^^^^^
  File "C:\Users\bobby\AppData\Local\Programs\Python\Python312\Lib\site-packages\django\db\backends\sqlite3\base.py", line 360, in execute
    return super().execute(query, params)
           ^^^^^^^^^^^^^^^^^^^^^^^^^^^^^^
django.db.utils.IntegrityError: NOT NULL constraint failed: feed_post.user_id
ERROR 2025-11-23 23:35:21,464 basehttp 6444 9484 "POST /api/v1/feed/posts/comments/3/ HTTP/1.1" 500 218611
INFO 2025-11-23 23:37:19,272 autoreload 6444 16088 X:\edvoyage-backup-cursor\backend\edvoayge\feed\views.py changed, reloading.
INFO 2025-11-23 23:37:20,136 autoreload 13860 19188 Watching for file changes with StatReloader
INFO 2025-11-23 23:37:46,932 autoreload 13860 19188 X:\edvoyage-backup-cursor\backend\edvoayge\feed\views.py changed, reloading.
INFO 2025-11-23 23:37:47,769 autoreload 8128 14872 Watching for file changes with StatReloader
ERROR 2025-11-23 23:37:51,957 log 8128 8352 Internal Server Error: /api/v1/feed/posts/comments/3/
Traceback (most recent call last):
  File "C:\Users\bobby\AppData\Local\Programs\Python\Python312\Lib\site-packages\django\db\backends\utils.py", line 105, in _execute
    return self.cursor.execute(sql, params)
           ^^^^^^^^^^^^^^^^^^^^^^^^^^^^^^^^
  File "C:\Users\bobby\AppData\Local\Programs\Python\Python312\Lib\site-packages\django\db\backends\sqlite3\base.py", line 360, in execute
    return super().execute(query, params)
           ^^^^^^^^^^^^^^^^^^^^^^^^^^^^^^
sqlite3.IntegrityError: NOT NULL constraint failed: feed_post.user_id

The above exception was the direct cause of the following exception:

Traceback (most recent call last):
  File "C:\Users\bobby\AppData\Local\Programs\Python\Python312\Lib\site-packages\django\core\handlers\exception.py", line 55, in inner
    response = get_response(request)
               ^^^^^^^^^^^^^^^^^^^^^
  File "C:\Users\bobby\AppData\Local\Programs\Python\Python312\Lib\site-packages\django\core\handlers\base.py", line 197, in _get_response
    response = wrapped_callback(request, *callback_args, **callback_kwargs)
               ^^^^^^^^^^^^^^^^^^^^^^^^^^^^^^^^^^^^^^^^^^^^^^^^^^^^^^^^^^^^
  File "C:\Users\bobby\AppData\Local\Programs\Python\Python312\Lib\site-packages\django\views\decorators\csrf.py", line 65, in _view_wrapper
    return view_func(request, *args, **kwargs)
           ^^^^^^^^^^^^^^^^^^^^^^^^^^^^^^^^^^^
  File "C:\Users\bobby\AppData\Local\Programs\Python\Python312\Lib\site-packages\django\views\generic\base.py", line 105, in view
    return self.dispatch(request, *args, **kwargs)
           ^^^^^^^^^^^^^^^^^^^^^^^^^^^^^^^^^^^^^^^
  File "C:\Users\bobby\AppData\Local\Programs\Python\Python312\Lib\site-packages\rest_framework\views.py", line 515, in dispatch
    response = self.handle_exception(exc)
               ^^^^^^^^^^^^^^^^^^^^^^^^^^
  File "C:\Users\bobby\AppData\Local\Programs\Python\Python312\Lib\site-packages\rest_framework\views.py", line 475, in handle_exception
    self.raise_uncaught_exception(exc)
  File "C:\Users\bobby\AppData\Local\Programs\Python\Python312\Lib\site-packages\rest_framework\views.py", line 486, in raise_uncaught_exception
    raise exc
  File "C:\Users\bobby\AppData\Local\Programs\Python\Python312\Lib\site-packages\rest_framework\views.py", line 512, in dispatch
    response = handler(request, *args, **kwargs)
               ^^^^^^^^^^^^^^^^^^^^^^^^^^^^^^^^^
  File "C:\Users\bobby\AppData\Local\Programs\Python\Python312\Lib\site-packages\rest_framework\generics.py", line 246, in post
    return self.create(request, *args, **kwargs)
           ^^^^^^^^^^^^^^^^^^^^^^^^^^^^^^^^^^^^^
  File "C:\Users\bobby\AppData\Local\Programs\Python\Python312\Lib\site-packages\rest_framework\mixins.py", line 19, in create
    self.perform_create(serializer)
  File "C:\Users\bobby\AppData\Local\Programs\Python\Python312\Lib\site-packages\rest_framework\mixins.py", line 24, in perform_create
    serializer.save()
  File "C:\Users\bobby\AppData\Local\Programs\Python\Python312\Lib\site-packages\rest_framework\serializers.py", line 210, in save
    self.instance = self.create(validated_data)
                    ^^^^^^^^^^^^^^^^^^^^^^^^^^^
  File "C:\Users\bobby\AppData\Local\Programs\Python\Python312\Lib\site-packages\rest_framework\serializers.py", line 991, in create
    instance = ModelClass._default_manager.create(**validated_data)
               ^^^^^^^^^^^^^^^^^^^^^^^^^^^^^^^^^^^^^^^^^^^^^^^^^^^^
  File "C:\Users\bobby\AppData\Local\Programs\Python\Python312\Lib\site-packages\django\db\models\manager.py", line 87, in manager_method
    return getattr(self.get_queryset(), name)(*args, **kwargs)
           ^^^^^^^^^^^^^^^^^^^^^^^^^^^^^^^^^^^^^^^^^^^^^^^^^^^
  File "C:\Users\bobby\AppData\Local\Programs\Python\Python312\Lib\site-packages\django\db\models\query.py", line 663, in create
    obj.save(force_insert=True, using=self.db)
  File "C:\Users\bobby\AppData\Local\Programs\Python\Python312\Lib\site-packages\django\db\models\base.py", line 902, in save
    self.save_base(
  File "C:\Users\bobby\AppData\Local\Programs\Python\Python312\Lib\site-packages\django\db\models\base.py", line 1008, in save_base
    updated = self._save_table(
              ^^^^^^^^^^^^^^^^^
  File "C:\Users\bobby\AppData\Local\Programs\Python\Python312\Lib\site-packages\django\db\models\base.py", line 1169, in _save_table
    results = self._do_insert(
              ^^^^^^^^^^^^^^^^
  File "C:\Users\bobby\AppData\Local\Programs\Python\Python312\Lib\site-packages\django\db\models\base.py", line 1210, in _do_insert
    return manager._insert(
           ^^^^^^^^^^^^^^^^
  File "C:\Users\bobby\AppData\Local\Programs\Python\Python312\Lib\site-packages\django\db\models\manager.py", line 87, in manager_method
    return getattr(self.get_queryset(), name)(*args, **kwargs)
           ^^^^^^^^^^^^^^^^^^^^^^^^^^^^^^^^^^^^^^^^^^^^^^^^^^^
  File "C:\Users\bobby\AppData\Local\Programs\Python\Python312\Lib\site-packages\django\db\models\query.py", line 1868, in _insert
    return query.get_compiler(using=using).execute_sql(returning_fields)
           ^^^^^^^^^^^^^^^^^^^^^^^^^^^^^^^^^^^^^^^^^^^^^^^^^^^^^^^^^^^^^
  File "C:\Users\bobby\AppData\Local\Programs\Python\Python312\Lib\site-packages\django\db\models\sql\compiler.py", line 1882, in execute_sql
    cursor.execute(sql, params)
  File "C:\Users\bobby\AppData\Local\Programs\Python\Python312\Lib\site-packages\django\db\backends\utils.py", line 122, in execute
    return super().execute(sql, params)
           ^^^^^^^^^^^^^^^^^^^^^^^^^^^^
  File "C:\Users\bobby\AppData\Local\Programs\Python\Python312\Lib\site-packages\django\db\backends\utils.py", line 79, in execute
    return self._execute_with_wrappers(
           ^^^^^^^^^^^^^^^^^^^^^^^^^^^^
  File "C:\Users\bobby\AppData\Local\Programs\Python\Python312\Lib\site-packages\django\db\backends\utils.py", line 92, in _execute_with_wrappers
    return executor(sql, params, many, context)
           ^^^^^^^^^^^^^^^^^^^^^^^^^^^^^^^^^^^^
  File "C:\Users\bobby\AppData\Local\Programs\Python\Python312\Lib\site-packages\django\db\backends\utils.py", line 100, in _execute
    with self.db.wrap_database_errors:
         ^^^^^^^^^^^^^^^^^^^^^^^^^^^^
  File "C:\Users\bobby\AppData\Local\Programs\Python\Python312\Lib\site-packages\django\db\utils.py", line 91, in __exit__
    raise dj_exc_value.with_traceback(traceback) from exc_value
  File "C:\Users\bobby\AppData\Local\Programs\Python\Python312\Lib\site-packages\django\db\backends\utils.py", line 105, in _execute
    return self.cursor.execute(sql, params)
           ^^^^^^^^^^^^^^^^^^^^^^^^^^^^^^^^
  File "C:\Users\bobby\AppData\Local\Programs\Python\Python312\Lib\site-packages\django\db\backends\sqlite3\base.py", line 360, in execute
    return super().execute(query, params)
           ^^^^^^^^^^^^^^^^^^^^^^^^^^^^^^
django.db.utils.IntegrityError: NOT NULL constraint failed: feed_post.user_id
ERROR 2025-11-23 23:37:51,964 basehttp 8128 8352 "POST /api/v1/feed/posts/comments/3/ HTTP/1.1" 500 218611
INFO 2025-11-23 23:39:02,402 autoreload 8128 14872 X:\edvoyage-backup-cursor\backend\edvoayge\feed\views.py changed, reloading.
INFO 2025-11-23 23:39:03,226 autoreload 2624 15628 Watching for file changes with StatReloader
INFO 2025-11-23 23:39:31,814 autoreload 13388 18648 Watching for file changes with StatReloader
WARNING 2025-11-23 23:39:44,132 log 13388 10780 Not Found: /api/v1/
WARNING 2025-11-23 23:39:44,133 basehttp 13388 10780 "GET /api/v1/ HTTP/1.1" 404 6279
INFO 2025-11-23 23:39:49,270 basehttp 13388 10780 "GET /api/v1/feed/posts/1/1/ HTTP/1.1" 200 647
WARNING 2025-11-23 23:39:53,228 log 13388 10780 Not Found: /api/v1/feed/
WARNING 2025-11-23 23:39:53,228 basehttp 13388 10780 "GET /api/v1/feed/ HTTP/1.1" 404 8349
WARNING 2025-11-23 23:40:02,483 log 13388 10780 Not Found: /api/v1/feed/posts/comments/
WARNING 2025-11-23 23:40:02,484 basehttp 13388 10780 "GET /api/v1/feed/posts/comments/ HTTP/1.1" 404 8394
ERROR 2025-11-23 23:40:11,798 log 13388 10780 Internal Server Error: /api/v1/feed/posts/comments/1/
Traceback (most recent call last):
  File "C:\Users\bobby\AppData\Local\Programs\Python\Python312\Lib\site-packages\django\db\models\fields\__init__.py", line 2128, in get_prep_value
    return int(value)
           ^^^^^^^^^^
ValueError: invalid literal for int() with base 10: 'comments'

The above exception was the direct cause of the following exception:

Traceback (most recent call last):
  File "C:\Users\bobby\AppData\Local\Programs\Python\Python312\Lib\site-packages\django\core\handlers\exception.py", line 55, in inner
    response = get_response(request)
               ^^^^^^^^^^^^^^^^^^^^^
  File "C:\Users\bobby\AppData\Local\Programs\Python\Python312\Lib\site-packages\django\core\handlers\base.py", line 197, in _get_response
    response = wrapped_callback(request, *callback_args, **callback_kwargs)
               ^^^^^^^^^^^^^^^^^^^^^^^^^^^^^^^^^^^^^^^^^^^^^^^^^^^^^^^^^^^^
  File "C:\Users\bobby\AppData\Local\Programs\Python\Python312\Lib\site-packages\django\views\decorators\csrf.py", line 65, in _view_wrapper
    return view_func(request, *args, **kwargs)
           ^^^^^^^^^^^^^^^^^^^^^^^^^^^^^^^^^^^
  File "C:\Users\bobby\AppData\Local\Programs\Python\Python312\Lib\site-packages\django\views\generic\base.py", line 105, in view
    return self.dispatch(request, *args, **kwargs)
           ^^^^^^^^^^^^^^^^^^^^^^^^^^^^^^^^^^^^^^^
  File "C:\Users\bobby\AppData\Local\Programs\Python\Python312\Lib\site-packages\rest_framework\views.py", line 515, in dispatch
    response = self.handle_exception(exc)
               ^^^^^^^^^^^^^^^^^^^^^^^^^^
  File "C:\Users\bobby\AppData\Local\Programs\Python\Python312\Lib\site-packages\rest_framework\views.py", line 475, in handle_exception
    self.raise_uncaught_exception(exc)
  File "C:\Users\bobby\AppData\Local\Programs\Python\Python312\Lib\site-packages\rest_framework\views.py", line 486, in raise_uncaught_exception
    raise exc
  File "C:\Users\bobby\AppData\Local\Programs\Python\Python312\Lib\site-packages\rest_framework\views.py", line 512, in dispatch
    response = handler(request, *args, **kwargs)
               ^^^^^^^^^^^^^^^^^^^^^^^^^^^^^^^^^
  File "C:\Users\bobby\AppData\Local\Programs\Python\Python312\Lib\site-packages\rest_framework\generics.py", line 243, in get
    return self.list(request, *args, **kwargs)
           ^^^^^^^^^^^^^^^^^^^^^^^^^^^^^^^^^^^
  File "C:\Users\bobby\AppData\Local\Programs\Python\Python312\Lib\site-packages\rest_framework\mixins.py", line 38, in list
    queryset = self.filter_queryset(self.get_queryset())
                                    ^^^^^^^^^^^^^^^^^^^
  File "X:\edvoyage-backup-cursor\backend\edvoayge\feed\views.py", line 46, in get_queryset
    qs = Post.objects.filter(user=user, category_id=category_id).order_by("-created_at")
         ^^^^^^^^^^^^^^^^^^^^^^^^^^^^^^^^^^^^^^^^^^^^^^^^^^^^^^^
  File "C:\Users\bobby\AppData\Local\Programs\Python\Python312\Lib\site-packages\django\db\models\manager.py", line 87, in manager_method
    return getattr(self.get_queryset(), name)(*args, **kwargs)
           ^^^^^^^^^^^^^^^^^^^^^^^^^^^^^^^^^^^^^^^^^^^^^^^^^^^
  File "C:\Users\bobby\AppData\Local\Programs\Python\Python312\Lib\site-packages\django\db\models\query.py", line 1493, in filter
    return self._filter_or_exclude(False, args, kwargs)
           ^^^^^^^^^^^^^^^^^^^^^^^^^^^^^^^^^^^^^^^^^^^^
  File "C:\Users\bobby\AppData\Local\Programs\Python\Python312\Lib\site-packages\django\db\models\query.py", line 1511, in _filter_or_exclude
    clone._filter_or_exclude_inplace(negate, args, kwargs)
  File "C:\Users\bobby\AppData\Local\Programs\Python\Python312\Lib\site-packages\django\db\models\query.py", line 1518, in _filter_or_exclude_inplace
    self._query.add_q(Q(*args, **kwargs))
  File "C:\Users\bobby\AppData\Local\Programs\Python\Python312\Lib\site-packages\django\db\models\sql\query.py", line 1646, in add_q
    clause, _ = self._add_q(q_object, can_reuse)
                ^^^^^^^^^^^^^^^^^^^^^^^^^^^^^^^^
  File "C:\Users\bobby\AppData\Local\Programs\Python\Python312\Lib\site-packages\django\db\models\sql\query.py", line 1678, in _add_q
    child_clause, needed_inner = self.build_filter(
                                 ^^^^^^^^^^^^^^^^^^
  File "C:\Users\bobby\AppData\Local\Programs\Python\Python312\Lib\site-packages\django\db\models\sql\query.py", line 1588, in build_filter
    condition = self.build_lookup(lookups, col, value)
                ^^^^^^^^^^^^^^^^^^^^^^^^^^^^^^^^^^^^^^
  File "C:\Users\bobby\AppData\Local\Programs\Python\Python312\Lib\site-packages\django\db\models\sql\query.py", line 1415, in build_lookup
    lookup = lookup_class(lhs, rhs)
             ^^^^^^^^^^^^^^^^^^^^^^
  File "C:\Users\bobby\AppData\Local\Programs\Python\Python312\Lib\site-packages\django\db\models\lookups.py", line 38, in __init__
    self.rhs = self.get_prep_lookup()
               ^^^^^^^^^^^^^^^^^^^^^^
  File "C:\Users\bobby\AppData\Local\Programs\Python\Python312\Lib\site-packages\django\db\models\fields\related_lookups.py", line 112, in get_prep_lookup
    self.rhs = target_field.get_prep_value(self.rhs)
               ^^^^^^^^^^^^^^^^^^^^^^^^^^^^^^^^^^^^^
  File "C:\Users\bobby\AppData\Local\Programs\Python\Python312\Lib\site-packages\django\db\models\fields\__init__.py", line 2130, in get_prep_value
    raise e.__class__(
ValueError: Field 'id' expected a number but got 'comments'.
ERROR 2025-11-23 23:40:11,804 basehttp 13388 10780 "GET /api/v1/feed/posts/comments/1/ HTTP/1.1" 500 171697
INFO 2025-11-23 23:42:59,767 autoreload 13388 18648 X:\edvoyage-backup-cursor\backend\edvoayge\feed\urls.py changed, reloading.
INFO 2025-11-23 23:43:00,678 autoreload 2632 2568 Watching for file changes with StatReloader
INFO 2025-11-23 23:43:02,638 basehttp 2632 3960 "GET /api/v1/feed/posts/comments/1/ HTTP/1.1" 200 226
INFO 2025-11-23 23:43:23,852 basehttp 2632 18580 "POST /api/v1/feed/posts/comments/3/ HTTP/1.1" 201 86
INFO 2025-11-23 23:43:39,702 basehttp 2632 3960 "GET /api/v1/feed/posts/comments/1/ HTTP/1.1" 200 226
INFO 2025-11-23 23:43:44,451 basehttp 2632 3960 "GET /api/v1/feed/posts/comments/2/ HTTP/1.1" 200 52
INFO 2025-11-23 23:43:49,475 basehttp 2632 3960 "GET /api/v1/feed/posts/comments/3/ HTTP/1.1" 200 138
INFO 2025-11-23 23:43:59,622 basehttp 2632 18580 "GET /api/v1/feed/posts/all/1/ HTTP/1.1" 200 951
INFO 2025-11-23 23:44:01,169 basehttp 2632 18580 "GET /api/v1/feed/posts/1/1/ HTTP/1.1" 200 647
INFO 2025-11-23 23:44:02,624 basehttp 2632 18580 "GET /api/v1/feed/posts/2/1/ HTTP/1.1" 200 355
INFO 2025-11-23 23:44:07,371 basehttp 2632 18580 "GET /api/v1/feed/posts/all/1/ HTTP/1.1" 200 951
INFO 2025-11-23 23:44:08,979 basehttp 2632 18580 "GET /api/v1/feed/posts/1/1/ HTTP/1.1" 200 647
INFO 2025-11-23 23:44:10,592 basehttp 2632 18580 "GET /api/v1/feed/posts/2/1/ HTTP/1.1" 200 355
INFO 2025-11-23 23:44:28,150 basehttp 2632 3960 "GET /api/v1/feed/posts/2/1/ HTTP/1.1" 200 355
INFO 2025-11-23 23:44:59,156 basehttp 2632 18580 "GET /api/v1/notes/flashcards/ HTTP/1.1" 200 1813
INFO 2025-11-23 23:44:59,245 basehttp 2632 18580 "GET /api/v1/feed/categories/ HTTP/1.1" 200 47
INFO 2025-11-23 23:44:59,507 basehttp 2632 18580 "GET /api/v1/feed/posts/all/1/ HTTP/1.1" 200 951
INFO 2025-11-23 23:45:11,398 basehttp 2632 18580 "GET /api/v1/feed/posts/1/1/ HTTP/1.1" 200 647
INFO 2025-11-23 23:48:17,199 autoreload 2632 2568 X:\edvoyage-backup-cursor\backend\edvoayge\feed\serializers.py changed, reloading.
INFO 2025-11-23 23:48:18,055 autoreload 1796 14576 Watching for file changes with StatReloader
INFO 2025-11-23 23:48:34,129 basehttp 1796 9652 "GET /api/v1/feed/posts/2/1/ HTTP/1.1" 200 381
INFO 2025-11-23 23:49:05,723 basehttp 1796 6720 "GET /api/v1/feed/posts/all/1/ HTTP/1.1" 200 1029
INFO 2025-11-23 23:49:07,778 basehttp 1796 6720 "GET /api/v1/feed/posts/1/1/ HTTP/1.1" 200 699
INFO 2025-11-23 23:49:09,144 basehttp 1796 6720 "GET /api/v1/feed/posts/2/1/ HTTP/1.1" 200 381
INFO 2025-11-23 23:49:11,701 basehttp 1796 6720 "GET /api/v1/feed/posts/all/1/ HTTP/1.1" 200 1029
INFO 2025-11-23 23:49:19,923 basehttp 1796 6720 "OPTIONS /api/v1/feed/posts/comments/2/ HTTP/1.1" 200 0
INFO 2025-11-23 23:49:19,933 basehttp 1796 6720 "POST /api/v1/feed/posts/comments/2/ HTTP/1.1" 201 113
INFO 2025-11-23 23:49:30,489 basehttp 1796 6720 "OPTIONS /api/v1/feed/posts/comments/1/ HTTP/1.1" 200 0
INFO 2025-11-23 23:49:30,512 basehttp 1796 6720 "POST /api/v1/feed/posts/comments/1/ HTTP/1.1" 201 115
INFO 2025-11-24 00:04:29,417 basehttp 1796 15376 "GET /api/v1/notes/flashcards/ HTTP/1.1" 200 1813
INFO 2025-11-24 00:04:43,234 basehttp 1796 15060 "OPTIONS /api/v1/users/otp/create/ HTTP/1.1" 200 0
INFO 2025-11-24 00:04:48,264 services 1796 15060 OTP email sent successfully to bobbykboseoffice@gmail.com
INFO 2025-11-24 00:04:48,264 basehttp 1796 15060 "POST /api/v1/users/otp/create/ HTTP/1.1" 201 490
WARNING 2025-11-24 00:04:53,088 log 1796 15060 Not Found: /api/v1/auth/home
WARNING 2025-11-24 00:04:53,088 basehttp 1796 15060 "GET /api/v1/auth/home HTTP/1.1" 404 6306
INFO 2025-11-24 00:04:53,147 basehttp 1796 15784 "GET /api/v1/universities/universities/stats/ HTTP/1.1" 200 6573
INFO 2025-11-24 00:04:53,152 basehttp 1796 15060 "GET /api/v1/courses/courses/stats/ HTTP/1.1" 200 1573
INFO 2025-11-24 00:04:53,164 basehttp 1796 15784 "GET /api/v1/quizzes/questions/?date=2025-11-24 HTTP/1.1" 200 52
INFO 2025-11-24 00:05:05,656 basehttp 1796 15784 "OPTIONS /api/v1/universities/universities/ HTTP/1.1" 200 0
INFO 2025-11-24 00:05:05,678 basehttp 1796 15784 "GET /api/v1/universities/universities/ HTTP/1.1" 200 6806
INFO 2025-11-24 00:05:05,844 basehttp 1796 15784 "GET /media/universities/logos/fast_api_drIdvgZ.png HTTP/1.1" 200 1091903
INFO 2025-11-24 00:05:05,868 basehttp 1796 15060 "GET /media/universities/logos/fast_api.png HTTP/1.1" 200 1091903
INFO 2025-11-24 00:05:08,285 basehttp 1796 15060 "GET /media/universities/banners/college_students_coronavirus_p_1200x768_TCgYGoY.jpg HTTP/1.1" 200 26924
INFO 2025-11-24 00:05:08,377 basehttp 1796 15060 "GET /api/v1/universities/universities/2/ HTTP/1.1" 200 2426
INFO 2025-11-24 00:05:09,983 basehttp 1796 15060 "GET /api/v1/universities/universities/2/ HTTP/1.1" 200 2426
INFO 2025-11-24 00:05:11,398 basehttp 1796 15784 "GET /api/v1/bookmarks/courses/ HTTP/1.1" 200 546
INFO 2025-11-24 00:05:11,404 basehttp 1796 15060 "GET /api/v1/courses/courses/?university_id=2 HTTP/1.1" 200 1383
INFO 2025-11-24 00:05:12,526 basehttp 1796 15060 "GET /api/v1/universities/universities/2/ HTTP/1.1" 200 2426
INFO 2025-11-24 00:05:17,066 basehttp 1796 15060 "GET /media/universities/banners/college_students_coronavirus_p_1200x768.jpg HTTP/1.1" 200 26924
INFO 2025-11-24 00:05:17,145 basehttp 1796 15060 "GET /api/v1/universities/universities/1/ HTTP/1.1" 200 4486
INFO 2025-11-24 00:05:18,465 basehttp 1796 15060 "GET /api/v1/universities/universities/1/ HTTP/1.1" 200 4486
INFO 2025-11-24 00:05:19,142 basehttp 1796 15784 "GET /api/v1/bookmarks/courses/ HTTP/1.1" 200 546
INFO 2025-11-24 00:05:19,154 basehttp 1796 15060 "GET /api/v1/courses/courses/?university_id=1 HTTP/1.1" 200 1383
INFO 2025-11-24 00:05:20,031 basehttp 1796 15060 "GET /api/v1/universities/universities/1/ HTTP/1.1" 200 4486
INFO 2025-11-24 00:05:20,071 basehttp 1796 15060 "GET /media/universities/gallery/fast_api.png HTTP/1.1" 200 1091903
INFO 2025-11-24 00:05:20,071 basehttp 1796 15784 "GET /media/universities/gallery/fast_api_brOIbpt.png HTTP/1.1" 200 1091903
INFO 2025-11-24 00:05:21,307 basehttp 1796 15784 "GET /media/universities/gallery/fast_api_CWjq1Mj.png HTTP/1.1" 200 1091903
INFO 2025-11-24 00:05:21,309 basehttp 1796 15060 "GET /media/universities/gallery/fast_api_RAEmbC9.png HTTP/1.1" 200 1091903
INFO 2025-11-24 00:05:22,166 basehttp 1796 15060 "GET /media/universities/gallery/fast_api_JO2W5Is.png HTTP/1.1" 200 1091903
INFO 2025-11-24 00:05:22,179 basehttp 1796 15784 "GET /media/universities/gallery/fast_api_IIsUq09.png HTTP/1.1" 200 1091903
INFO 2025-11-24 00:05:22,972 basehttp 1796 15784 "GET /api/v1/courses/courses/?university_id=1 HTTP/1.1" 200 1383
INFO 2025-11-24 00:05:22,973 basehttp 1796 15060 "GET /api/v1/bookmarks/courses/ HTTP/1.1" 200 546
INFO 2025-11-24 00:05:23,469 basehttp 1796 15060 "GET /api/v1/universities/universities/1/ HTTP/1.1" 200 4486
INFO 2025-11-24 00:05:27,775 basehttp 1796 15060 "OPTIONS /api/v1/bookmarks/add-favourite-university/ HTTP/1.1" 200 0
WARNING 2025-11-24 00:05:27,781 log 1796 15060 Not Found: /api/v1/bookmarks/add-favourite-university/
WARNING 2025-11-24 00:05:27,781 basehttp 1796 15060 "POST /api/v1/bookmarks/add-favourite-university/ HTTP/1.1" 404 6893
WARNING 2025-11-24 00:05:28,813 log 1796 15060 Not Found: /api/v1/bookmarks/add-favourite-university/
WARNING 2025-11-24 00:05:28,813 basehttp 1796 15060 "POST /api/v1/bookmarks/add-favourite-university/ HTTP/1.1" 404 6893
INFO 2025-11-24 00:05:30,792 basehttp 1796 15060 "OPTIONS /api/v1/universities/universities/1/ HTTP/1.1" 200 0
INFO 2025-11-24 00:05:30,821 basehttp 1796 15060 "GET /api/v1/universities/universities/1/ HTTP/1.1" 200 4486
INFO 2025-11-24 00:05:34,589 basehttp 1796 15060 "OPTIONS /api/v1/applications/applications/simple-test/ HTTP/1.1" 200 0
INFO 2025-11-24 00:05:34,608 basehttp 1796 15060 "POST /api/v1/applications/applications/simple-test/ HTTP/1.1" 201 130
WARNING 2025-11-24 00:06:22,500 log 1796 15060 Not Found: /api/v1/bookmarks/add-favourite-university/
WARNING 2025-11-24 00:06:22,500 basehttp 1796 15060 "POST /api/v1/bookmarks/add-favourite-university/ HTTP/1.1" 404 6893
WARNING 2025-11-24 00:06:49,878 log 1796 17680 Not Found: /api/v1/bookmarks/add-favourite-university/
WARNING 2025-11-24 00:06:49,878 basehttp 1796 17680 "GET /api/v1/bookmarks/add-favourite-university/ HTTP/1.1" 404 6892
WARNING 2025-11-24 00:06:50,029 log 1796 17680 Not Found: /favicon.ico
WARNING 2025-11-24 00:06:50,029 basehttp 1796 17680 "GET /favicon.ico HTTP/1.1" 404 2699
WARNING 2025-11-24 00:06:56,891 log 1796 17680 Not Found: /api/v1/bookmarks/
WARNING 2025-11-24 00:06:56,892 basehttp 1796 17680 "GET /api/v1/bookmarks/ HTTP/1.1" 404 6817
INFO 2025-11-24 00:07:08,551 basehttp 1796 17680 "GET /api/v1/universities/ HTTP/1.1" 200 533
INFO 2025-11-24 00:07:30,332 basehttp 1796 17680 "GET /api/v1/bookmarks/universities/ HTTP/1.1" 200 40
WARNING 2025-11-24 00:09:06,575 log 1796 17636 Not Found: /api/v1/bookmarks/add-favourite-university/
WARNING 2025-11-24 00:09:06,575 basehttp 1796 17636 "POST /api/v1/bookmarks/add-favourite-university/ HTTP/1.1" 404 6893
INFO 2025-11-24 00:10:33,670 basehttp 1796 8428 - Broken pipe from ('127.0.0.1', 17884)
INFO 2025-11-24 00:10:35,791 basehttp 1796 9052 "GET /api/v1/notes/flashcards/ HTTP/1.1" 200 1813
WARNING 2025-11-24 00:10:36,512 log 1796 17636 Not Found: /api/v1/auth/home
WARNING 2025-11-24 00:10:36,512 basehttp 1796 17636 "GET /api/v1/auth/home HTTP/1.1" 404 6306
INFO 2025-11-24 00:10:36,536 basehttp 1796 17636 "GET /api/v1/universities/universities/stats/ HTTP/1.1" 200 6573
INFO 2025-11-24 00:10:36,550 basehttp 1796 17636 "GET /api/v1/courses/courses/stats/ HTTP/1.1" 200 1573
INFO 2025-11-24 00:10:36,557 basehttp 1796 17636 "GET /api/v1/quizzes/questions/?date=2025-11-24 HTTP/1.1" 200 52
INFO 2025-11-24 00:10:38,293 basehttp 1796 17636 "GET /api/v1/universities/universities/ HTTP/1.1" 200 6806
INFO 2025-11-24 00:10:40,816 basehttp 1796 17636 "GET /api/v1/universities/universities/1/ HTTP/1.1" 200 4486
INFO 2025-11-24 00:10:41,724 basehttp 1796 17636 "OPTIONS /api/v1/bookmarks/universities HTTP/1.1" 200 0
ERROR 2025-11-24 00:10:41,771 log 1796 17636 Internal Server Error: /api/v1/bookmarks/universities
Traceback (most recent call last):
  File "C:\Users\bobby\AppData\Local\Programs\Python\Python312\Lib\site-packages\django\core\handlers\exception.py", line 55, in inner
    response = get_response(request)
               ^^^^^^^^^^^^^^^^^^^^^
  File "C:\Users\bobby\AppData\Local\Programs\Python\Python312\Lib\site-packages\django\utils\deprecation.py", line 122, in __call__
    response = self.process_response(request, response)
               ^^^^^^^^^^^^^^^^^^^^^^^^^^^^^^^^^^^^^^^^
  File "C:\Users\bobby\AppData\Local\Programs\Python\Python312\Lib\site-packages\django\middleware\common.py", line 108, in process_response
    return self.response_redirect_class(self.get_full_path_with_slash(request))
                                        ^^^^^^^^^^^^^^^^^^^^^^^^^^^^^^^^^^^^^^
  File "C:\Users\bobby\AppData\Local\Programs\Python\Python312\Lib\site-packages\django\middleware\common.py", line 87, in get_full_path_with_slash
    raise RuntimeError(
RuntimeError: You called this URL via POST, but the URL doesn't end in a slash and you have APPEND_SLASH set. Django can't redirect to the slash URL while maintaining POST data. Change your form to point to localhost:8000/api/v1/bookmarks/universities/ (note the trailing slash), or set APPEND_SLASH=False in your Django settings.
ERROR 2025-11-24 00:10:41,774 basehttp 1796 17636 "POST /api/v1/bookmarks/universities HTTP/1.1" 500 79267
ERROR 2025-11-24 00:12:13,517 log 1796 11944 Internal Server Error: /api/v1/bookmarks/universities
Traceback (most recent call last):
  File "C:\Users\bobby\AppData\Local\Programs\Python\Python312\Lib\site-packages\django\core\handlers\exception.py", line 55, in inner
    response = get_response(request)
               ^^^^^^^^^^^^^^^^^^^^^
  File "C:\Users\bobby\AppData\Local\Programs\Python\Python312\Lib\site-packages\django\utils\deprecation.py", line 122, in __call__
    response = self.process_response(request, response)
               ^^^^^^^^^^^^^^^^^^^^^^^^^^^^^^^^^^^^^^^^
  File "C:\Users\bobby\AppData\Local\Programs\Python\Python312\Lib\site-packages\django\middleware\common.py", line 108, in process_response
    return self.response_redirect_class(self.get_full_path_with_slash(request))
                                        ^^^^^^^^^^^^^^^^^^^^^^^^^^^^^^^^^^^^^^
  File "C:\Users\bobby\AppData\Local\Programs\Python\Python312\Lib\site-packages\django\middleware\common.py", line 87, in get_full_path_with_slash
    raise RuntimeError(
RuntimeError: You called this URL via POST, but the URL doesn't end in a slash and you have APPEND_SLASH set. Django can't redirect to the slash URL while maintaining POST data. Change your form to point to localhost:8000/api/v1/bookmarks/universities/ (note the trailing slash), or set APPEND_SLASH=False in your Django settings.
ERROR 2025-11-24 00:12:13,518 basehttp 1796 11944 "POST /api/v1/bookmarks/universities HTTP/1.1" 500 79267
INFO 2025-11-24 00:12:31,564 basehttp 1796 9052 "GET /api/v1/notes/flashcards/ HTTP/1.1" 200 1813
WARNING 2025-11-24 00:12:36,071 log 1796 14076 Not Found: /api/v1/auth/home
WARNING 2025-11-24 00:12:36,071 basehttp 1796 14076 "GET /api/v1/auth/home HTTP/1.1" 404 6306
INFO 2025-11-24 00:12:36,092 basehttp 1796 14076 "GET /api/v1/universities/universities/stats/ HTTP/1.1" 200 6573
INFO 2025-11-24 00:12:36,109 basehttp 1796 14076 "GET /api/v1/courses/courses/stats/ HTTP/1.1" 200 1573
INFO 2025-11-24 00:12:36,117 basehttp 1796 14076 "GET /api/v1/quizzes/questions/?date=2025-11-24 HTTP/1.1" 200 52
INFO 2025-11-24 00:12:39,329 basehttp 1796 14076 "GET /api/v1/universities/universities/ HTTP/1.1" 200 6806
INFO 2025-11-24 00:12:41,191 basehttp 1796 14076 "GET /api/v1/universities/universities/1/ HTTP/1.1" 200 4486
INFO 2025-11-24 00:12:42,672 basehttp 1796 14076 "OPTIONS /api/v1/bookmarks/universities/ HTTP/1.1" 200 0
ERROR 2025-11-24 00:12:42,683 log 1796 14076 Internal Server Error: /api/v1/bookmarks/universities/
ERROR 2025-11-24 00:12:42,684 basehttp 1796 14076 "POST /api/v1/bookmarks/universities/ HTTP/1.1" 500 181
INFO 2025-11-24 00:14:55,454 autoreload 1796 14576 X:\edvoyage-backup-cursor\backend\edvoayge\bookmarks\views.py changed, reloading.
INFO 2025-11-24 00:14:56,356 autoreload 19184 17516 Watching for file changes with StatReloader
ERROR 2025-11-24 00:15:06,158 log 19184 2304 Internal Server Error: /api/v1/bookmarks/universities/
ERROR 2025-11-24 00:15:06,158 basehttp 19184 2304 "POST /api/v1/bookmarks/universities/ HTTP/1.1" 500 119
INFO 2025-11-24 00:15:46,248 autoreload 19184 17516 X:\edvoyage-backup-cursor\backend\edvoayge\bookmarks\views.py changed, reloading.
INFO 2025-11-24 00:15:47,112 autoreload 2856 18300 Watching for file changes with StatReloader
ERROR 2025-11-24 00:15:50,360 log 2856 18368 Internal Server Error: /api/v1/bookmarks/universities/
ERROR 2025-11-24 00:15:50,360 basehttp 2856 18368 "POST /api/v1/bookmarks/universities/ HTTP/1.1" 500 109
INFO 2025-11-24 00:16:10,028 autoreload 2856 18300 X:\edvoyage-backup-cursor\backend\edvoayge\bookmarks\views.py changed, reloading.
INFO 2025-11-24 00:16:10,889 autoreload 9460 452 Watching for file changes with StatReloader
WARNING 2025-11-24 00:16:14,375 log 9460 12284 Bad Request: /api/v1/bookmarks/universities/
WARNING 2025-11-24 00:16:14,375 basehttp 9460 12284 "POST /api/v1/bookmarks/universities/ HTTP/1.1" 400 63
WARNING 2025-11-24 00:16:34,535 log 9460 12284 Bad Request: /api/v1/bookmarks/universities/
WARNING 2025-11-24 00:16:34,535 basehttp 9460 12284 "POST /api/v1/bookmarks/universities/ HTTP/1.1" 400 63
ERROR 2025-11-24 00:17:29,086 log 9460 11760 Internal Server Error: /api/v1/bookmarks/universities/
ERROR 2025-11-24 00:17:29,086 basehttp 9460 11760 "GET /api/v1/bookmarks/universities/ HTTP/1.1" 500 99
INFO 2025-11-24 00:18:26,603 autoreload 9460 452 X:\edvoyage-backup-cursor\backend\edvoayge\bookmarks\views.py changed, reloading.
INFO 2025-11-24 00:18:27,477 autoreload 18508 19092 Watching for file changes with StatReloader
ERROR 2025-11-24 00:18:29,611 log 18508 6916 Internal Server Error: /api/v1/bookmarks/universities/
ERROR 2025-11-24 00:18:29,611 basehttp 18508 6916 "GET /api/v1/bookmarks/universities/ HTTP/1.1" 500 99
INFO 2025-11-24 00:18:37,949 autoreload 18508 19092 X:\edvoyage-backup-cursor\backend\edvoayge\bookmarks\views.py changed, reloading.
INFO 2025-11-24 00:18:38,728 autoreload 2112 19356 Watching for file changes with StatReloader
INFO 2025-11-24 00:18:47,541 basehttp 2112 5824 "GET /api/v1/bookmarks/universities/ HTTP/1.1" 200 4154
INFO 2025-11-24 00:22:05,070 basehttp 2112 16932 "GET /api/v1/notes/flashcards/ HTTP/1.1" 200 1813
WARNING 2025-11-24 00:22:08,685 log 2112 15140 Not Found: /api/v1/auth/home
INFO 2025-11-24 00:22:08,687 basehttp 2112 17704 "GET /api/v1/quizzes/questions/?date=2025-11-24 HTTP/1.1" 200 52
WARNING 2025-11-24 00:22:08,688 basehttp 2112 15140 "GET /api/v1/auth/home HTTP/1.1" 404 6306
INFO 2025-11-24 00:22:08,723 basehttp 2112 16548 "GET /api/v1/universities/universities/stats/ HTTP/1.1" 200 6573
INFO 2025-11-24 00:22:08,723 basehttp 2112 18884 "GET /api/v1/courses/courses/stats/ HTTP/1.1" 200 1573
INFO 2025-11-24 00:22:10,093 basehttp 2112 18884 "GET /api/v1/universities/universities/ HTTP/1.1" 200 6806
INFO 2025-11-24 00:22:12,213 basehttp 2112 16548 "GET /api/v1/universities/universities/1/ HTTP/1.1" 200 4486
INFO 2025-11-24 00:22:12,218 basehttp 2112 18884 "GET /api/v1/bookmarks/universities/ HTTP/1.1" 200 4154
WARNING 2025-11-24 00:22:13,495 log 2112 18884 Bad Request: /api/v1/bookmarks/universities/
WARNING 2025-11-24 00:22:13,495 basehttp 2112 18884 "POST /api/v1/bookmarks/universities/ HTTP/1.1" 400 63
INFO 2025-11-24 00:22:29,905 basehttp 2112 16932 "GET /api/v1/notes/flashcards/ HTTP/1.1" 200 1813
WARNING 2025-11-24 00:22:30,623 log 2112 18884 Not Found: /api/v1/auth/home
WARNING 2025-11-24 00:22:30,624 basehttp 2112 18884 "GET /api/v1/auth/home HTTP/1.1" 404 6306
INFO 2025-11-24 00:22:30,632 basehttp 2112 17704 "GET /api/v1/quizzes/questions/?date=2025-11-24 HTTP/1.1" 200 52
INFO 2025-11-24 00:22:30,645 basehttp 2112 15140 "GET /api/v1/courses/courses/stats/ HTTP/1.1" 200 1573
INFO 2025-11-24 00:22:30,680 basehttp 2112 16548 "GET /api/v1/universities/universities/stats/ HTTP/1.1" 200 6573
INFO 2025-11-24 00:22:31,709 basehttp 2112 16548 "GET /api/v1/universities/universities/ HTTP/1.1" 200 6806
INFO 2025-11-24 00:22:41,293 basehttp 2112 15140 "GET /api/v1/universities/universities/1/ HTTP/1.1" 200 4486
INFO 2025-11-24 00:22:41,296 basehttp 2112 16548 "GET /api/v1/bookmarks/universities/ HTTP/1.1" 200 4154
INFO 2025-11-24 00:24:15,909 basehttp 2112 16932 "GET /api/v1/notes/flashcards/ HTTP/1.1" 200 1813
WARNING 2025-11-24 00:24:16,581 log 2112 16548 Not Found: /api/v1/auth/home
WARNING 2025-11-24 00:24:16,581 basehttp 2112 16548 "GET /api/v1/auth/home HTTP/1.1" 404 6306
INFO 2025-11-24 00:24:16,593 basehttp 2112 18884 "GET /api/v1/quizzes/questions/?date=2025-11-24 HTTP/1.1" 200 52
INFO 2025-11-24 00:24:16,613 basehttp 2112 17704 "GET /api/v1/courses/courses/stats/ HTTP/1.1" 200 1573
INFO 2025-11-24 00:24:16,625 basehttp 2112 15140 "GET /api/v1/universities/universities/stats/ HTTP/1.1" 200 6573
INFO 2025-11-24 00:24:21,094 basehttp 2112 15140 "GET /api/v1/universities/universities/ HTTP/1.1" 200 6806
INFO 2025-11-24 00:24:23,139 basehttp 2112 17704 "GET /api/v1/universities/universities/1/ HTTP/1.1" 200 4486
INFO 2025-11-24 00:24:23,139 basehttp 2112 15140 "GET /api/v1/bookmarks/universities/ HTTP/1.1" 200 4154
WARNING 2025-11-24 00:24:24,955 log 2112 15140 Bad Request: /api/v1/bookmarks/universities/
WARNING 2025-11-24 00:24:24,956 basehttp 2112 15140 "POST /api/v1/bookmarks/universities/ HTTP/1.1" 400 63
WARNING 2025-11-24 00:24:31,204 log 2112 15140 Bad Request: /api/v1/bookmarks/universities/
WARNING 2025-11-24 00:24:31,205 basehttp 2112 15140 "POST /api/v1/bookmarks/universities/ HTTP/1.1" 400 63
WARNING 2025-11-24 00:25:34,454 log 2112 15140 Bad Request: /api/v1/bookmarks/universities/
WARNING 2025-11-24 00:25:34,455 basehttp 2112 15140 "POST /api/v1/bookmarks/universities/ HTTP/1.1" 400 63
INFO 2025-11-24 00:26:42,417 autoreload 2112 19356 X:\edvoyage-backup-cursor\backend\edvoayge\bookmarks\views.py changed, reloading.
INFO 2025-11-24 00:26:43,293 autoreload 18664 14724 Watching for file changes with StatReloader
INFO 2025-11-24 00:26:46,381 basehttp 18664 11004 "GET /api/v1/notes/flashcards/ HTTP/1.1" 200 1813
WARNING 2025-11-24 00:26:48,511 log 18664 19236 Not Found: /api/v1/auth/home
WARNING 2025-11-24 00:26:48,514 basehttp 18664 19236 "GET /api/v1/auth/home HTTP/1.1" 404 6306
INFO 2025-11-24 00:26:48,520 basehttp 18664 18996 "GET /api/v1/quizzes/questions/?date=2025-11-24 HTTP/1.1" 200 52
INFO 2025-11-24 00:26:48,557 basehttp 18664 6860 "GET /api/v1/courses/courses/stats/ HTTP/1.1" 200 1573
INFO 2025-11-24 00:26:48,557 basehttp 18664 15176 "GET /api/v1/universities/universities/stats/ HTTP/1.1" 200 6573
INFO 2025-11-24 00:26:49,551 basehttp 18664 15176 "GET /api/v1/universities/universities/ HTTP/1.1" 200 6806
INFO 2025-11-24 00:26:51,184 basehttp 18664 15176 "GET /api/v1/bookmarks/universities/ HTTP/1.1" 200 4154
INFO 2025-11-24 00:26:51,196 basehttp 18664 6860 "GET /api/v1/universities/universities/1/ HTTP/1.1" 200 4486
INFO 2025-11-24 00:26:53,481 basehttp 18664 6860 "POST /api/v1/bookmarks/universities/ HTTP/1.1" 200 67
INFO 2025-11-24 00:26:54,681 basehttp 18664 6860 "POST /api/v1/bookmarks/universities/ HTTP/1.1" 201 4185
INFO 2025-11-24 00:27:05,796 basehttp 18664 6860 "POST /api/v1/bookmarks/universities/ HTTP/1.1" 200 67
INFO 2025-11-24 00:27:19,857 basehttp 18664 6860 "POST /api/v1/bookmarks/universities/ HTTP/1.1" 201 4185
INFO 2025-11-24 00:27:43,377 basehttp 18664 6860 "POST /api/v1/bookmarks/universities/ HTTP/1.1" 200 67
INFO 2025-11-24 00:27:49,899 basehttp 18664 6860 "POST /api/v1/bookmarks/universities/ HTTP/1.1" 201 4185
INFO 2025-11-24 00:27:52,656 basehttp 18664 6860 "POST /api/v1/bookmarks/universities/ HTTP/1.1" 200 67
INFO 2025-11-24 00:27:54,556 basehttp 18664 6860 "POST /api/v1/bookmarks/universities/ HTTP/1.1" 201 4185
INFO 2025-11-24 00:27:55,441 basehttp 18664 6860 "POST /api/v1/bookmarks/universities/ HTTP/1.1" 200 67
INFO 2025-11-24 00:30:03,558 basehttp 18664 11004 "GET /api/v1/notes/flashcards/ HTTP/1.1" 200 1813
WARNING 2025-11-24 00:30:04,250 log 18664 6860 Not Found: /api/v1/auth/home
WARNING 2025-11-24 00:30:04,253 basehttp 18664 6860 "GET /api/v1/auth/home HTTP/1.1" 404 6306
INFO 2025-11-24 00:30:04,262 basehttp 18664 19236 "GET /api/v1/quizzes/questions/?date=2025-11-24 HTTP/1.1" 200 52
INFO 2025-11-24 00:30:04,277 basehttp 18664 18996 "GET /api/v1/courses/courses/stats/ HTTP/1.1" 200 1573
INFO 2025-11-24 00:30:04,293 basehttp 18664 15176 "GET /api/v1/universities/universities/stats/ HTTP/1.1" 200 6573
INFO 2025-11-24 00:30:05,122 basehttp 18664 15176 "GET /api/v1/universities/universities/ HTTP/1.1" 200 6806
INFO 2025-11-24 00:30:06,635 basehttp 18664 15176 "GET /api/v1/bookmarks/universities/ HTTP/1.1" 200 40
INFO 2025-11-24 00:30:06,643 basehttp 18664 18996 "GET /api/v1/universities/universities/1/ HTTP/1.1" 200 4486
INFO 2025-11-24 00:30:07,780 basehttp 18664 18996 "POST /api/v1/bookmarks/universities/ HTTP/1.1" 201 4185
INFO 2025-11-24 00:30:51,940 basehttp 18664 18996 "GET /api/v1/courses/courses/?university_id=1 HTTP/1.1" 200 1383
INFO 2025-11-24 00:30:51,941 basehttp 18664 15176 "GET /api/v1/bookmarks/courses/ HTTP/1.1" 200 546
INFO 2025-11-24 00:31:01,914 basehttp 18664 15176 "OPTIONS /api/v1/bookmarks/courses/ HTTP/1.1" 200 0
INFO 2025-11-24 00:31:01,924 basehttp 18664 15176 "POST /api/v1/bookmarks/courses/ HTTP/1.1" 200 76
INFO 2025-11-24 00:31:04,429 basehttp 18664 15176 "POST /api/v1/bookmarks/courses/ HTTP/1.1" 200 82
INFO 2025-11-24 00:31:06,146 basehttp 18664 15176 "GET /api/v1/universities/universities/1/ HTTP/1.1" 200 4486
INFO 2025-11-24 00:31:09,060 basehttp 18664 18996 "GET /api/v1/courses/courses/?university_id=1 HTTP/1.1" 200 1383
INFO 2025-11-24 00:31:09,063 basehttp 18664 15176 "GET /api/v1/bookmarks/courses/ HTTP/1.1" 200 546
INFO 2025-11-24 00:31:23,030 basehttp 18664 11004 "GET /api/v1/feed/categories/ HTTP/1.1" 200 47
INFO 2025-11-24 00:31:23,103 basehttp 18664 11004 "GET /api/v1/feed/posts/all/1/ HTTP/1.1" 200 1258
WARNING 2025-11-24 00:31:25,974 log 18664 15176 Not Found: /api/v1/auth/home
WARNING 2025-11-24 00:31:25,977 basehttp 18664 15176 "GET /api/v1/auth/home HTTP/1.1" 404 6306
INFO 2025-11-24 00:31:25,982 basehttp 18664 6860 "GET /api/v1/quizzes/questions/?date=2025-11-24 HTTP/1.1" 200 52
INFO 2025-11-24 00:31:26,000 basehttp 18664 19236 "GET /api/v1/courses/courses/stats/ HTTP/1.1" 200 1573
INFO 2025-11-24 00:31:26,011 basehttp 18664 18996 "GET /api/v1/universities/universities/stats/ HTTP/1.1" 200 6573
INFO 2025-11-24 00:31:27,220 basehttp 18664 18996 "GET /api/v1/notes/categories/ HTTP/1.1" 200 79
INFO 2025-11-24 00:34:45,235 basehttp 18664 17604 "GET /api/v1/notes/flashcards/ HTTP/1.1" 200 1813
INFO 2025-11-24 00:42:09,007 basehttp 18664 2172 "OPTIONS /api/v1/users/otp/create/ HTTP/1.1" 200 0
INFO 2025-11-24 00:42:14,662 services 18664 2172 OTP email sent successfully to bobbykboseoffice@gmil.com
INFO 2025-11-24 00:42:14,662 basehttp 18664 2172 "POST /api/v1/users/otp/create/ HTTP/1.1" 201 488
WARNING 2025-11-24 00:42:20,584 log 18664 2172 Not Found: /api/v1/auth/home
WARNING 2025-11-24 00:42:20,589 basehttp 18664 2172 "GET /api/v1/auth/home HTTP/1.1" 404 6306
INFO 2025-11-24 00:42:20,620 basehttp 18664 2172 "GET /api/v1/courses/courses/stats/ HTTP/1.1" 200 1573
INFO 2025-11-24 00:42:20,621 basehttp 18664 19004 "GET /api/v1/universities/universities/stats/ HTTP/1.1" 200 6573
INFO 2025-11-24 00:42:20,632 basehttp 18664 2172 "GET /api/v1/quizzes/questions/?date=2025-11-24 HTTP/1.1" 200 52
INFO 2025-11-24 00:42:22,112 basehttp 18664 2172 "OPTIONS /api/v1/universities/universities/ HTTP/1.1" 200 0
INFO 2025-11-24 00:42:22,133 basehttp 18664 2172 "GET /api/v1/universities/universities/ HTTP/1.1" 200 6806
INFO 2025-11-24 00:42:22,289 basehttp 18664 2172 "GET /media/universities/logos/fast_api_drIdvgZ.png HTTP/1.1" 200 1091903
INFO 2025-11-24 00:42:22,306 basehttp 18664 19004 "GET /media/universities/logos/fast_api.png HTTP/1.1" 200 1091903
INFO 2025-11-24 00:42:25,111 basehttp 18664 19004 "GET /media/universities/banners/college_students_coronavirus_p_1200x768.jpg HTTP/1.1" 200 26924
INFO 2025-11-24 00:42:25,225 basehttp 18664 2172 "GET /api/v1/universities/universities/1/ HTTP/1.1" 200 4486
INFO 2025-11-24 00:42:25,226 basehttp 18664 19004 "GET /api/v1/bookmarks/universities/ HTTP/1.1" 200 4154
INFO 2025-11-24 00:42:26,776 basehttp 18664 19004 "OPTIONS /api/v1/bookmarks/universities/ HTTP/1.1" 200 0
INFO 2025-11-24 00:42:26,802 basehttp 18664 19004 "POST /api/v1/bookmarks/universities/ HTTP/1.1" 200 67
INFO 2025-11-24 00:42:27,657 basehttp 18664 19004 "POST /api/v1/bookmarks/universities/ HTTP/1.1" 201 4185
INFO 2025-11-24 00:42:31,850 basehttp 18664 19156 "GET /api/v1/notes/flashcards/ HTTP/1.1" 200 1813
WARNING 2025-11-24 00:42:32,557 log 18664 19004 Not Found: /api/v1/auth/home
WARNING 2025-11-24 00:42:32,559 basehttp 18664 19004 "GET /api/v1/auth/home HTTP/1.1" 404 6306
INFO 2025-11-24 00:42:32,559 basehttp 18664 18344 "GET /api/v1/quizzes/questions/?date=2025-11-24 HTTP/1.1" 200 52
INFO 2025-11-24 00:42:32,591 basehttp 18664 2856 "GET /api/v1/courses/courses/stats/ HTTP/1.1" 200 1573
INFO 2025-11-24 00:42:32,592 basehttp 18664 2172 "GET /api/v1/universities/universities/stats/ HTTP/1.1" 200 6573
INFO 2025-11-24 00:42:33,557 basehttp 18664 2172 "GET /api/v1/universities/universities/ HTTP/1.1" 200 6806
INFO 2025-11-24 00:42:35,329 basehttp 18664 2856 "GET /api/v1/universities/universities/1/ HTTP/1.1" 200 4486
INFO 2025-11-24 00:42:35,333 basehttp 18664 2172 "GET /api/v1/bookmarks/universities/ HTTP/1.1" 200 4154
INFO 2025-11-24 00:42:43,092 basehttp 18664 2172 "GET /api/v1/universities/universities/1/ HTTP/1.1" 200 4486
INFO 2025-11-24 00:42:44,911 basehttp 18664 2172 "GET /api/v1/courses/courses/?university_id=1 HTTP/1.1" 200 1383
INFO 2025-11-24 00:42:44,913 basehttp 18664 2856 "GET /api/v1/bookmarks/courses/ HTTP/1.1" 200 546
INFO 2025-11-24 00:42:46,368 basehttp 18664 2856 "GET /api/v1/universities/universities/1/ HTTP/1.1" 200 4486
INFO 2025-11-24 00:42:46,406 basehttp 18664 2856 "GET /media/universities/gallery/fast_api.png HTTP/1.1" 200 1091903
INFO 2025-11-24 00:42:46,410 basehttp 18664 2172 "GET /media/universities/gallery/fast_api_brOIbpt.png HTTP/1.1" 200 1091903
INFO 2025-11-24 00:42:48,604 basehttp 18664 2172 "OPTIONS /api/v1/universities/universities/1/ HTTP/1.1" 200 0
INFO 2025-11-24 00:42:48,621 basehttp 18664 2172 "GET /api/v1/universities/universities/1/ HTTP/1.1" 200 4486
INFO 2025-11-24 00:43:00,108 basehttp 18664 2172 "GET /media/universities/gallery/fast_api_CWjq1Mj.png HTTP/1.1" 200 1091903
INFO 2025-11-24 00:43:00,113 basehttp 18664 2856 "GET /media/universities/gallery/fast_api_RAEmbC9.png HTTP/1.1" 200 1091903
INFO 2025-11-24 00:43:01,456 basehttp 18664 2856 "GET /media/universities/gallery/fast_api_JO2W5Is.png HTTP/1.1" 200 1091903
INFO 2025-11-24 00:43:01,457 basehttp 18664 2172 "GET /media/universities/gallery/fast_api_IIsUq09.png HTTP/1.1" 200 1091903
INFO 2025-11-24 01:49:50,150 basehttp 18664 20244 "GET /api/v1/notes/flashcards/ HTTP/1.1" 200 1813
INFO 2025-11-24 01:50:05,666 basehttp 18664 5576 "OPTIONS /api/v1/users/otp/create/ HTTP/1.1" 200 0
INFO 2025-11-24 01:50:09,418 services 18664 5576 OTP email sent successfully to bobbykboseoffice@gmail.com
INFO 2025-11-24 01:50:09,419 basehttp 18664 5576 "POST /api/v1/users/otp/create/ HTTP/1.1" 201 490
WARNING 2025-11-24 01:50:14,949 log 18664 5576 Not Found: /api/v1/auth/home
WARNING 2025-11-24 01:50:14,949 basehttp 18664 5576 "GET /api/v1/auth/home HTTP/1.1" 404 6306
INFO 2025-11-24 01:50:14,985 basehttp 18664 18168 "GET /api/v1/universities/universities/stats/ HTTP/1.1" 200 6573
INFO 2025-11-24 01:50:14,985 basehttp 18664 5576 "GET /api/v1/courses/courses/stats/ HTTP/1.1" 200 1573
INFO 2025-11-24 01:50:14,994 basehttp 18664 18168 "GET /api/v1/quizzes/questions/?date=2025-11-24 HTTP/1.1" 200 52
INFO 2025-11-24 01:50:27,343 basehttp 18664 18168 "OPTIONS /api/v1/universities/universities/ HTTP/1.1" 200 0
INFO 2025-11-24 01:50:27,364 basehttp 18664 18168 "GET /api/v1/universities/universities/ HTTP/1.1" 200 6806
INFO 2025-11-24 01:50:27,456 basehttp 18664 18168 "GET /media/universities/logos/fast_api_drIdvgZ.png HTTP/1.1" 200 1091903
INFO 2025-11-24 01:50:27,486 basehttp 18664 18168 "GET /media/universities/logos/fast_api.png HTTP/1.1" 200 1091903
INFO 2025-11-24 01:50:30,844 basehttp 18664 18168 "GET /media/universities/banners/college_students_coronavirus_p_1200x768.jpg HTTP/1.1" 200 26924
INFO 2025-11-24 01:50:30,954 basehttp 18664 5576 "GET /api/v1/universities/universities/1/ HTTP/1.1" 200 4486
INFO 2025-11-24 01:50:30,958 basehttp 18664 18168 "GET /api/v1/bookmarks/universities/ HTTP/1.1" 200 4154
INFO 2025-11-24 01:50:34,792 basehttp 18664 18168 "GET /api/v1/universities/universities/1/ HTTP/1.1" 200 4486
INFO 2025-11-24 01:50:36,385 basehttp 18664 18168 "GET /api/v1/universities/universities/1/ HTTP/1.1" 200 4486
INFO 2025-11-24 01:50:39,088 basehttp 18664 18168 "GET /api/v1/universities/universities/1/ HTTP/1.1" 200 4486
INFO 2025-11-24 01:50:40,385 basehttp 18664 18168 "GET /api/v1/courses/courses/?university_id=1 HTTP/1.1" 200 1383
INFO 2025-11-24 01:50:40,399 basehttp 18664 5576 "GET /api/v1/bookmarks/courses/ HTTP/1.1" 200 546
INFO 2025-11-24 01:50:43,046 basehttp 18664 5576 "OPTIONS /api/v1/bookmarks/courses/ HTTP/1.1" 200 0
INFO 2025-11-24 01:50:43,069 basehttp 18664 5576 "POST /api/v1/bookmarks/courses/ HTTP/1.1" 200 76
INFO 2025-11-24 01:50:47,013 basehttp 18664 5576 "POST /api/v1/bookmarks/courses/ HTTP/1.1" 200 82
INFO 2025-11-24 01:50:49,386 basehttp 18664 5576 "GET /api/v1/universities/universities/1/ HTTP/1.1" 200 4486
INFO 2025-11-24 01:50:49,430 basehttp 18664 5576 "GET /media/universities/gallery/fast_api.png HTTP/1.1" 200 1091903
INFO 2025-11-24 01:50:49,433 basehttp 18664 18168 "GET /media/universities/gallery/fast_api_brOIbpt.png HTTP/1.1" 200 1091903
INFO 2025-11-24 01:50:51,048 basehttp 18664 5576 "GET /media/universities/gallery/fast_api_RAEmbC9.png HTTP/1.1" 200 1091903
INFO 2025-11-24 01:50:51,049 basehttp 18664 18168 "GET /media/universities/gallery/fast_api_CWjq1Mj.png HTTP/1.1" 200 1091903
INFO 2025-11-24 01:50:52,270 basehttp 18664 18168 "GET /media/universities/gallery/fast_api_JO2W5Is.png HTTP/1.1" 200 1091903
INFO 2025-11-24 01:50:52,272 basehttp 18664 5576 "GET /media/universities/gallery/fast_api_IIsUq09.png HTTP/1.1" 200 1091903
INFO 2025-11-24 01:50:57,959 basehttp 18664 5576 "OPTIONS /api/v1/universities/universities/1/ HTTP/1.1" 200 0
INFO 2025-11-24 01:50:57,976 basehttp 18664 5576 "GET /api/v1/universities/universities/1/ HTTP/1.1" 200 4486
INFO 2025-11-24 01:51:03,540 basehttp 18664 5576 "OPTIONS /api/v1/applications/applications/simple-test/ HTTP/1.1" 200 0
INFO 2025-11-24 01:51:03,559 basehttp 18664 5576 "POST /api/v1/applications/applications/simple-test/ HTTP/1.1" 201 130
INFO 2025-11-24 01:51:12,592 basehttp 18664 5576 "GET /api/v1/universities/universities/1/ HTTP/1.1" 200 4486
INFO 2025-11-24 01:53:14,351 basehttp 18664 19584 "GET /admin/ HTTP/1.1" 302 0
INFO 2025-11-24 01:53:14,401 basehttp 18664 19584 "GET /admin/login/?next=/admin/ HTTP/1.1" 200 4172
INFO 2025-11-24 01:53:14,410 basehttp 18664 18824 "GET /static/admin/js/theme.js HTTP/1.1" 200 1653
INFO 2025-11-24 01:53:14,410 basehttp 18664 19680 "GET /static/admin/css/dark_mode.css HTTP/1.1" 200 2808
INFO 2025-11-24 01:53:14,411 basehttp 18664 19584 "GET /static/admin/css/base.css HTTP/1.1" 200 22120
INFO 2025-11-24 01:53:14,415 basehttp 18664 18824 "GET /static/admin/css/nav_sidebar.css HTTP/1.1" 200 2810
INFO 2025-11-24 01:53:14,415 basehttp 18664 19680 "GET /static/admin/css/login.css HTTP/1.1" 200 951
INFO 2025-11-24 01:53:14,415 basehttp 18664 19584 "GET /static/admin/css/responsive.css HTTP/1.1" 200 16565
INFO 2025-11-24 01:53:14,425 basehttp 18664 19680 "GET /static/admin/js/nav_sidebar.js HTTP/1.1" 200 3063
WARNING 2025-11-24 01:53:14,453 log 18664 19680 Not Found: /favicon.ico
WARNING 2025-11-24 01:53:14,454 basehttp 18664 19680 "GET /favicon.ico HTTP/1.1" 404 2699
INFO 2025-11-24 01:53:24,331 basehttp 18664 19680 "POST /admin/login/?next=/admin/ HTTP/1.1" 302 0
INFO 2025-11-24 01:53:24,393 basehttp 18664 19680 "GET /admin/ HTTP/1.1" 200 99420
INFO 2025-11-24 01:53:24,403 basehttp 18664 19680 "GET /static/admin/css/dashboard.css HTTP/1.1" 200 441
INFO 2025-11-24 01:53:24,410 basehttp 18664 19584 "GET /static/admin/img/icon-changelink.svg HTTP/1.1" 200 380
INFO 2025-11-24 01:53:24,410 basehttp 18664 19680 "GET /static/admin/img/icon-addlink.svg HTTP/1.1" 200 331
INFO 2025-11-24 01:53:24,412 basehttp 18664 18824 "GET /static/admin/img/icon-deletelink.svg HTTP/1.1" 200 392
WARNING 2025-11-24 01:53:31,106 log 18664 8664 Not Found: /api/v1/auth/home
WARNING 2025-11-24 01:53:31,106 basehttp 18664 8664 "GET /api/v1/auth/home HTTP/1.1" 404 6306
INFO 2025-11-24 01:53:31,118 basehttp 18664 3748 "GET /api/v1/quizzes/questions/?date=2025-11-24 HTTP/1.1" 200 52
INFO 2025-11-24 01:53:31,135 basehttp 18664 14888 "GET /api/v1/universities/universities/stats/ HTTP/1.1" 200 6573
INFO 2025-11-24 01:53:31,163 basehttp 18664 13064 "GET /api/v1/courses/courses/stats/ HTTP/1.1" 200 1573
WARNING 2025-11-24 01:53:34,231 log 18664 13064 Not Found: /api/v1/auth/home
WARNING 2025-11-24 01:53:34,233 basehttp 18664 13064 "GET /api/v1/auth/home HTTP/1.1" 404 6306
INFO 2025-11-24 01:53:34,234 basehttp 18664 8664 "GET /api/v1/quizzes/questions/?date=2025-11-24 HTTP/1.1" 200 52
INFO 2025-11-24 01:53:34,246 basehttp 18664 3748 "GET /api/v1/courses/courses/stats/ HTTP/1.1" 200 1573
INFO 2025-11-24 01:53:34,270 basehttp 18664 14888 "GET /api/v1/universities/universities/stats/ HTTP/1.1" 200 6573
INFO 2025-11-24 01:53:36,614 basehttp 18664 8664 "GET /api/v1/quizzes/questions/?date=2025-11-24 HTTP/1.1" 200 52
INFO 2025-11-24 01:53:36,633 basehttp 18664 3748 "GET /api/v1/courses/courses/stats/ HTTP/1.1" 200 1573
INFO 2025-11-24 01:53:36,651 basehttp 18664 14888 "GET /api/v1/universities/universities/stats/ HTTP/1.1" 200 6573
INFO 2025-11-24 01:53:40,723 basehttp 18664 19024 "GET /api/v1/feed/categories/ HTTP/1.1" 200 47
INFO 2025-11-24 01:53:40,809 basehttp 18664 19024 "GET /api/v1/feed/posts/all/1/ HTTP/1.1" 200 1258
INFO 2025-11-24 01:54:41,990 basehttp 18664 19024 "OPTIONS /api/v1/feed/posts/comments/3/ HTTP/1.1" 200 0
INFO 2025-11-24 01:54:42,000 basehttp 18664 19024 "POST /api/v1/feed/posts/comments/3/ HTTP/1.1" 201 115
INFO 2025-11-24 01:54:44,214 basehttp 18664 19024 "POST /api/v1/feed/posts/toggle-like/3/1/ HTTP/1.1" 200 20
INFO 2025-11-24 01:54:44,838 basehttp 18664 19024 "POST /api/v1/feed/posts/toggle-like/3/1/ HTTP/1.1" 201 122
INFO 2025-11-24 01:54:49,536 basehttp 18664 19024 "GET /api/v1/feed/posts/1/1/ HTTP/1.1" 200 928
INFO 2025-11-24 01:54:51,005 basehttp 18664 19024 "GET /api/v1/feed/posts/2/1/ HTTP/1.1" 200 497
INFO 2025-11-24 01:54:53,156 basehttp 18664 19024 "GET /api/v1/feed/posts/all/1/ HTTP/1.1" 200 1374
INFO 2025-11-24 01:55:00,780 basehttp 18664 4244 "GET /api/v1/notes/categories/ HTTP/1.1" 200 79
INFO 2025-11-24 01:55:03,453 basehttp 18664 4244 "GET /api/v1/notes/videos/ HTTP/1.1" 200 52
INFO 2025-11-24 01:55:03,461 basehttp 18664 4244 "GET /api/v1/notes/clinical-cases/ HTTP/1.1" 200 52
INFO 2025-11-24 01:55:03,474 basehttp 18664 4244 "GET /api/v1/notes/flashcards/ HTTP/1.1" 200 1813
INFO 2025-11-24 01:55:03,488 basehttp 18664 11844 "GET /api/v1/notes/mcqs/ HTTP/1.1" 200 52
INFO 2025-11-24 01:55:05,315 basehttp 18664 11844 "GET /api/v1/notes/videos/ HTTP/1.1" 200 52
INFO 2025-11-24 01:58:26,034 basehttp 18664 19468 "GET /admin/notes/video/ HTTP/1.1" 200 74010
INFO 2025-11-24 01:58:26,041 basehttp 18664 19468 "GET /static/admin/css/changelists.css HTTP/1.1" 200 6878
INFO 2025-11-24 01:58:26,051 basehttp 18664 19468 "GET /admin/jsi18n/ HTTP/1.1" 200 3342
INFO 2025-11-24 01:58:26,054 basehttp 18664 19468 "GET /static/admin/js/vendor/jquery/jquery.js HTTP/1.1" 200 285314
INFO 2025-11-24 01:58:26,056 basehttp 18664 19468 "GET /static/admin/js/jquery.init.js HTTP/1.1" 200 347
INFO 2025-11-24 01:58:26,058 basehttp 18664 19468 "GET /static/admin/js/core.js HTTP/1.1" 200 6208
INFO 2025-11-24 01:58:26,061 basehttp 18664 19468 "GET /static/admin/js/admin/RelatedObjectLookups.js HTTP/1.1" 200 9777
INFO 2025-11-24 01:58:26,063 basehttp 18664 19468 "GET /static/admin/js/actions.js HTTP/1.1" 200 8076
INFO 2025-11-24 01:58:26,066 basehttp 18664 19468 "GET /static/admin/js/urlify.js HTTP/1.1" 200 7887
INFO 2025-11-24 01:58:26,068 basehttp 18664 19468 "GET /static/admin/js/prepopulate.js HTTP/1.1" 200 1531
INFO 2025-11-24 01:58:26,071 basehttp 18664 18968 "GET /static/admin/js/filters.js HTTP/1.1" 200 978
INFO 2025-11-24 01:58:26,071 basehttp 18664 19468 "GET /static/admin/js/vendor/xregexp/xregexp.js HTTP/1.1" 200 325171
INFO 2025-11-24 01:58:26,089 basehttp 18664 19468 "GET /static/admin/img/tooltag-add.svg HTTP/1.1" 200 331
INFO 2025-11-24 01:58:27,374 basehttp 18664 19468 "GET /admin/notes/video/add/ HTTP/1.1" 200 82637
INFO 2025-11-24 01:58:27,384 basehttp 18664 19468 "GET /static/admin/css/forms.css HTTP/1.1" 200 8525
INFO 2025-11-24 01:58:27,384 basehttp 18664 11840 "GET /static/admin/js/prepopulate_init.js HTTP/1.1" 200 586
INFO 2025-11-24 01:58:27,388 basehttp 18664 11840 "GET /static/admin/css/widgets.css HTTP/1.1" 200 11991
INFO 2025-11-24 01:58:27,389 basehttp 18664 18968 "GET /admin/jsi18n/ HTTP/1.1" 200 3342
INFO 2025-11-24 01:58:27,391 basehttp 18664 11840 "GET /static/admin/img/icon-viewlink.svg HTTP/1.1" 200 581
INFO 2025-11-24 01:58:27,392 basehttp 18664 18968 "GET /static/admin/js/change_form.js HTTP/1.1" 200 606
INFO 2025-11-24 01:59:55,355 basehttp 18664 18968 "GET /admin/notes/category/ HTTP/1.1" 200 75317
INFO 2025-11-24 01:59:55,366 basehttp 18664 18968 "GET /admin/jsi18n/ HTTP/1.1" 200 3342
INFO 2025-11-24 01:59:56,943 basehttp 18664 18968 "GET /admin/notes/clinicalcase/ HTTP/1.1" 200 74064
INFO 2025-11-24 01:59:56,955 basehttp 18664 18968 "GET /admin/jsi18n/ HTTP/1.1" 200 3342
INFO 2025-11-24 01:59:58,254 basehttp 18664 18968 "GET /admin/notes/category/ HTTP/1.1" 200 75317
INFO 2025-11-24 01:59:58,266 basehttp 18664 18968 "GET /admin/jsi18n/ HTTP/1.1" 200 3342
INFO 2025-11-24 02:00:01,461 basehttp 18664 18968 "GET /admin/notes/clinicalcase/ HTTP/1.1" 200 74064
INFO 2025-11-24 02:00:01,474 basehttp 18664 18968 "GET /admin/jsi18n/ HTTP/1.1" 200 3342
INFO 2025-11-24 02:00:02,748 basehttp 18664 18968 "GET /admin/notes/doctor/ HTTP/1.1" 200 74017
INFO 2025-11-24 02:00:02,760 basehttp 18664 18968 "GET /admin/jsi18n/ HTTP/1.1" 200 3342
INFO 2025-11-24 02:00:03,654 basehttp 18664 18968 "GET /admin/notes/flashcardimage/ HTTP/1.1" 200 79072
INFO 2025-11-24 02:00:03,666 basehttp 18664 18968 "GET /admin/jsi18n/ HTTP/1.1" 200 3342
INFO 2025-11-24 02:00:06,506 basehttp 18664 18968 "GET /admin/notes/category/ HTTP/1.1" 200 75317
INFO 2025-11-24 02:00:06,519 basehttp 18664 18968 "GET /admin/jsi18n/ HTTP/1.1" 200 3342
INFO 2025-11-24 02:00:07,542 basehttp 18664 18968 "GET /admin/notes/category/add/ HTTP/1.1" 200 74800
INFO 2025-11-24 02:00:07,555 basehttp 18664 18968 "GET /admin/jsi18n/ HTTP/1.1" 200 3342
INFO 2025-11-24 02:00:12,270 basehttp 18664 18968 "POST /admin/notes/category/add/ HTTP/1.1" 302 0
INFO 2025-11-24 02:00:12,300 basehttp 18664 18968 "GET /admin/notes/category/ HTTP/1.1" 200 75781
INFO 2025-11-24 02:00:12,312 basehttp 18664 18968 "GET /admin/jsi18n/ HTTP/1.1" 200 3342
INFO 2025-11-24 02:00:12,325 basehttp 18664 18968 "GET /static/admin/img/icon-yes.svg HTTP/1.1" 200 436
INFO 2025-11-24 02:00:17,574 basehttp 18664 18968 "GET /admin/notes/video/ HTTP/1.1" 200 74010
INFO 2025-11-24 02:00:17,587 basehttp 18664 18968 "GET /admin/jsi18n/ HTTP/1.1" 200 3342
INFO 2025-11-24 02:00:18,470 basehttp 18664 18968 "GET /admin/notes/video/add/ HTTP/1.1" 200 82674
INFO 2025-11-24 02:00:18,482 basehttp 18664 18968 "GET /admin/jsi18n/ HTTP/1.1" 200 3342
INFO 2025-11-24 02:00:22,523 basehttp 18664 18968 "GET /admin/notes/subject/add/?_to_field=id&_popup=1 HTTP/1.1" 200 4387
INFO 2025-11-24 02:00:22,533 basehttp 18664 18968 "GET /admin/jsi18n/ HTTP/1.1" 200 3342
INFO 2025-11-24 02:00:45,821 basehttp 18664 18968 "POST /admin/notes/subject/add/?_to_field=id&_popup=1 HTTP/1.1" 200 331
INFO 2025-11-24 02:00:45,841 basehttp 18664 18968 "GET /static/admin/js/popup_response.js HTTP/1.1" 200 532
INFO 2025-11-24 02:00:52,897 basehttp 18664 18968 "GET /admin/notes/subsubject/ HTTP/1.1" 200 75346
INFO 2025-11-24 02:00:52,912 basehttp 18664 18968 "GET /admin/jsi18n/ HTTP/1.1" 200 3342
INFO 2025-11-24 02:00:54,342 basehttp 18664 18968 "GET /admin/notes/question/ HTTP/1.1" 200 74031
INFO 2025-11-24 02:00:54,354 basehttp 18664 18968 "GET /admin/jsi18n/ HTTP/1.1" 200 3342
INFO 2025-11-24 02:00:57,133 basehttp 18664 18968 "GET /admin/notes/option/ HTTP/1.1" 200 74017
INFO 2025-11-24 02:00:57,146 basehttp 18664 18968 "GET /admin/jsi18n/ HTTP/1.1" 200 3342
INFO 2025-11-24 02:00:58,427 basehttp 18664 18968 "GET /admin/notes/mcq/ HTTP/1.1" 200 73996
INFO 2025-11-24 02:00:58,439 basehttp 18664 18968 "GET /admin/jsi18n/ HTTP/1.1" 200 3342
INFO 2025-11-24 02:01:01,430 basehttp 18664 18968 "GET /admin/notes/mcq/add/ HTTP/1.1" 200 79417
INFO 2025-11-24 02:01:01,441 basehttp 18664 18968 "GET /admin/jsi18n/ HTTP/1.1" 200 3342
INFO 2025-11-24 02:01:28,724 basehttp 18664 18968 "POST /admin/notes/mcq/add/ HTTP/1.1" 302 0
INFO 2025-11-24 02:01:28,756 basehttp 18664 18968 "GET /admin/notes/mcq/ HTTP/1.1" 200 75497
INFO 2025-11-24 02:01:28,769 basehttp 18664 18968 "GET /admin/jsi18n/ HTTP/1.1" 200 3342
INFO 2025-11-24 02:01:36,682 basehttp 18664 18968 "GET /admin/notes/option/ HTTP/1.1" 200 74017
INFO 2025-11-24 02:01:36,696 basehttp 18664 18968 "GET /admin/jsi18n/ HTTP/1.1" 200 3342
INFO 2025-11-24 02:01:38,916 basehttp 18664 18968 "GET /admin/notes/option/add/ HTTP/1.1" 200 77458
INFO 2025-11-24 02:01:38,929 basehttp 18664 18968 "GET /admin/jsi18n/ HTTP/1.1" 200 3342
INFO 2025-11-24 02:01:41,800 basehttp 18664 18968 "GET /admin/notes/question/add/?_to_field=id&_popup=1 HTTP/1.1" 200 6282
INFO 2025-11-24 02:01:41,811 basehttp 18664 18968 "GET /admin/jsi18n/ HTTP/1.1" 200 3342
INFO 2025-11-24 02:01:45,159 basehttp 18664 18968 "GET /admin/notes/question/ HTTP/1.1" 200 74031
INFO 2025-11-24 02:01:45,171 basehttp 18664 18968 "GET /admin/jsi18n/ HTTP/1.1" 200 3342
INFO 2025-11-24 02:01:52,850 basehttp 18664 18968 "GET /admin/notes/question/add/ HTTP/1.1" 200 76690
INFO 2025-11-24 02:01:52,862 basehttp 18664 18968 "GET /admin/jsi18n/ HTTP/1.1" 200 3342
INFO 2025-11-24 02:02:01,730 basehttp 18664 18968 "POST /admin/notes/question/add/ HTTP/1.1" 302 0
INFO 2025-11-24 02:02:01,766 basehttp 18664 18968 "GET /admin/notes/question/ HTTP/1.1" 200 75524
INFO 2025-11-24 02:02:01,779 basehttp 18664 18968 "GET /admin/jsi18n/ HTTP/1.1" 200 3342
INFO 2025-11-24 02:02:03,409 basehttp 18664 18968 "GET /admin/notes/option/ HTTP/1.1" 200 74017
INFO 2025-11-24 02:02:03,421 basehttp 18664 18968 "GET /admin/jsi18n/ HTTP/1.1" 200 3342
INFO 2025-11-24 02:02:09,651 basehttp 18664 18968 "GET /admin/notes/option/add/ HTTP/1.1" 200 77499
INFO 2025-11-24 02:02:09,664 basehttp 18664 18968 "GET /admin/jsi18n/ HTTP/1.1" 200 3342
INFO 2025-11-24 02:02:17,753 basehttp 18664 5068 "GET /api/v1/notes/categories/ HTTP/1.1" 200 104
INFO 2025-11-24 02:02:21,559 basehttp 18664 5068 "GET /api/v1/notes/videos/ HTTP/1.1" 200 52
INFO 2025-11-24 02:02:21,566 basehttp 18664 5068 "GET /api/v1/notes/clinical-cases/ HTTP/1.1" 200 52
INFO 2025-11-24 02:02:21,571 basehttp 18664 18560 "GET /api/v1/notes/mcqs/ HTTP/1.1" 200 336
INFO 2025-11-24 02:02:21,579 basehttp 18664 5068 "GET /api/v1/notes/flashcards/ HTTP/1.1" 200 1813
INFO 2025-11-24 02:03:09,845 basehttp 18664 6808 "GET /api/v1/notes/flashcards/ HTTP/1.1" 200 1813
INFO 2025-11-24 02:06:34,462 basehttp 18664 18968 "GET /admin/notes/category/ HTTP/1.1" 200 75580
INFO 2025-11-24 02:06:34,475 basehttp 18664 18968 "GET /admin/jsi18n/ HTTP/1.1" 200 3342
INFO 2025-11-24 02:10:13,795 basehttp 18664 19700 "GET /api/v1/feed/categories/ HTTP/1.1" 200 47
INFO 2025-11-24 02:10:13,856 basehttp 18664 19700 "GET /api/v1/feed/posts/all/1/ HTTP/1.1" 200 1374
WARNING 2025-11-24 02:10:16,923 log 18664 14172 Not Found: /api/v1/auth/home
WARNING 2025-11-24 02:10:16,926 basehttp 18664 14172 "GET /api/v1/auth/home HTTP/1.1" 404 6306
INFO 2025-11-24 02:10:16,934 basehttp 18664 14628 "GET /api/v1/quizzes/questions/?date=2025-11-24 HTTP/1.1" 200 52
INFO 2025-11-24 02:10:16,961 basehttp 18664 10736 "GET /api/v1/courses/courses/stats/ HTTP/1.1" 200 1573
INFO 2025-11-24 02:10:16,973 basehttp 18664 12472 "GET /api/v1/universities/universities/stats/ HTTP/1.1" 200 6573
INFO 2025-11-24 02:10:19,646 basehttp 18664 10736 "GET /api/v1/universities/universities/1/ HTTP/1.1" 200 4486
INFO 2025-11-24 02:10:19,651 basehttp 18664 12472 "GET /api/v1/bookmarks/universities/ HTTP/1.1" 200 4154
INFO 2025-11-24 02:10:23,300 basehttp 18664 12472 "GET /api/v1/universities/universities/1/ HTTP/1.1" 200 4486
INFO 2025-11-25 11:17:20,320 autoreload 11864 5196 Watching for file changes with StatReloader
INFO 2025-12-02 16:50:20,008 autoreload 4520 10716 Watching for file changes with StatReloader
INFO 2025-12-16 08:24:51,694 autoreload 9160 15796 Watching for file changes with StatReloader
INFO 2025-12-16 08:25:33,296 autoreload 14860 11072 Watching for file changes with StatReloader
INFO 2025-12-16 08:25:38,018 basehttp 14860 4864 "OPTIONS /api/v1/users/otp/create/ HTTP/1.1" 200 0
INFO 2025-12-16 08:25:43,139 services 14860 4864 OTP email sent successfully to bobbykboseoffice@gmail.com
INFO 2025-12-16 08:25:43,166 basehttp 14860 4864 "POST /api/v1/users/otp/create/ HTTP/1.1" 201 394
WARNING 2025-12-16 08:25:48,700 log 14860 4864 Not Found: /api/v1/auth/home
WARNING 2025-12-16 08:25:48,704 basehttp 14860 4864 "GET /api/v1/auth/home HTTP/1.1" 404 6306
INFO 2025-12-16 08:25:48,732 basehttp 14860 15676 "GET /api/v1/universities/universities/stats/ HTTP/1.1" 200 6574
INFO 2025-12-16 08:25:48,771 basehttp 14860 15676 "GET /api/v1/quizzes/questions/?date=2025-12-16 HTTP/1.1" 200 52
INFO 2025-12-16 08:25:48,787 basehttp 14860 4864 "GET /api/v1/courses/courses/stats/ HTTP/1.1" 200 1573
WARNING 2025-12-16 08:25:57,369 log 14860 4864 Not Found: /api/v1/auth/home
WARNING 2025-12-16 08:25:57,377 basehttp 14860 4864 "GET /api/v1/auth/home HTTP/1.1" 404 6306
INFO 2025-12-16 08:25:57,397 basehttp 14860 3420 "GET /api/v1/quizzes/questions/?date=2025-12-16 HTTP/1.1" 200 52
INFO 2025-12-16 08:25:57,428 basehttp 14860 9388 "GET /api/v1/courses/courses/stats/ HTTP/1.1" 200 1573
INFO 2025-12-16 08:25:57,462 basehttp 14860 15676 "GET /api/v1/universities/universities/stats/ HTTP/1.1" 200 6574
INFO 2025-12-16 08:25:59,800 basehttp 14860 3420 "GET /api/v1/quizzes/questions/?date=2025-12-16 HTTP/1.1" 200 52
INFO 2025-12-16 08:25:59,841 basehttp 14860 9388 "GET /api/v1/courses/courses/stats/ HTTP/1.1" 200 1573
INFO 2025-12-16 08:25:59,875 basehttp 14860 15676 "GET /api/v1/universities/universities/stats/ HTTP/1.1" 200 6574
INFO 2025-12-16 08:26:01,896 basehttp 14860 3420 "GET /api/v1/quizzes/questions/?date=2025-12-16 HTTP/1.1" 200 52
INFO 2025-12-16 08:26:01,964 basehttp 14860 9388 "GET /api/v1/courses/courses/stats/ HTTP/1.1" 200 1573
INFO 2025-12-16 08:26:01,970 basehttp 14860 15676 "GET /api/v1/universities/universities/stats/ HTTP/1.1" 200 6574
INFO 2025-12-16 08:26:08,510 basehttp 14860 15676 "OPTIONS /api/v1/universities/universities/ HTTP/1.1" 200 0
INFO 2025-12-16 08:26:08,556 basehttp 14860 15676 "GET /api/v1/universities/universities/ HTTP/1.1" 200 6807
INFO 2025-12-16 08:26:08,892 basehttp 14860 15676 "GET /media/universities/logos/fast_api_drIdvgZ.png HTTP/1.1" 200 1091903
INFO 2025-12-16 08:26:08,952 basehttp 14860 9388 "GET /media/universities/logos/fast_api.png HTTP/1.1" 200 1091903
INFO 2025-12-16 08:26:11,958 basehttp 14860 9388 "OPTIONS /api/v1/bookmarks/universities/ HTTP/1.1" 200 0
INFO 2025-12-16 08:26:12,015 basehttp 14860 9388 "POST /api/v1/bookmarks/universities/ HTTP/1.1" 201 2447
INFO 2025-12-16 08:26:13,778 basehttp 14860 9388 "POST /api/v1/bookmarks/universities/ HTTP/1.1" 200 67
INFO 2025-12-16 08:27:13,186 basehttp 14860 9388 "GET /media/universities/banners/college_students_coronavirus_p_1200x768_TCgYGoY.jpg HTTP/1.1" 200 26924
INFO 2025-12-16 08:27:13,385 basehttp 14860 15676 "GET /api/v1/universities/universities/2/ HTTP/1.1" 200 2426
INFO 2025-12-16 08:27:13,390 basehttp 14860 9388 "GET /api/v1/bookmarks/universities/ HTTP/1.1" 200 4155
INFO 2025-12-16 08:27:15,740 basehttp 14860 9388 "POST /api/v1/bookmarks/universities/ HTTP/1.1" 201 2447
INFO 2025-12-16 08:27:16,886 basehttp 14860 9388 "POST /api/v1/bookmarks/universities/ HTTP/1.1" 200 67
INFO 2025-12-16 08:27:23,046 basehttp 14860 9388 "POST /api/v1/bookmarks/universities/ HTTP/1.1" 201 2448
INFO 2025-12-16 08:27:45,809 basehttp 14860 9388 "OPTIONS /api/v1/universities/universities/1/ HTTP/1.1" 200 0
INFO 2025-12-16 08:27:45,847 basehttp 14860 9388 "GET /api/v1/universities/universities/1/ HTTP/1.1" 200 4487
INFO 2025-12-16 08:27:48,812 basehttp 14860 9388 "OPTIONS /api/v1/applications/applications/simple-test/ HTTP/1.1" 200 0
INFO 2025-12-16 08:27:48,855 basehttp 14860 9388 "POST /api/v1/applications/applications/simple-test/ HTTP/1.1" 201 130
INFO 2025-12-16 08:27:51,259 basehttp 14860 9388 "GET /api/v1/universities/universities/2/ HTTP/1.1" 200 2426
INFO 2025-12-16 08:27:53,313 basehttp 14860 9388 "GET /api/v1/universities/universities/2/ HTTP/1.1" 200 2426
INFO 2025-12-16 08:28:00,310 basehttp 14860 9388 "GET /api/v1/universities/universities/2/ HTTP/1.1" 200 2426
INFO 2025-12-16 08:28:01,475 basehttp 14860 9388 "GET /api/v1/courses/courses/?university_id=2 HTTP/1.1" 200 1383
INFO 2025-12-16 08:28:01,476 basehttp 14860 15676 "GET /api/v1/bookmarks/courses/ HTTP/1.1" 200 546
INFO 2025-12-16 08:28:04,868 basehttp 14860 15676 "OPTIONS /api/v1/bookmarks/courses/ HTTP/1.1" 200 0
INFO 2025-12-16 08:28:04,900 basehttp 14860 15676 "POST /api/v1/bookmarks/courses/ HTTP/1.1" 200 82
INFO 2025-12-16 08:28:06,325 basehttp 14860 15676 "POST /api/v1/bookmarks/courses/ HTTP/1.1" 200 76
INFO 2025-12-16 08:28:07,848 basehttp 14860 15676 "GET /api/v1/universities/universities/2/ HTTP/1.1" 200 2426
INFO 2025-12-16 08:28:50,679 basehttp 14860 15676 "GET /api/v1/universities/universities/2/ HTTP/1.1" 200 2426
INFO 2025-12-16 08:28:51,399 basehttp 14860 9388 "GET /api/v1/courses/courses/?university_id=2 HTTP/1.1" 200 1383
INFO 2025-12-16 08:28:51,400 basehttp 14860 15676 "GET /api/v1/bookmarks/courses/ HTTP/1.1" 200 546
WARNING 2025-12-16 08:29:01,406 log 14860 6852 Not Found: /api/v1/users/users/by-email/
WARNING 2025-12-16 08:29:01,408 basehttp 14860 6852 "GET /api/v1/users/users/by-email/?email=bobbykboseoffice%40gmail.com HTTP/1.1" 404 44
INFO 2025-12-16 08:30:16,338 basehttp 14860 15676 "OPTIONS /api/v1/simple-education/work/update_work/ HTTP/1.1" 200 0
WARNING 2025-12-16 08:30:16,349 log 14860 15676 Bad Request: /api/v1/simple-education/work/update_work/
WARNING 2025-12-16 08:30:16,351 basehttp 14860 15676 "POST /api/v1/simple-education/work/update_work/ HTTP/1.1" 400 73
INFO 2025-12-16 08:30:25,530 basehttp 14860 15676 "OPTIONS /api/v1/simple-education/social/update_social/ HTTP/1.1" 200 0
WARNING 2025-12-16 08:30:25,544 log 14860 15676 Bad Request: /api/v1/simple-education/social/update_social/
WARNING 2025-12-16 08:30:25,545 basehttp 14860 15676 "POST /api/v1/simple-education/social/update_social/ HTTP/1.1" 400 79
INFO 2025-12-16 08:30:27,847 basehttp 14860 15676 "GET /api/v1/bookmarks/universities/ HTTP/1.1" 200 6533
INFO 2025-12-16 08:30:27,897 basehttp 14860 15676 "GET /api/v1/bookmarks/universities/ HTTP/1.1" 200 6533
INFO 2025-12-16 08:30:27,909 basehttp 14860 9388 "GET /api/v1/bookmarks/courses/ HTTP/1.1" 200 546
INFO 2025-12-16 08:30:36,471 basehttp 14860 9388 "GET /api/v1/bookmarks/universities/ HTTP/1.1" 200 6533
INFO 2025-12-16 08:30:36,741 basehttp 14860 9388 "GET /api/v1/bookmarks/courses/ HTTP/1.1" 200 546
INFO 2025-12-16 08:30:46,828 basehttp 14860 9388 "GET /api/v1/applications/applications/ HTTP/1.1" 200 1175
WARNING 2025-12-16 08:31:03,470 log 14860 6852 Not Found: /api/v1/users/upload-profile-image/
WARNING 2025-12-16 08:31:03,471 basehttp 14860 6852 "POST /api/v1/users/upload-profile-image/ HTTP/1.1" 404 44
INFO 2025-12-16 09:06:33,048 autoreload 14860 11072 X:\edvoyage-backup-cursor\backend\edvoayge\simple_education\views.py changed, reloading.
INFO 2025-12-16 09:06:34,679 autoreload 876 10312 Watching for file changes with StatReloader
INFO 2025-12-16 09:06:48,788 autoreload 876 10312 X:\edvoyage-backup-cursor\backend\edvoayge\simple_education\urls.py changed, reloading.
INFO 2025-12-16 09:06:50,294 autoreload 11232 15824 Watching for file changes with StatReloader
INFO 2025-12-16 09:13:24,008 autoreload 11232 15824 X:\edvoyage-backup-cursor\backend\edvoayge\simple_education\views.py changed, reloading.
INFO 2025-12-16 09:13:25,578 autoreload 1520 14620 Watching for file changes with StatReloader
INFO 2025-12-16 13:36:36,588 autoreload 16836 15744 Watching for file changes with StatReloader
INFO 2025-12-16 13:38:26,699 basehttp 16836 8432 "GET /api/v1/notes/flashcards/ HTTP/1.1" 200 1813
INFO 2025-12-16 13:39:09,127 basehttp 16836 8012 "OPTIONS /api/v1/users/otp/create/ HTTP/1.1" 200 0
INFO 2025-12-16 13:39:14,165 services 16836 8012 OTP email sent successfully to bobbykboseoffice@gmail.com
INFO 2025-12-16 13:39:14,170 basehttp 16836 8012 "POST /api/v1/users/otp/create/ HTTP/1.1" 201 395
WARNING 2025-12-16 13:39:20,910 log 16836 8012 Not Found: /api/v1/auth/home
WARNING 2025-12-16 13:39:20,915 basehttp 16836 8012 "GET /api/v1/auth/home HTTP/1.1" 404 6306
INFO 2025-12-16 13:39:20,944 basehttp 16836 436 "GET /api/v1/universities/universities/stats/ HTTP/1.1" 200 6574
INFO 2025-12-16 13:39:20,972 basehttp 16836 436 "GET /api/v1/quizzes/questions/?date=2025-12-16 HTTP/1.1" 200 52
INFO 2025-12-16 13:39:20,982 basehttp 16836 8012 "GET /api/v1/courses/courses/stats/ HTTP/1.1" 200 1573
WARNING 2025-12-16 13:39:31,550 log 16836 8012 Not Found: /api/v1/auth/home
WARNING 2025-12-16 13:39:31,556 basehttp 16836 8012 "GET /api/v1/auth/home HTTP/1.1" 404 6306
INFO 2025-12-16 13:39:31,570 basehttp 16836 9544 "GET /api/v1/quizzes/questions/?date=2025-12-16 HTTP/1.1" 200 52
INFO 2025-12-16 13:39:31,624 basehttp 16836 436 "GET /api/v1/universities/universities/stats/ HTTP/1.1" 200 6574
INFO 2025-12-16 13:39:31,625 basehttp 16836 16232 "GET /api/v1/courses/courses/stats/ HTTP/1.1" 200 1573
WARNING 2025-12-16 13:39:36,567 log 16836 16232 Not Found: /api/v1/users/users/by-email/
WARNING 2025-12-16 13:39:36,568 basehttp 16836 16232 "GET /api/v1/users/users/by-email/?email=bobbykboseoffice%40gmail.com HTTP/1.1" 404 44
INFO 2025-12-16 13:43:18,484 basehttp 16836 8432 "GET /api/v1/notes/flashcards/ HTTP/1.1" 200 1813
WARNING 2025-12-16 13:43:20,171 log 16836 16232 Not Found: /api/v1/auth/home
WARNING 2025-12-16 13:43:20,175 basehttp 16836 16232 "GET /api/v1/auth/home HTTP/1.1" 404 6306
INFO 2025-12-16 13:43:20,175 basehttp 16836 8012 "GET /api/v1/quizzes/questions/?date=2025-12-16 HTTP/1.1" 200 52
INFO 2025-12-16 13:43:20,247 basehttp 16836 436 "GET /api/v1/universities/universities/stats/ HTTP/1.1" 200 6574
INFO 2025-12-16 13:43:20,259 basehttp 16836 9544 "GET /api/v1/courses/courses/stats/ HTTP/1.1" 200 1573
WARNING 2025-12-16 13:43:22,517 log 16836 9544 Not Found: /api/v1/users/users/by-email/
WARNING 2025-12-16 13:43:22,517 basehttp 16836 9544 "GET /api/v1/users/users/by-email/?email=bobbykboseoffice%40gmail.com HTTP/1.1" 404 44
INFO 2025-12-16 13:44:28,380 autoreload 16836 15744 X:\edvoyage-backup-cursor\backend\edvoayge\users\views.py changed, reloading.
INFO 2025-12-16 13:44:30,024 autoreload 12840 11088 Watching for file changes with StatReloader
INFO 2025-12-16 13:47:27,987 autoreload 12840 11088 X:\edvoyage-backup-cursor\backend\edvoayge\users\otp_views.py changed, reloading.
INFO 2025-12-16 13:47:29,717 autoreload 15564 13500 Watching for file changes with StatReloader
INFO 2025-12-16 13:49:13,986 basehttp 15564 15620 "GET /api/v1/notes/flashcards/ HTTP/1.1" 200 1813
WARNING 2025-12-16 13:49:15,443 log 15564 3584 Not Found: /api/v1/auth/home
WARNING 2025-12-16 13:49:15,444 basehttp 15564 3584 "GET /api/v1/auth/home HTTP/1.1" 404 6306
INFO 2025-12-16 13:49:15,460 basehttp 15564 5512 "GET /api/v1/quizzes/questions/?date=2025-12-16 HTTP/1.1" 200 52
INFO 2025-12-16 13:49:15,516 basehttp 15564 16320 "GET /api/v1/courses/courses/stats/ HTTP/1.1" 200 1573
INFO 2025-12-16 13:49:15,520 basehttp 15564 8620 "GET /api/v1/universities/universities/stats/ HTTP/1.1" 200 6574
WARNING 2025-12-16 13:49:18,224 log 15564 8620 Not Found: /api/v1/users/users/by-email/
WARNING 2025-12-16 13:49:18,225 basehttp 15564 8620 "GET /api/v1/users/users/by-email/?email=bobbykboseoffice%40gmail.com HTTP/1.1" 404 44
INFO 2025-12-16 13:49:41,713 services 15564 8620 OTP email sent successfully to a@gmail.com
INFO 2025-12-16 13:49:41,716 basehttp 15564 8620 "POST /api/v1/users/otp/create/ HTTP/1.1" 201 380
WARNING 2025-12-16 13:49:48,527 log 15564 8620 Not Found: /api/v1/auth/home
INFO 2025-12-16 13:49:48,533 basehttp 15564 3584 "GET /api/v1/quizzes/questions/?date=2025-12-16 HTTP/1.1" 200 52
WARNING 2025-12-16 13:49:48,533 basehttp 15564 8620 "GET /api/v1/auth/home HTTP/1.1" 404 6306
INFO 2025-12-16 13:49:48,581 basehttp 15564 16320 "GET /api/v1/universities/universities/stats/ HTTP/1.1" 200 6574
INFO 2025-12-16 13:49:48,581 basehttp 15564 5512 "GET /api/v1/courses/courses/stats/ HTTP/1.1" 200 1573
INFO 2025-12-16 13:49:51,561 basehttp 15564 5512 "GET /api/v1/users/users/by-email/?email=a%40gmail.com HTTP/1.1" 200 223
INFO 2025-12-16 13:50:05,653 basehttp 15564 5512 "POST /api/v1/users/upload-profile-image/ HTTP/1.1" 200 989
INFO 2025-12-16 13:50:05,700 basehttp 15564 5512 "GET /api/v1/users/users/by-email/?email=a%40gmail.com HTTP/1.1" 200 955
INFO 2025-12-16 13:50:05,883 basehttp 15564 5512 "GET /media/profiles/scaled_Screenshot_2025-10-28_223131.png HTTP/1.1" 200 37727
INFO 2025-12-16 13:50:05,886 basehttp 15564 16320 "GET /media/profiles/scaled_Screenshot_2025-10-28_223131.png HTTP/1.1" 304 0
INFO 2025-12-16 13:50:11,314 basehttp 15564 16320 "POST /api/v1/users/upload-profile-image/ HTTP/1.1" 200 989
INFO 2025-12-16 13:50:11,356 basehttp 15564 16320 "GET /api/v1/users/users/by-email/?email=a%40gmail.com HTTP/1.1" 200 955
INFO 2025-12-16 13:50:11,442 basehttp 15564 16320 "GET /media/profiles/scaled_Screenshot_2025-11-05_225808.png HTTP/1.1" 200 184351
INFO 2025-12-16 13:50:11,498 basehttp 15564 16320 "GET /media/profiles/scaled_Screenshot_2025-11-05_225808.png HTTP/1.1" 304 0
INFO 2025-12-16 13:50:44,680 basehttp 15564 16320 "OPTIONS /api/v1/simple-education/education/update_education/ HTTP/1.1" 200 0
WARNING 2025-12-16 13:50:44,683 log 15564 16320 Forbidden: /api/v1/simple-education/education/update_education/
WARNING 2025-12-16 13:50:44,684 basehttp 15564 16320 "POST /api/v1/simple-education/education/update_education/ HTTP/1.1" 403 58
INFO 2025-12-16 13:52:01,519 autoreload 15564 13500 X:\edvoyage-backup-cursor\backend\edvoayge\simple_education\views.py changed, reloading.
INFO 2025-12-16 13:52:03,161 autoreload 12672 15272 Watching for file changes with StatReloader
ERROR 2025-12-16 13:52:30,850 log 12672 15384 Internal Server Error: /api/v1/simple-education/education/update_education/
Traceback (most recent call last):
  File "C:\Users\bobby\AppData\Local\Programs\Python\Python312\Lib\site-packages\django\db\models\fields\__init__.py", line 2128, in get_prep_value
    return int(value)
           ^^^^^^^^^^
  File "C:\Users\bobby\AppData\Local\Programs\Python\Python312\Lib\site-packages\django\contrib\auth\models.py", line 549, in __int__
    raise TypeError(
TypeError: Cannot cast AnonymousUser to int. Are you trying to use it in place of User?

The above exception was the direct cause of the following exception:

Traceback (most recent call last):
  File "C:\Users\bobby\AppData\Local\Programs\Python\Python312\Lib\site-packages\django\core\handlers\exception.py", line 55, in inner
    response = get_response(request)
               ^^^^^^^^^^^^^^^^^^^^^
  File "C:\Users\bobby\AppData\Local\Programs\Python\Python312\Lib\site-packages\django\core\handlers\base.py", line 197, in _get_response
    response = wrapped_callback(request, *callback_args, **callback_kwargs)
               ^^^^^^^^^^^^^^^^^^^^^^^^^^^^^^^^^^^^^^^^^^^^^^^^^^^^^^^^^^^^
  File "C:\Users\bobby\AppData\Local\Programs\Python\Python312\Lib\site-packages\django\views\decorators\csrf.py", line 65, in _view_wrapper
    return view_func(request, *args, **kwargs)
           ^^^^^^^^^^^^^^^^^^^^^^^^^^^^^^^^^^^
  File "C:\Users\bobby\AppData\Local\Programs\Python\Python312\Lib\site-packages\django\views\generic\base.py", line 105, in view
    return self.dispatch(request, *args, **kwargs)
           ^^^^^^^^^^^^^^^^^^^^^^^^^^^^^^^^^^^^^^^
  File "C:\Users\bobby\AppData\Local\Programs\Python\Python312\Lib\site-packages\rest_framework\views.py", line 515, in dispatch
    response = self.handle_exception(exc)
               ^^^^^^^^^^^^^^^^^^^^^^^^^^
  File "C:\Users\bobby\AppData\Local\Programs\Python\Python312\Lib\site-packages\rest_framework\views.py", line 475, in handle_exception
    self.raise_uncaught_exception(exc)
  File "C:\Users\bobby\AppData\Local\Programs\Python\Python312\Lib\site-packages\rest_framework\views.py", line 486, in raise_uncaught_exception
    raise exc
  File "C:\Users\bobby\AppData\Local\Programs\Python\Python312\Lib\site-packages\rest_framework\views.py", line 512, in dispatch
    response = handler(request, *args, **kwargs)
               ^^^^^^^^^^^^^^^^^^^^^^^^^^^^^^^^^
  File "X:\edvoyage-backup-cursor\backend\edvoayge\simple_education\views.py", line 33, in post
    education = SimpleEducation.objects.filter(user=request.user).first()
                ^^^^^^^^^^^^^^^^^^^^^^^^^^^^^^^^^^^^^^^^^^^^^^^^^
  File "C:\Users\bobby\AppData\Local\Programs\Python\Python312\Lib\site-packages\django\db\models\manager.py", line 87, in manager_method
    return getattr(self.get_queryset(), name)(*args, **kwargs)
           ^^^^^^^^^^^^^^^^^^^^^^^^^^^^^^^^^^^^^^^^^^^^^^^^^^^
  File "C:\Users\bobby\AppData\Local\Programs\Python\Python312\Lib\site-packages\django\db\models\query.py", line 1493, in filter
    return self._filter_or_exclude(False, args, kwargs)
           ^^^^^^^^^^^^^^^^^^^^^^^^^^^^^^^^^^^^^^^^^^^^
  File "C:\Users\bobby\AppData\Local\Programs\Python\Python312\Lib\site-packages\django\db\models\query.py", line 1511, in _filter_or_exclude
    clone._filter_or_exclude_inplace(negate, args, kwargs)
  File "C:\Users\bobby\AppData\Local\Programs\Python\Python312\Lib\site-packages\django\db\models\query.py", line 1518, in _filter_or_exclude_inplace
    self._query.add_q(Q(*args, **kwargs))
  File "C:\Users\bobby\AppData\Local\Programs\Python\Python312\Lib\site-packages\django\db\models\sql\query.py", line 1646, in add_q
    clause, _ = self._add_q(q_object, can_reuse)
                ^^^^^^^^^^^^^^^^^^^^^^^^^^^^^^^^
  File "C:\Users\bobby\AppData\Local\Programs\Python\Python312\Lib\site-packages\django\db\models\sql\query.py", line 1678, in _add_q
    child_clause, needed_inner = self.build_filter(
                                 ^^^^^^^^^^^^^^^^^^
  File "C:\Users\bobby\AppData\Local\Programs\Python\Python312\Lib\site-packages\django\db\models\sql\query.py", line 1588, in build_filter
    condition = self.build_lookup(lookups, col, value)
                ^^^^^^^^^^^^^^^^^^^^^^^^^^^^^^^^^^^^^^
  File "C:\Users\bobby\AppData\Local\Programs\Python\Python312\Lib\site-packages\django\db\models\sql\query.py", line 1415, in build_lookup
    lookup = lookup_class(lhs, rhs)
             ^^^^^^^^^^^^^^^^^^^^^^
  File "C:\Users\bobby\AppData\Local\Programs\Python\Python312\Lib\site-packages\django\db\models\lookups.py", line 38, in __init__
    self.rhs = self.get_prep_lookup()
               ^^^^^^^^^^^^^^^^^^^^^^
  File "C:\Users\bobby\AppData\Local\Programs\Python\Python312\Lib\site-packages\django\db\models\fields\related_lookups.py", line 112, in get_prep_lookup
    self.rhs = target_field.get_prep_value(self.rhs)
               ^^^^^^^^^^^^^^^^^^^^^^^^^^^^^^^^^^^^^
  File "C:\Users\bobby\AppData\Local\Programs\Python\Python312\Lib\site-packages\django\db\models\fields\__init__.py", line 2130, in get_prep_value
    raise e.__class__(
TypeError: Field 'id' expected a number but got <django.contrib.auth.models.AnonymousUser object at 0x000001BFA7FDA480>.
ERROR 2025-12-16 13:52:30,861 basehttp 12672 15384 "POST /api/v1/simple-education/education/update_education/ HTTP/1.1" 500 167978
INFO 2025-12-16 13:55:03,458 autoreload 12672 15272 X:\edvoyage-backup-cursor\backend\edvoayge\simple_education\views.py changed, reloading.
INFO 2025-12-16 13:55:05,140 autoreload 13208 10760 Watching for file changes with StatReloader
WARNING 2025-12-16 13:55:35,084 log 13208 14392 Bad Request: /api/v1/simple-education/education/update_education/
WARNING 2025-12-16 13:55:35,085 basehttp 13208 14392 "POST /api/v1/simple-education/education/update_education/ HTTP/1.1" 400 57
WARNING 2025-12-16 13:57:39,753 log 13208 14392 Bad Request: /api/v1/simple-education/education/update_education/
WARNING 2025-12-16 13:57:39,753 basehttp 13208 14392 "POST /api/v1/simple-education/education/update_education/ HTTP/1.1" 400 57
INFO 2025-12-16 13:57:47,728 basehttp 13208 14508 "GET /api/v1/notes/flashcards/ HTTP/1.1" 200 1813
WARNING 2025-12-16 13:57:49,414 log 13208 14392 Not Found: /api/v1/auth/home
WARNING 2025-12-16 13:57:49,417 basehttp 13208 14392 "GET /api/v1/auth/home HTTP/1.1" 404 6306
INFO 2025-12-16 13:57:49,472 basehttp 13208 14392 "GET /api/v1/universities/universities/stats/ HTTP/1.1" 200 6574
INFO 2025-12-16 13:57:49,507 basehttp 13208 14392 "GET /api/v1/courses/courses/stats/ HTTP/1.1" 200 1573
INFO 2025-12-16 13:57:49,522 basehttp 13208 14392 "GET /api/v1/quizzes/questions/?date=2025-12-16 HTTP/1.1" 200 52
INFO 2025-12-16 13:57:51,135 basehttp 13208 14392 "GET /api/v1/users/users/by-email/?email=a%40gmail.com HTTP/1.1" 200 955
INFO 2025-12-16 13:57:51,303 basehttp 13208 14392 "GET /media/profiles/scaled_Screenshot_2025-11-05_225808.png HTTP/1.1" 304 0
INFO 2025-12-16 13:58:12,575 basehttp 13208 14392 "POST /api/v1/simple-education/education/update_education/ HTTP/1.1" 201 303
INFO 2025-12-16 14:00:47,247 basehttp 13208 14508 "GET /api/v1/notes/flashcards/ HTTP/1.1" 200 1813
WARNING 2025-12-16 14:00:48,364 log 13208 14392 Not Found: /api/v1/auth/home
WARNING 2025-12-16 14:00:48,366 basehttp 13208 14392 "GET /api/v1/auth/home HTTP/1.1" 404 6306
INFO 2025-12-16 14:00:48,409 basehttp 13208 14392 "GET /api/v1/universities/universities/stats/ HTTP/1.1" 200 6574
INFO 2025-12-16 14:00:48,441 basehttp 13208 14392 "GET /api/v1/courses/courses/stats/ HTTP/1.1" 200 1573
INFO 2025-12-16 14:00:48,453 basehttp 13208 14392 "GET /api/v1/quizzes/questions/?date=2025-12-16 HTTP/1.1" 200 52
INFO 2025-12-16 14:00:52,428 basehttp 13208 14392 "GET /api/v1/users/users/by-email/?email=a%40gmail.com HTTP/1.1" 200 955
INFO 2025-12-16 14:00:52,613 basehttp 13208 14392 "GET /media/profiles/scaled_Screenshot_2025-11-05_225808.png HTTP/1.1" 304 0
INFO 2025-12-16 14:01:10,859 basehttp 13208 14392 "OPTIONS /api/v1/simple-education/social/update_social/ HTTP/1.1" 200 0
INFO 2025-12-16 14:01:10,951 basehttp 13208 14392 "POST /api/v1/simple-education/social/update_social/ HTTP/1.1" 201 275
INFO 2025-12-16 14:01:22,266 basehttp 13208 14392 "OPTIONS /api/v1/simple-education/work/update_work/ HTTP/1.1" 200 0
INFO 2025-12-16 14:01:22,313 basehttp 13208 14392 "POST /api/v1/simple-education/work/update_work/ HTTP/1.1" 201 234
INFO 2025-12-16 14:01:24,644 basehttp 13208 14392 "OPTIONS /api/v1/bookmarks/universities/ HTTP/1.1" 200 0
INFO 2025-12-16 14:01:24,691 basehttp 13208 16776 "GET /api/v1/bookmarks/universities/ HTTP/1.1" 200 6533
INFO 2025-12-16 14:01:24,770 basehttp 13208 16776 "GET /api/v1/bookmarks/universities/ HTTP/1.1" 200 6533
INFO 2025-12-16 14:01:24,954 basehttp 13208 12516 "OPTIONS /api/v1/bookmarks/courses/ HTTP/1.1" 200 0
INFO 2025-12-16 14:01:24,976 basehttp 13208 12516 "GET /api/v1/bookmarks/courses/ HTTP/1.1" 200 546
INFO 2025-12-16 14:01:24,984 basehttp 13208 16776 "GET //media/universities/logos/fast_api_drIdvgZ.png HTTP/1.1" 200 1091903
INFO 2025-12-16 14:01:25,021 basehttp 13208 14392 "GET //media/universities/logos/fast_api.png HTTP/1.1" 200 1091903
INFO 2025-12-16 14:01:27,169 basehttp 13208 14392 "GET /api/v1/bookmarks/universities/ HTTP/1.1" 200 6533
INFO 2025-12-16 14:01:27,568 basehttp 13208 14392 "GET /api/v1/bookmarks/courses/ HTTP/1.1" 200 546
INFO 2025-12-16 14:02:57,827 basehttp 13208 14508 "GET /api/v1/notes/flashcards/ HTTP/1.1" 200 1813
WARNING 2025-12-16 14:02:58,892 log 13208 14392 Not Found: /api/v1/auth/home
WARNING 2025-12-16 14:02:58,896 basehttp 13208 14392 "GET /api/v1/auth/home HTTP/1.1" 404 6306
INFO 2025-12-16 14:02:58,926 basehttp 13208 14392 "GET /api/v1/quizzes/questions/?date=2025-12-16 HTTP/1.1" 200 52
INFO 2025-12-16 14:02:58,950 basehttp 13208 12516 "GET /api/v1/courses/courses/stats/ HTTP/1.1" 200 1573
INFO 2025-12-16 14:02:58,957 basehttp 13208 16776 "GET /api/v1/universities/universities/stats/ HTTP/1.1" 200 6574
INFO 2025-12-16 14:03:00,852 basehttp 13208 16776 "GET /api/v1/users/users/by-email/?email=a%40gmail.com HTTP/1.1" 200 955
INFO 2025-12-16 14:03:01,017 basehttp 13208 16776 "GET /media/profiles/scaled_Screenshot_2025-11-05_225808.png HTTP/1.1" 304 0
INFO 2025-12-16 14:03:03,044 basehttp 13208 16776 "GET /api/v1/bookmarks/universities/ HTTP/1.1" 200 6533
INFO 2025-12-16 14:03:03,087 basehttp 13208 16776 "GET /api/v1/bookmarks/universities/ HTTP/1.1" 200 6533
INFO 2025-12-16 14:03:03,147 basehttp 13208 16776 "GET /api/v1/bookmarks/courses/ HTTP/1.1" 200 546
INFO 2025-12-16 14:03:04,375 basehttp 13208 16776 "GET /api/v1/bookmarks/universities/ HTTP/1.1" 200 6533
INFO 2025-12-16 14:03:04,887 basehttp 13208 16776 "GET /api/v1/bookmarks/courses/ HTTP/1.1" 200 546
INFO 2025-12-16 14:03:09,774 basehttp 13208 16776 "GET /api/v1/applications/applications/ HTTP/1.1" 200 1175
INFO 2025-12-16 14:03:35,272 basehttp 13208 14508 "GET /api/v1/feed/categories/ HTTP/1.1" 200 47
INFO 2025-12-16 14:03:35,436 basehttp 13208 14508 "GET /api/v1/feed/posts/all/1/ HTTP/1.1" 200 1374
INFO 2025-12-16 14:03:39,415 basehttp 13208 14508 "GET /api/v1/feed/posts/1/1/ HTTP/1.1" 200 928
INFO 2025-12-16 14:03:41,228 basehttp 13208 14508 "GET /api/v1/feed/posts/2/1/ HTTP/1.1" 200 497
INFO 2025-12-16 14:09:41,437 autoreload 13208 10760 X:\edvoyage-backup-cursor\backend\edvoayge\feed\views.py changed, reloading.
INFO 2025-12-16 14:09:42,991 autoreload 14420 8872 Watching for file changes with StatReloader
INFO 2025-12-16 14:10:29,774 basehttp 14420 6424 "GET /api/v1/notes/flashcards/ HTTP/1.1" 200 1813
INFO 2025-12-16 14:10:31,926 basehttp 14420 1420 "GET /api/v1/quizzes/questions/?date=2025-12-16 HTTP/1.1" 200 52
WARNING 2025-12-16 14:10:31,927 log 14420 14368 Not Found: /api/v1/auth/home
WARNING 2025-12-16 14:10:31,929 basehttp 14420 14368 "GET /api/v1/auth/home HTTP/1.1" 404 6306
INFO 2025-12-16 14:10:31,966 basehttp 14420 2816 "GET /api/v1/courses/courses/stats/ HTTP/1.1" 200 1573
INFO 2025-12-16 14:10:31,995 basehttp 14420 14784 "GET /api/v1/universities/universities/stats/ HTTP/1.1" 200 6574
INFO 2025-12-16 14:10:34,248 basehttp 14420 6424 "GET /api/v1/feed/categories/ HTTP/1.1" 200 47
INFO 2025-12-16 14:10:34,383 basehttp 14420 6424 "GET /api/v1/feed/posts/all/1/ HTTP/1.1" 200 1374
INFO 2025-12-16 14:10:41,748 basehttp 14420 6424 "GET /api/v1/notes/flashcards/ HTTP/1.1" 200 1813
WARNING 2025-12-16 14:10:42,738 log 14420 14784 Not Found: /api/v1/auth/home
WARNING 2025-12-16 14:10:42,739 basehttp 14420 14784 "GET /api/v1/auth/home HTTP/1.1" 404 6306
INFO 2025-12-16 14:10:42,742 basehttp 14420 1420 "GET /api/v1/quizzes/questions/?date=2025-12-16 HTTP/1.1" 200 52
INFO 2025-12-16 14:10:42,800 basehttp 14420 14368 "GET /api/v1/courses/courses/stats/ HTTP/1.1" 200 1573
INFO 2025-12-16 14:10:42,808 basehttp 14420 2816 "GET /api/v1/universities/universities/stats/ HTTP/1.1" 200 6574
INFO 2025-12-16 14:10:44,405 basehttp 14420 6424 "GET /api/v1/feed/categories/ HTTP/1.1" 200 47
INFO 2025-12-16 14:10:44,558 basehttp 14420 6424 "GET /api/v1/feed/posts/all/1/ HTTP/1.1" 200 1374
INFO 2025-12-16 14:10:52,282 basehttp 14420 6424 "OPTIONS /api/v1/feed/posts/1/1/ HTTP/1.1" 200 0
INFO 2025-12-16 14:10:52,325 basehttp 14420 6424 "POST /api/v1/feed/posts/1/1/ HTTP/1.1" 201 209
INFO 2025-12-16 14:10:52,392 basehttp 14420 6424 "GET /api/v1/feed/posts/all/1/ HTTP/1.1" 200 1584
INFO 2025-12-16 14:11:00,880 basehttp 14420 6424 "GET /api/v1/feed/posts/2/1/ HTTP/1.1" 200 497
INFO 2025-12-16 14:11:09,614 basehttp 14420 6424 "OPTIONS /api/v1/feed/posts/2/1/ HTTP/1.1" 200 0
INFO 2025-12-16 14:11:09,653 basehttp 14420 6424 "POST /api/v1/feed/posts/2/1/ HTTP/1.1" 201 245
INFO 2025-12-16 14:11:09,716 basehttp 14420 6424 "GET /api/v1/feed/posts/2/1/ HTTP/1.1" 200 743
INFO 2025-12-16 14:14:07,803 autoreload 14420 8872 X:\edvoyage-backup-cursor\backend\edvoayge\feed\views.py changed, reloading.
INFO 2025-12-16 14:14:09,421 autoreload 10476 12672 Watching for file changes with StatReloader
INFO 2025-12-16 14:18:17,330 services 10476 12136 OTP email sent successfully to b@gmail.com
INFO 2025-12-16 14:18:17,337 basehttp 10476 12136 "POST /api/v1/users/otp/create/ HTTP/1.1" 201 380
WARNING 2025-12-16 14:18:22,653 log 10476 12136 Not Found: /api/v1/auth/home
WARNING 2025-12-16 14:18:22,653 basehttp 10476 12136 "GET /api/v1/auth/home HTTP/1.1" 404 6306
INFO 2025-12-16 14:18:22,714 basehttp 10476 15052 "GET /api/v1/universities/universities/stats/ HTTP/1.1" 200 6574
INFO 2025-12-16 14:18:22,714 basehttp 10476 12136 "GET /api/v1/courses/courses/stats/ HTTP/1.1" 200 1573
INFO 2025-12-16 14:18:22,732 basehttp 10476 15052 "GET /api/v1/quizzes/questions/?date=2025-12-16 HTTP/1.1" 200 52
INFO 2025-12-16 14:18:26,972 basehttp 10476 17256 "GET /api/v1/feed/categories/ HTTP/1.1" 200 47
INFO 2025-12-16 14:18:27,117 basehttp 10476 17256 "GET /api/v1/feed/posts/all/1/ HTTP/1.1" 200 1830
INFO 2025-12-16 14:18:34,888 basehttp 10476 17256 "POST /api/v1/feed/posts/1/1/ HTTP/1.1" 201 212
INFO 2025-12-16 14:18:34,964 basehttp 10476 17256 "GET /api/v1/feed/posts/all/1/ HTTP/1.1" 200 2043
INFO 2025-12-16 14:18:51,718 basehttp 10476 17256 "GET /api/v1/notes/flashcards/ HTTP/1.1" 200 1813
WARNING 2025-12-16 14:18:53,141 log 10476 15052 Not Found: /api/v1/auth/home
WARNING 2025-12-16 14:18:53,142 basehttp 10476 15052 "GET /api/v1/auth/home HTTP/1.1" 404 6306
INFO 2025-12-16 14:18:53,163 basehttp 10476 16568 "GET /api/v1/quizzes/questions/?date=2025-12-16 HTTP/1.1" 200 52
INFO 2025-12-16 14:18:53,195 basehttp 10476 12136 "GET /api/v1/universities/universities/stats/ HTTP/1.1" 200 6574
INFO 2025-12-16 14:18:53,198 basehttp 10476 13688 "GET /api/v1/courses/courses/stats/ HTTP/1.1" 200 1573
INFO 2025-12-16 14:18:54,817 basehttp 10476 17256 "GET /api/v1/feed/categories/ HTTP/1.1" 200 47
INFO 2025-12-16 14:18:54,989 basehttp 10476 17256 "GET /api/v1/feed/posts/all/1/?email=b%40gmail.com HTTP/1.1" 200 52
INFO 2025-12-16 14:19:01,359 basehttp 10476 17256 "POST /api/v1/feed/posts/1/1/ HTTP/1.1" 201 227
INFO 2025-12-16 14:19:01,405 basehttp 10476 17256 "GET /api/v1/feed/posts/all/1/?email=b%40gmail.com HTTP/1.1" 200 279
INFO 2025-12-16 14:19:07,499 basehttp 10476 17256 "POST /api/v1/feed/posts/1/1/ HTTP/1.1" 201 222
INFO 2025-12-16 14:19:07,547 basehttp 10476 17256 "GET /api/v1/feed/posts/all/1/?email=b%40gmail.com HTTP/1.1" 200 502
INFO 2025-12-16 14:19:11,217 basehttp 10476 17256 "GET /api/v1/feed/posts/1/1/?email=b%40gmail.com HTTP/1.1" 200 502
INFO 2025-12-16 14:19:13,313 basehttp 10476 17256 "GET /api/v1/feed/posts/2/1/?email=b%40gmail.com HTTP/1.1" 200 52
INFO 2025-12-16 14:19:36,973 services 10476 13688 OTP email sent successfully to c@gmail.com
INFO 2025-12-16 14:19:36,976 basehttp 10476 13688 "POST /api/v1/users/otp/create/ HTTP/1.1" 201 380
WARNING 2025-12-16 14:19:42,887 log 10476 13688 Not Found: /api/v1/auth/home
WARNING 2025-12-16 14:19:42,892 basehttp 10476 13688 "GET /api/v1/auth/home HTTP/1.1" 404 6306
INFO 2025-12-16 14:19:42,892 basehttp 10476 15052 "GET /api/v1/quizzes/questions/?date=2025-12-16 HTTP/1.1" 200 52
INFO 2025-12-16 14:19:42,937 basehttp 10476 16568 "GET /api/v1/courses/courses/stats/ HTTP/1.1" 200 1573
INFO 2025-12-16 14:19:42,940 basehttp 10476 12136 "GET /api/v1/universities/universities/stats/ HTTP/1.1" 200 6574
INFO 2025-12-16 14:20:03,542 basehttp 10476 17256 "GET /api/v1/feed/categories/ HTTP/1.1" 200 47
INFO 2025-12-16 14:20:03,647 basehttp 10476 17256 "GET /api/v1/feed/posts/all/1/?email=c%40gmail.com HTTP/1.1" 200 52
INFO 2025-12-16 14:22:06,284 autoreload 10476 12672 X:\edvoyage-backup-cursor\backend\edvoayge\feed\views.py changed, reloading.
INFO 2025-12-16 14:22:07,838 autoreload 10976 16932 Watching for file changes with StatReloader
INFO 2025-12-16 14:23:22,366 basehttp 10976 15416 "GET /api/v1/notes/flashcards/ HTTP/1.1" 200 1813
WARNING 2025-12-16 14:23:24,176 log 10976 3232 Not Found: /api/v1/auth/home
WARNING 2025-12-16 14:23:24,179 basehttp 10976 3232 "GET /api/v1/auth/home HTTP/1.1" 404 6306
INFO 2025-12-16 14:23:24,192 basehttp 10976 14368 "GET /api/v1/quizzes/questions/?date=2025-12-16 HTTP/1.1" 200 52
INFO 2025-12-16 14:23:24,252 basehttp 10976 17028 "GET /api/v1/courses/courses/stats/ HTTP/1.1" 200 1573
INFO 2025-12-16 14:23:24,252 basehttp 10976 16832 "GET /api/v1/universities/universities/stats/ HTTP/1.1" 200 6574
INFO 2025-12-16 14:23:26,242 basehttp 10976 15416 "GET /api/v1/feed/categories/ HTTP/1.1" 200 47
INFO 2025-12-16 14:23:26,431 basehttp 10976 15416 "GET /api/v1/feed/posts/all/1/ HTTP/1.1" 200 2494
INFO 2025-12-16 14:23:47,951 services 10976 16832 OTP email sent successfully to vv@gmail.com
INFO 2025-12-16 14:23:47,954 basehttp 10976 16832 "POST /api/v1/users/otp/create/ HTTP/1.1" 201 381
WARNING 2025-12-16 14:23:54,075 log 10976 16832 Not Found: /api/v1/auth/home
WARNING 2025-12-16 14:23:54,078 basehttp 10976 16832 "GET /api/v1/auth/home HTTP/1.1" 404 6306
INFO 2025-12-16 14:23:54,078 basehttp 10976 3232 "GET /api/v1/quizzes/questions/?date=2025-12-16 HTTP/1.1" 200 52
INFO 2025-12-16 14:23:54,108 basehttp 10976 14368 "GET /api/v1/courses/courses/stats/ HTTP/1.1" 200 1573
INFO 2025-12-16 14:23:54,143 basehttp 10976 17028 "GET /api/v1/universities/universities/stats/ HTTP/1.1" 200 6574
INFO 2025-12-16 14:23:56,303 basehttp 10976 15416 "GET /api/v1/feed/categories/ HTTP/1.1" 200 47
INFO 2025-12-16 14:23:56,479 basehttp 10976 15416 "GET /api/v1/feed/posts/all/1/ HTTP/1.1" 200 2494
INFO 2025-12-16 14:24:02,894 basehttp 10976 15416 "POST /api/v1/feed/posts/1/1/ HTTP/1.1" 201 218
INFO 2025-12-16 14:24:02,998 basehttp 10976 15416 "GET /api/v1/feed/posts/all/1/ HTTP/1.1" 200 2713
INFO 2025-12-16 14:24:06,240 basehttp 10976 15416 "GET /api/v1/feed/posts/1/1/ HTTP/1.1" 200 2021
INFO 2025-12-16 14:24:13,046 basehttp 10976 15416 "POST /api/v1/feed/posts/1/1/ HTTP/1.1" 201 221
INFO 2025-12-16 14:24:13,131 basehttp 10976 15416 "GET /api/v1/feed/posts/1/1/ HTTP/1.1" 200 2243
INFO 2025-12-16 14:24:16,556 basehttp 10976 15416 "GET /api/v1/feed/posts/2/1/ HTTP/1.1" 200 743
INFO 2025-12-16 14:24:18,936 basehttp 10976 15416 "GET /api/v1/feed/posts/1/1/ HTTP/1.1" 200 2243
INFO 2025-12-16 14:24:23,828 basehttp 10976 15416 "POST /api/v1/feed/posts/toggle-like/10/1/ HTTP/1.1" 201 123
INFO 2025-12-16 14:24:29,414 basehttp 10976 15416 "OPTIONS /api/v1/feed/posts/comments/10/ HTTP/1.1" 200 0
INFO 2025-12-16 14:24:29,447 basehttp 10976 15416 "POST /api/v1/feed/posts/comments/10/ HTTP/1.1" 201 114
INFO 2025-12-16 14:25:30,612 autoreload 10976 16932 X:\edvoyage-backup-cursor\backend\edvoayge\feed\views.py changed, reloading.
INFO 2025-12-16 14:25:32,129 autoreload 6744 11176 Watching for file changes with StatReloader
INFO 2025-12-16 14:26:05,480 autoreload 9228 16204 Watching for file changes with StatReloader
INFO 2025-12-16 14:26:10,446 basehttp 9228 12236 "GET /api/v1/notes/flashcards/ HTTP/1.1" 200 1813
WARNING 2025-12-16 14:26:11,879 log 9228 16660 Not Found: /api/v1/auth/home
WARNING 2025-12-16 14:26:11,880 basehttp 9228 16660 "GET /api/v1/auth/home HTTP/1.1" 404 6306
INFO 2025-12-16 14:26:11,885 basehttp 9228 14876 "GET /api/v1/quizzes/questions/?date=2025-12-16 HTTP/1.1" 200 52
INFO 2025-12-16 14:26:11,956 basehttp 9228 16544 "GET /api/v1/courses/courses/stats/ HTTP/1.1" 200 1573
INFO 2025-12-16 14:26:11,957 basehttp 9228 14152 "GET /api/v1/universities/universities/stats/ HTTP/1.1" 200 6574
INFO 2025-12-16 14:26:14,676 basehttp 9228 12236 "GET /api/v1/feed/categories/ HTTP/1.1" 200 47
INFO 2025-12-16 14:26:14,931 basehttp 9228 12236 "GET /api/v1/feed/posts/all/1/ HTTP/1.1" 200 3050
INFO 2025-12-16 14:26:30,826 basehttp 9228 12236 "POST /api/v1/feed/posts/comments/10/ HTTP/1.1" 201 125
INFO 2025-12-16 14:26:40,284 basehttp 9228 12236 "OPTIONS /api/v1/feed/posts/comments/9/ HTTP/1.1" 200 0
INFO 2025-12-16 14:26:40,306 basehttp 9228 12236 "POST /api/v1/feed/posts/comments/9/ HTTP/1.1" 201 127
INFO 2025-12-16 14:27:11,343 services 9228 14152 OTP email sent successfully to bobby@gmail.com
INFO 2025-12-16 14:27:11,346 basehttp 9228 14152 "POST /api/v1/users/otp/create/ HTTP/1.1" 201 384
WARNING 2025-12-16 14:27:17,422 log 9228 14152 Not Found: /api/v1/auth/home
WARNING 2025-12-16 14:27:17,425 basehttp 9228 14152 "GET /api/v1/auth/home HTTP/1.1" 404 6306
INFO 2025-12-16 14:27:17,432 basehttp 9228 16660 "GET /api/v1/quizzes/questions/?date=2025-12-16 HTTP/1.1" 200 52
INFO 2025-12-16 14:27:17,485 basehttp 9228 16544 "GET /api/v1/universities/universities/stats/ HTTP/1.1" 200 6574
INFO 2025-12-16 14:27:17,486 basehttp 9228 14876 "GET /api/v1/courses/courses/stats/ HTTP/1.1" 200 1573
INFO 2025-12-16 14:27:26,106 basehttp 9228 12236 "GET /api/v1/feed/categories/ HTTP/1.1" 200 47
INFO 2025-12-16 14:27:26,288 basehttp 9228 12236 "GET /api/v1/feed/posts/all/1/ HTTP/1.1" 200 3303
INFO 2025-12-16 14:27:30,879 basehttp 9228 12236 "GET /api/v1/feed/posts/2/1/ HTTP/1.1" 200 743
INFO 2025-12-16 14:27:36,268 basehttp 9228 12236 "POST /api/v1/feed/posts/2/1/ HTTP/1.1" 201 223
INFO 2025-12-16 14:27:36,328 basehttp 9228 12236 "GET /api/v1/feed/posts/2/1/ HTTP/1.1" 200 967
INFO 2025-12-16 14:27:44,324 basehttp 9228 12236 "OPTIONS /api/v1/feed/posts/comments/11/ HTTP/1.1" 200 0
INFO 2025-12-16 14:27:44,341 basehttp 9228 12236 "POST /api/v1/feed/posts/comments/11/ HTTP/1.1" 201 123
INFO 2025-12-16 14:27:50,771 basehttp 9228 12236 "POST /api/v1/feed/posts/comments/11/ HTTP/1.1" 201 125
INFO 2025-12-16 14:27:53,390 basehttp 9228 12236 "GET /api/v1/feed/posts/all/1/ HTTP/1.1" 200 3776
INFO 2025-12-16 14:27:55,540 basehttp 9228 12236 "GET /api/v1/feed/posts/1/1/ HTTP/1.1" 200 2610
INFO 2025-12-16 14:33:32,300 basehttp 9228 3944 "GET /api/v1/notes/flashcards/ HTTP/1.1" 200 1813
WARNING 2025-12-16 14:33:33,681 log 9228 4592 Not Found: /api/v1/auth/home
WARNING 2025-12-16 14:33:33,683 basehttp 9228 4592 "GET /api/v1/auth/home HTTP/1.1" 404 6306
INFO 2025-12-16 14:33:33,687 basehttp 9228 14812 "GET /api/v1/quizzes/questions/?date=2025-12-16 HTTP/1.1" 200 52
INFO 2025-12-16 14:33:33,735 basehttp 9228 17224 "GET /api/v1/courses/courses/stats/ HTTP/1.1" 200 1573
INFO 2025-12-16 14:33:33,764 basehttp 9228 17028 "GET /api/v1/universities/universities/stats/ HTTP/1.1" 200 6574
INFO 2025-12-16 14:33:35,428 basehttp 9228 3944 "GET /api/v1/feed/categories/ HTTP/1.1" 200 47
INFO 2025-12-16 14:33:35,680 basehttp 9228 3944 "GET /api/v1/feed/posts/all/1/ HTTP/1.1" 200 3776
WARNING 2025-12-16 14:33:48,335 log 9228 17028 Not Found: /api/v1/auth/home
WARNING 2025-12-16 14:33:48,336 basehttp 9228 17028 "GET /api/v1/auth/home HTTP/1.1" 404 6306
INFO 2025-12-16 14:33:48,355 basehttp 9228 4592 "GET /api/v1/quizzes/questions/?date=2025-12-16 HTTP/1.1" 200 52
INFO 2025-12-16 14:33:48,403 basehttp 9228 17224 "GET /api/v1/universities/universities/stats/ HTTP/1.1" 200 6574
INFO 2025-12-16 14:33:48,408 basehttp 9228 14812 "GET /api/v1/courses/courses/stats/ HTTP/1.1" 200 1573
INFO 2025-12-16 14:33:54,268 basehttp 9228 14812 "GET /api/v1/notes/categories/ HTTP/1.1" 200 104
INFO 2025-12-16 14:34:15,417 basehttp 9228 17028 "GET /api/v1/quizzes/questions/?date=2025-12-16 HTTP/1.1" 200 52
WARNING 2025-12-16 14:34:15,432 log 9228 14812 Not Found: /api/v1/auth/home
WARNING 2025-12-16 14:34:15,435 basehttp 9228 14812 "GET /api/v1/auth/home HTTP/1.1" 404 6306
INFO 2025-12-16 14:34:15,471 basehttp 9228 17224 "GET /api/v1/universities/universities/stats/ HTTP/1.1" 200 6574
INFO 2025-12-16 14:34:15,478 basehttp 9228 4592 "GET /api/v1/courses/courses/stats/ HTTP/1.1" 200 1573
INFO 2025-12-16 14:34:19,683 basehttp 9228 4592 "OPTIONS /api/v1/universities/universities/ HTTP/1.1" 200 0
INFO 2025-12-16 14:34:19,716 basehttp 9228 4592 "GET /api/v1/universities/universities/ HTTP/1.1" 200 6807
INFO 2025-12-16 14:34:20,040 basehttp 9228 4592 "GET /media/universities/logos/fast_api_drIdvgZ.png HTTP/1.1" 200 1091903
INFO 2025-12-16 14:34:20,097 basehttp 9228 17224 "GET /media/universities/logos/fast_api.png HTTP/1.1" 200 1091903
INFO 2025-12-16 14:34:21,959 basehttp 9228 17224 "POST /api/v1/bookmarks/universities/ HTTP/1.1" 200 67
INFO 2025-12-16 14:34:22,909 basehttp 9228 17224 "POST /api/v1/bookmarks/universities/ HTTP/1.1" 201 2448
INFO 2025-12-20 12:05:17,135 autoreload 1512 14780 Watching for file changes with StatReloader
INFO 2025-12-20 12:09:48,983 basehttp 1512 12120 "GET /api/v1/notes/flashcards/ HTTP/1.1" 200 1813
INFO 2025-12-20 12:10:04,174 basehttp 1512 6976 "OPTIONS /api/v1/users/otp/create/ HTTP/1.1" 200 0
INFO 2025-12-20 12:10:09,572 services 1512 6976 OTP email sent successfully to bobbykboseoffice@gmail.com
INFO 2025-12-20 12:10:09,574 basehttp 1512 6976 "POST /api/v1/users/otp/create/ HTTP/1.1" 201 395
WARNING 2025-12-20 12:10:15,067 log 1512 6976 Not Found: /api/v1/auth/home
WARNING 2025-12-20 12:10:15,071 basehttp 1512 6976 "GET /api/v1/auth/home HTTP/1.1" 404 6306
INFO 2025-12-20 12:10:15,086 basehttp 1512 9600 "GET /api/v1/universities/universities/stats/ HTTP/1.1" 200 6574
INFO 2025-12-20 12:10:15,107 basehttp 1512 9600 "GET /api/v1/quizzes/questions/?date=2025-12-20 HTTP/1.1" 200 52
INFO 2025-12-20 12:10:15,123 basehttp 1512 6976 "GET /api/v1/courses/courses/stats/ HTTP/1.1" 200 1573
INFO 2025-12-20 12:13:40,587 basehttp 1512 12120 "GET /api/v1/notes/flashcards/ HTTP/1.1" 200 1813
WARNING 2025-12-20 12:13:41,544 log 1512 6976 Not Found: /api/v1/auth/home
WARNING 2025-12-20 12:13:41,546 basehttp 1512 6976 "GET /api/v1/auth/home HTTP/1.1" 404 6306
INFO 2025-12-20 12:13:41,599 basehttp 1512 9600 "GET /api/v1/universities/universities/stats/ HTTP/1.1" 200 6574
INFO 2025-12-20 12:13:41,599 basehttp 1512 6976 "GET /api/v1/courses/courses/stats/ HTTP/1.1" 200 1573
INFO 2025-12-20 12:13:41,610 basehttp 1512 9600 "GET /api/v1/quizzes/questions/?date=2025-12-20 HTTP/1.1" 200 52
INFO 2025-12-20 12:15:37,424 basehttp 1512 14500 "GET /api/v1/notes/flashcards/ HTTP/1.1" 200 1813
INFO 2025-12-20 12:15:49,993 basehttp 1512 9404 "OPTIONS /api/v1/users/otp/create/ HTTP/1.1" 200 0
INFO 2025-12-20 12:15:53,454 services 1512 9404 OTP email sent successfully to bobbykboseoffice@gmail.com
INFO 2025-12-20 12:15:53,457 basehttp 1512 9404 "POST /api/v1/users/otp/create/ HTTP/1.1" 201 395
WARNING 2025-12-20 12:15:57,920 log 1512 9404 Not Found: /api/v1/auth/home
WARNING 2025-12-20 12:15:57,922 basehttp 1512 9404 "GET /api/v1/auth/home HTTP/1.1" 404 6306
INFO 2025-12-20 12:15:57,969 basehttp 1512 14940 "GET /api/v1/universities/universities/stats/ HTTP/1.1" 200 6574
INFO 2025-12-20 12:15:57,983 basehttp 1512 9404 "GET /api/v1/courses/courses/stats/ HTTP/1.1" 200 1573
INFO 2025-12-20 12:15:57,986 basehttp 1512 14940 "GET /api/v1/quizzes/questions/?date=2025-12-20 HTTP/1.1" 200 52
INFO 2025-12-20 12:16:26,261 basehttp 1512 14628 "GET /admin/ HTTP/1.1" 302 0
INFO 2025-12-20 12:16:26,507 basehttp 1512 14628 "GET /admin/login/?next=/admin/ HTTP/1.1" 200 4172
INFO 2025-12-20 12:16:26,742 basehttp 1512 9288 "GET /static/admin/css/dark_mode.css HTTP/1.1" 200 2808
INFO 2025-12-20 12:16:26,744 basehttp 1512 14628 "GET /static/admin/css/base.css HTTP/1.1" 200 22120
INFO 2025-12-20 12:16:26,762 basehttp 1512 9288 "GET /static/admin/css/nav_sidebar.css HTTP/1.1" 200 2810
INFO 2025-12-20 12:16:26,762 basehttp 1512 14628 "GET /static/admin/css/login.css HTTP/1.1" 200 951
INFO 2025-12-20 12:16:26,764 basehttp 1512 16052 "GET /static/admin/js/theme.js HTTP/1.1" 200 1653
INFO 2025-12-20 12:16:26,781 basehttp 1512 9288 "GET /static/admin/css/responsive.css HTTP/1.1" 200 16565
INFO 2025-12-20 12:16:26,797 basehttp 1512 16052 "GET /static/admin/js/nav_sidebar.js HTTP/1.1" 200 3063
WARNING 2025-12-20 12:16:26,835 log 1512 16052 Not Found: /favicon.ico
WARNING 2025-12-20 12:16:26,836 basehttp 1512 16052 "GET /favicon.ico HTTP/1.1" 404 2699
WARNING 2025-12-20 12:16:28,372 log 1512 16052 Not Found: /sw.js
WARNING 2025-12-20 12:16:28,373 basehttp 1512 16052 "GET /sw.js HTTP/1.1" 404 2681
INFO 2025-12-20 12:16:31,807 basehttp 1512 16052 "POST /admin/login/?next=/admin/ HTTP/1.1" 302 0
INFO 2025-12-20 12:16:31,934 basehttp 1512 16052 "GET /admin/ HTTP/1.1" 200 99421
INFO 2025-12-20 12:16:31,979 basehttp 1512 16052 "GET /static/admin/css/dashboard.css HTTP/1.1" 200 441
INFO 2025-12-20 12:16:31,982 basehttp 1512 9288 "GET /static/admin/img/icon-addlink.svg HTTP/1.1" 200 331
INFO 2025-12-20 12:16:31,982 basehttp 1512 14628 "GET /static/admin/img/icon-changelink.svg HTTP/1.1" 200 380
WARNING 2025-12-20 12:16:33,599 log 1512 14628 Not Found: /sw.js
WARNING 2025-12-20 12:16:33,601 basehttp 1512 14628 "GET /sw.js HTTP/1.1" 404 2681
INFO 2025-12-20 12:16:44,014 basehttp 1512 14628 "GET /admin/notifications/notification/ HTTP/1.1" 200 74091
INFO 2025-12-20 12:16:44,085 basehttp 1512 14628 "GET /static/admin/css/changelists.css HTTP/1.1" 200 6878
INFO 2025-12-20 12:16:44,129 basehttp 1512 4400 "GET /static/admin/js/jquery.init.js HTTP/1.1" 200 347
INFO 2025-12-20 12:16:44,129 basehttp 1512 14628 "GET /static/admin/js/actions.js HTTP/1.1" 200 8076
INFO 2025-12-20 12:16:44,131 basehttp 1512 9288 "GET /admin/jsi18n/ HTTP/1.1" 200 3342
INFO 2025-12-20 12:16:44,149 basehttp 1512 14552 "GET /static/admin/js/core.js HTTP/1.1" 200 6208
INFO 2025-12-20 12:16:44,154 basehttp 1512 8088 "GET /static/admin/js/admin/RelatedObjectLookups.js HTTP/1.1" 200 9777
INFO 2025-12-20 12:16:44,174 basehttp 1512 14628 "GET /static/admin/js/prepopulate.js HTTP/1.1" 200 1531
INFO 2025-12-20 12:16:44,196 basehttp 1512 4400 "GET /static/admin/js/urlify.js HTTP/1.1" 200 7887
INFO 2025-12-20 12:16:44,235 basehttp 1512 16052 "GET /static/admin/js/vendor/jquery/jquery.js HTTP/1.1" 200 285314
INFO 2025-12-20 12:16:44,273 basehttp 1512 16052 "GET /static/admin/js/filters.js HTTP/1.1" 200 978
INFO 2025-12-20 12:16:44,351 basehttp 1512 9288 "GET /static/admin/js/vendor/xregexp/xregexp.js HTTP/1.1" 200 325171
INFO 2025-12-20 12:16:44,392 basehttp 1512 9288 "GET /static/admin/img/tooltag-add.svg HTTP/1.1" 200 331
WARNING 2025-12-20 12:16:45,949 log 1512 16052 Not Found: /sw.js
WARNING 2025-12-20 12:16:45,950 basehttp 1512 16052 "GET /sw.js HTTP/1.1" 404 2681
INFO 2025-12-20 12:16:45,981 basehttp 1512 9288 "GET /admin/notifications/notification/add/ HTTP/1.1" 200 96026
INFO 2025-12-20 12:16:46,020 basehttp 1512 8088 "GET /admin/jsi18n/ HTTP/1.1" 200 3342
INFO 2025-12-20 12:16:46,020 basehttp 1512 9288 "GET /static/admin/css/forms.css HTTP/1.1" 200 8525
INFO 2025-12-20 12:16:46,038 basehttp 1512 14628 "GET /static/admin/js/prepopulate_init.js HTTP/1.1" 200 586
INFO 2025-12-20 12:16:46,044 basehttp 1512 9288 "GET /static/admin/css/widgets.css HTTP/1.1" 200 11991
INFO 2025-12-20 12:16:46,048 basehttp 1512 16052 "GET /static/admin/js/calendar.js HTTP/1.1" 200 9141
INFO 2025-12-20 12:16:46,048 basehttp 1512 4400 "GET /static/admin/js/admin/DateTimeShortcuts.js HTTP/1.1" 200 19319
INFO 2025-12-20 12:16:46,069 basehttp 1512 4400 "GET /static/admin/img/icon-viewlink.svg HTTP/1.1" 200 581
INFO 2025-12-20 12:16:46,080 basehttp 1512 16052 "GET /static/admin/js/change_form.js HTTP/1.1" 200 606
INFO 2025-12-20 12:16:46,153 basehttp 1512 4400 "GET /static/admin/img/icon-clock.svg HTTP/1.1" 200 677
INFO 2025-12-20 12:16:46,154 basehttp 1512 16052 "GET /static/admin/img/icon-calendar.svg HTTP/1.1" 200 1086
WARNING 2025-12-20 12:16:47,704 log 1512 4400 Not Found: /sw.js
WARNING 2025-12-20 12:16:47,704 basehttp 1512 4400 "GET /sw.js HTTP/1.1" 404 2681
INFO 2025-12-20 12:22:51,147 autoreload 1512 14780 X:\edvoyage-backup-cursor\backend\edvoayge\notifications\models.py changed, reloading.
INFO 2025-12-20 12:22:53,504 autoreload 12316 9000 Watching for file changes with StatReloader
INFO 2025-12-20 12:22:59,739 autoreload 12316 9000 X:\edvoyage-backup-cursor\backend\edvoayge\notifications\serializers.py changed, reloading.
INFO 2025-12-20 12:23:01,474 autoreload 3800 7732 Watching for file changes with StatReloader
INFO 2025-12-20 12:23:22,430 autoreload 3800 7732 X:\edvoyage-backup-cursor\backend\edvoayge\notifications\views.py changed, reloading.
INFO 2025-12-20 12:23:24,357 autoreload 16372 12252 Watching for file changes with StatReloader
INFO 2025-12-20 12:23:30,481 autoreload 16372 12252 X:\edvoyage-backup-cursor\backend\edvoayge\notifications\urls.py changed, reloading.
INFO 2025-12-20 12:23:32,201 autoreload 3696 6660 Watching for file changes with StatReloader
INFO 2025-12-20 12:23:38,184 autoreload 3696 6660 X:\edvoyage-backup-cursor\backend\edvoayge\notifications\admin.py changed, reloading.
INFO 2025-12-20 12:23:39,804 autoreload 12316 10100 Watching for file changes with StatReloader
INFO 2025-12-20 12:36:05,981 autoreload 10636 3136 Watching for file changes with StatReloader
INFO 2025-12-20 12:36:15,158 basehttp 10636 8 "GET /admin/notifications/notification/add/ HTTP/1.1" 200 72850
INFO 2025-12-20 12:36:15,199 basehttp 10636 8 "GET /admin/jsi18n/ HTTP/1.1" 200 3342
WARNING 2025-12-20 12:36:16,828 log 10636 8 Not Found: /sw.js
WARNING 2025-12-20 12:36:16,829 basehttp 10636 8 "GET /sw.js HTTP/1.1" 404 2681
INFO 2025-12-20 12:36:30,838 autoreload 10636 3136 X:\edvoyage-backup-cursor\backend\edvoayge\notifications\models.py changed, reloading.
INFO 2025-12-20 12:36:32,437 autoreload 15148 2840 Watching for file changes with StatReloader
INFO 2025-12-20 12:37:35,759 autoreload 15148 2840 X:\edvoyage-backup-cursor\backend\edvoayge\notifications\serializers.py changed, reloading.
INFO 2025-12-20 12:37:37,446 autoreload 13004 16036 Watching for file changes with StatReloader
INFO 2025-12-20 12:37:44,362 autoreload 13004 16036 X:\edvoyage-backup-cursor\backend\edvoayge\notifications\admin.py changed, reloading.
INFO 2025-12-20 12:37:45,857 autoreload 14360 12404 Watching for file changes with StatReloader
INFO 2025-12-20 12:38:14,609 basehttp 14360 5660 "GET /admin/notifications/notification/add/ HTTP/1.1" 200 73515
INFO 2025-12-20 12:38:14,641 basehttp 14360 5660 "GET /admin/jsi18n/ HTTP/1.1" 200 3342
WARNING 2025-12-20 12:38:16,248 log 14360 5660 Not Found: /sw.js
WARNING 2025-12-20 12:38:16,250 basehttp 14360 5660 "GET /sw.js HTTP/1.1" 404 2681
ERROR 2025-12-20 12:38:42,267 log 14360 5660 Internal Server Error: /admin/notifications/notification/add/
Traceback (most recent call last):
  File "C:\Users\bobby\AppData\Local\Programs\Python\Python312\Lib\site-packages\django\db\backends\utils.py", line 105, in _execute
    return self.cursor.execute(sql, params)
           ^^^^^^^^^^^^^^^^^^^^^^^^^^^^^^^^
  File "C:\Users\bobby\AppData\Local\Programs\Python\Python312\Lib\site-packages\django\db\backends\sqlite3\base.py", line 360, in execute
    return super().execute(query, params)
           ^^^^^^^^^^^^^^^^^^^^^^^^^^^^^^
sqlite3.OperationalError: table notifications has no column named description

The above exception was the direct cause of the following exception:

Traceback (most recent call last):
  File "C:\Users\bobby\AppData\Local\Programs\Python\Python312\Lib\site-packages\django\core\handlers\exception.py", line 55, in inner
    response = get_response(request)
               ^^^^^^^^^^^^^^^^^^^^^
  File "C:\Users\bobby\AppData\Local\Programs\Python\Python312\Lib\site-packages\django\core\handlers\base.py", line 197, in _get_response
    response = wrapped_callback(request, *callback_args, **callback_kwargs)
               ^^^^^^^^^^^^^^^^^^^^^^^^^^^^^^^^^^^^^^^^^^^^^^^^^^^^^^^^^^^^
  File "C:\Users\bobby\AppData\Local\Programs\Python\Python312\Lib\site-packages\django\contrib\admin\options.py", line 719, in wrapper
    return self.admin_site.admin_view(view)(*args, **kwargs)
           ^^^^^^^^^^^^^^^^^^^^^^^^^^^^^^^^^^^^^^^^^^^^^^^^^
  File "C:\Users\bobby\AppData\Local\Programs\Python\Python312\Lib\site-packages\django\utils\decorators.py", line 192, in _view_wrapper
    result = _process_exception(request, e)
             ^^^^^^^^^^^^^^^^^^^^^^^^^^^^^^
  File "C:\Users\bobby\AppData\Local\Programs\Python\Python312\Lib\site-packages\django\utils\decorators.py", line 190, in _view_wrapper
    response = view_func(request, *args, **kwargs)
               ^^^^^^^^^^^^^^^^^^^^^^^^^^^^^^^^^^^
  File "C:\Users\bobby\AppData\Local\Programs\Python\Python312\Lib\site-packages\django\views\decorators\cache.py", line 80, in _view_wrapper
    response = view_func(request, *args, **kwargs)
               ^^^^^^^^^^^^^^^^^^^^^^^^^^^^^^^^^^^
  File "C:\Users\bobby\AppData\Local\Programs\Python\Python312\Lib\site-packages\django\contrib\admin\sites.py", line 246, in inner
    return view(request, *args, **kwargs)
           ^^^^^^^^^^^^^^^^^^^^^^^^^^^^^^
  File "C:\Users\bobby\AppData\Local\Programs\Python\Python312\Lib\site-packages\django\contrib\admin\options.py", line 1984, in add_view
    return self.changeform_view(request, None, form_url, extra_context)
           ^^^^^^^^^^^^^^^^^^^^^^^^^^^^^^^^^^^^^^^^^^^^^^^^^^^^^^^^^^^^
  File "C:\Users\bobby\AppData\Local\Programs\Python\Python312\Lib\site-packages\django\utils\decorators.py", line 48, in _wrapper
    return bound_method(*args, **kwargs)
           ^^^^^^^^^^^^^^^^^^^^^^^^^^^^^
  File "C:\Users\bobby\AppData\Local\Programs\Python\Python312\Lib\site-packages\django\utils\decorators.py", line 192, in _view_wrapper
    result = _process_exception(request, e)
             ^^^^^^^^^^^^^^^^^^^^^^^^^^^^^^
  File "C:\Users\bobby\AppData\Local\Programs\Python\Python312\Lib\site-packages\django\utils\decorators.py", line 190, in _view_wrapper
    response = view_func(request, *args, **kwargs)
               ^^^^^^^^^^^^^^^^^^^^^^^^^^^^^^^^^^^
  File "C:\Users\bobby\AppData\Local\Programs\Python\Python312\Lib\site-packages\django\contrib\admin\options.py", line 1843, in changeform_view
    return self._changeform_view(request, object_id, form_url, extra_context)
           ^^^^^^^^^^^^^^^^^^^^^^^^^^^^^^^^^^^^^^^^^^^^^^^^^^^^^^^^^^^^^^^^^^
  File "C:\Users\bobby\AppData\Local\Programs\Python\Python312\Lib\site-packages\django\contrib\admin\options.py", line 1894, in _changeform_view
    self.save_model(request, new_object, form, not add)
  File "C:\Users\bobby\AppData\Local\Programs\Python\Python312\Lib\site-packages\django\contrib\admin\options.py", line 1314, in save_model
    obj.save()
  File "C:\Users\bobby\AppData\Local\Programs\Python\Python312\Lib\site-packages\django\db\models\base.py", line 902, in save
    self.save_base(
  File "C:\Users\bobby\AppData\Local\Programs\Python\Python312\Lib\site-packages\django\db\models\base.py", line 1008, in save_base
    updated = self._save_table(
              ^^^^^^^^^^^^^^^^^
  File "C:\Users\bobby\AppData\Local\Programs\Python\Python312\Lib\site-packages\django\db\models\base.py", line 1169, in _save_table
    results = self._do_insert(
              ^^^^^^^^^^^^^^^^
  File "C:\Users\bobby\AppData\Local\Programs\Python\Python312\Lib\site-packages\django\db\models\base.py", line 1210, in _do_insert
    return manager._insert(
           ^^^^^^^^^^^^^^^^
  File "C:\Users\bobby\AppData\Local\Programs\Python\Python312\Lib\site-packages\django\db\models\manager.py", line 87, in manager_method
    return getattr(self.get_queryset(), name)(*args, **kwargs)
           ^^^^^^^^^^^^^^^^^^^^^^^^^^^^^^^^^^^^^^^^^^^^^^^^^^^
  File "C:\Users\bobby\AppData\Local\Programs\Python\Python312\Lib\site-packages\django\db\models\query.py", line 1868, in _insert
    return query.get_compiler(using=using).execute_sql(returning_fields)
           ^^^^^^^^^^^^^^^^^^^^^^^^^^^^^^^^^^^^^^^^^^^^^^^^^^^^^^^^^^^^^
  File "C:\Users\bobby\AppData\Local\Programs\Python\Python312\Lib\site-packages\django\db\models\sql\compiler.py", line 1882, in execute_sql
    cursor.execute(sql, params)
  File "C:\Users\bobby\AppData\Local\Programs\Python\Python312\Lib\site-packages\django\db\backends\utils.py", line 122, in execute
    return super().execute(sql, params)
           ^^^^^^^^^^^^^^^^^^^^^^^^^^^^
  File "C:\Users\bobby\AppData\Local\Programs\Python\Python312\Lib\site-packages\django\db\backends\utils.py", line 79, in execute
    return self._execute_with_wrappers(
           ^^^^^^^^^^^^^^^^^^^^^^^^^^^^
  File "C:\Users\bobby\AppData\Local\Programs\Python\Python312\Lib\site-packages\django\db\backends\utils.py", line 92, in _execute_with_wrappers
    return executor(sql, params, many, context)
           ^^^^^^^^^^^^^^^^^^^^^^^^^^^^^^^^^^^^
  File "C:\Users\bobby\AppData\Local\Programs\Python\Python312\Lib\site-packages\django\db\backends\utils.py", line 100, in _execute
    with self.db.wrap_database_errors:
         ^^^^^^^^^^^^^^^^^^^^^^^^^^^^
  File "C:\Users\bobby\AppData\Local\Programs\Python\Python312\Lib\site-packages\django\db\utils.py", line 91, in __exit__
    raise dj_exc_value.with_traceback(traceback) from exc_value
  File "C:\Users\bobby\AppData\Local\Programs\Python\Python312\Lib\site-packages\django\db\backends\utils.py", line 105, in _execute
    return self.cursor.execute(sql, params)
           ^^^^^^^^^^^^^^^^^^^^^^^^^^^^^^^^
  File "C:\Users\bobby\AppData\Local\Programs\Python\Python312\Lib\site-packages\django\db\backends\sqlite3\base.py", line 360, in execute
    return super().execute(query, params)
           ^^^^^^^^^^^^^^^^^^^^^^^^^^^^^^
django.db.utils.OperationalError: table notifications has no column named description
ERROR 2025-12-20 12:38:42,277 basehttp 14360 5660 "POST /admin/notifications/notification/add/ HTTP/1.1" 500 218203
WARNING 2025-12-20 12:38:43,975 log 14360 5660 Not Found: /sw.js
WARNING 2025-12-20 12:38:43,976 basehttp 14360 5660 "GET /sw.js HTTP/1.1" 404 2681
INFO 2025-12-20 12:39:38,652 autoreload 13932 10272 Watching for file changes with StatReloader
INFO 2025-12-20 12:39:48,423 basehttp 13932 7776 "GET /admin/notifications/notification/add/ HTTP/1.1" 200 73515
INFO 2025-12-20 12:39:48,457 basehttp 13932 7776 "GET /admin/jsi18n/ HTTP/1.1" 200 3342
WARNING 2025-12-20 12:39:50,048 log 13932 7776 Not Found: /sw.js
WARNING 2025-12-20 12:39:50,048 basehttp 13932 7776 "GET /sw.js HTTP/1.1" 404 2681
ERROR 2025-12-20 12:39:56,996 log 13932 7776 Internal Server Error: /admin/notifications/notification/add/
Traceback (most recent call last):
  File "C:\Users\bobby\AppData\Local\Programs\Python\Python312\Lib\site-packages\django\db\backends\utils.py", line 105, in _execute
    return self.cursor.execute(sql, params)
           ^^^^^^^^^^^^^^^^^^^^^^^^^^^^^^^^
  File "C:\Users\bobby\AppData\Local\Programs\Python\Python312\Lib\site-packages\django\db\backends\sqlite3\base.py", line 360, in execute
    return super().execute(query, params)
           ^^^^^^^^^^^^^^^^^^^^^^^^^^^^^^
sqlite3.OperationalError: table notifications has no column named description

The above exception was the direct cause of the following exception:

Traceback (most recent call last):
  File "C:\Users\bobby\AppData\Local\Programs\Python\Python312\Lib\site-packages\django\core\handlers\exception.py", line 55, in inner
    response = get_response(request)
               ^^^^^^^^^^^^^^^^^^^^^
  File "C:\Users\bobby\AppData\Local\Programs\Python\Python312\Lib\site-packages\django\core\handlers\base.py", line 197, in _get_response
    response = wrapped_callback(request, *callback_args, **callback_kwargs)
               ^^^^^^^^^^^^^^^^^^^^^^^^^^^^^^^^^^^^^^^^^^^^^^^^^^^^^^^^^^^^
  File "C:\Users\bobby\AppData\Local\Programs\Python\Python312\Lib\site-packages\django\contrib\admin\options.py", line 719, in wrapper
    return self.admin_site.admin_view(view)(*args, **kwargs)
           ^^^^^^^^^^^^^^^^^^^^^^^^^^^^^^^^^^^^^^^^^^^^^^^^^
  File "C:\Users\bobby\AppData\Local\Programs\Python\Python312\Lib\site-packages\django\utils\decorators.py", line 192, in _view_wrapper
    result = _process_exception(request, e)
             ^^^^^^^^^^^^^^^^^^^^^^^^^^^^^^
  File "C:\Users\bobby\AppData\Local\Programs\Python\Python312\Lib\site-packages\django\utils\decorators.py", line 190, in _view_wrapper
    response = view_func(request, *args, **kwargs)
               ^^^^^^^^^^^^^^^^^^^^^^^^^^^^^^^^^^^
  File "C:\Users\bobby\AppData\Local\Programs\Python\Python312\Lib\site-packages\django\views\decorators\cache.py", line 80, in _view_wrapper
    response = view_func(request, *args, **kwargs)
               ^^^^^^^^^^^^^^^^^^^^^^^^^^^^^^^^^^^
  File "C:\Users\bobby\AppData\Local\Programs\Python\Python312\Lib\site-packages\django\contrib\admin\sites.py", line 246, in inner
    return view(request, *args, **kwargs)
           ^^^^^^^^^^^^^^^^^^^^^^^^^^^^^^
  File "C:\Users\bobby\AppData\Local\Programs\Python\Python312\Lib\site-packages\django\contrib\admin\options.py", line 1984, in add_view
    return self.changeform_view(request, None, form_url, extra_context)
           ^^^^^^^^^^^^^^^^^^^^^^^^^^^^^^^^^^^^^^^^^^^^^^^^^^^^^^^^^^^^
  File "C:\Users\bobby\AppData\Local\Programs\Python\Python312\Lib\site-packages\django\utils\decorators.py", line 48, in _wrapper
    return bound_method(*args, **kwargs)
           ^^^^^^^^^^^^^^^^^^^^^^^^^^^^^
  File "C:\Users\bobby\AppData\Local\Programs\Python\Python312\Lib\site-packages\django\utils\decorators.py", line 192, in _view_wrapper
    result = _process_exception(request, e)
             ^^^^^^^^^^^^^^^^^^^^^^^^^^^^^^
  File "C:\Users\bobby\AppData\Local\Programs\Python\Python312\Lib\site-packages\django\utils\decorators.py", line 190, in _view_wrapper
    response = view_func(request, *args, **kwargs)
               ^^^^^^^^^^^^^^^^^^^^^^^^^^^^^^^^^^^
  File "C:\Users\bobby\AppData\Local\Programs\Python\Python312\Lib\site-packages\django\contrib\admin\options.py", line 1843, in changeform_view
    return self._changeform_view(request, object_id, form_url, extra_context)
           ^^^^^^^^^^^^^^^^^^^^^^^^^^^^^^^^^^^^^^^^^^^^^^^^^^^^^^^^^^^^^^^^^^
  File "C:\Users\bobby\AppData\Local\Programs\Python\Python312\Lib\site-packages\django\contrib\admin\options.py", line 1894, in _changeform_view
    self.save_model(request, new_object, form, not add)
  File "C:\Users\bobby\AppData\Local\Programs\Python\Python312\Lib\site-packages\django\contrib\admin\options.py", line 1314, in save_model
    obj.save()
  File "C:\Users\bobby\AppData\Local\Programs\Python\Python312\Lib\site-packages\django\db\models\base.py", line 902, in save
    self.save_base(
  File "C:\Users\bobby\AppData\Local\Programs\Python\Python312\Lib\site-packages\django\db\models\base.py", line 1008, in save_base
    updated = self._save_table(
              ^^^^^^^^^^^^^^^^^
  File "C:\Users\bobby\AppData\Local\Programs\Python\Python312\Lib\site-packages\django\db\models\base.py", line 1169, in _save_table
    results = self._do_insert(
              ^^^^^^^^^^^^^^^^
  File "C:\Users\bobby\AppData\Local\Programs\Python\Python312\Lib\site-packages\django\db\models\base.py", line 1210, in _do_insert
    return manager._insert(
           ^^^^^^^^^^^^^^^^
  File "C:\Users\bobby\AppData\Local\Programs\Python\Python312\Lib\site-packages\django\db\models\manager.py", line 87, in manager_method
    return getattr(self.get_queryset(), name)(*args, **kwargs)
           ^^^^^^^^^^^^^^^^^^^^^^^^^^^^^^^^^^^^^^^^^^^^^^^^^^^
  File "C:\Users\bobby\AppData\Local\Programs\Python\Python312\Lib\site-packages\django\db\models\query.py", line 1868, in _insert
    return query.get_compiler(using=using).execute_sql(returning_fields)
           ^^^^^^^^^^^^^^^^^^^^^^^^^^^^^^^^^^^^^^^^^^^^^^^^^^^^^^^^^^^^^
  File "C:\Users\bobby\AppData\Local\Programs\Python\Python312\Lib\site-packages\django\db\models\sql\compiler.py", line 1882, in execute_sql
    cursor.execute(sql, params)
  File "C:\Users\bobby\AppData\Local\Programs\Python\Python312\Lib\site-packages\django\db\backends\utils.py", line 122, in execute
    return super().execute(sql, params)
           ^^^^^^^^^^^^^^^^^^^^^^^^^^^^
  File "C:\Users\bobby\AppData\Local\Programs\Python\Python312\Lib\site-packages\django\db\backends\utils.py", line 79, in execute
    return self._execute_with_wrappers(
           ^^^^^^^^^^^^^^^^^^^^^^^^^^^^
  File "C:\Users\bobby\AppData\Local\Programs\Python\Python312\Lib\site-packages\django\db\backends\utils.py", line 92, in _execute_with_wrappers
    return executor(sql, params, many, context)
           ^^^^^^^^^^^^^^^^^^^^^^^^^^^^^^^^^^^^
  File "C:\Users\bobby\AppData\Local\Programs\Python\Python312\Lib\site-packages\django\db\backends\utils.py", line 100, in _execute
    with self.db.wrap_database_errors:
         ^^^^^^^^^^^^^^^^^^^^^^^^^^^^
  File "C:\Users\bobby\AppData\Local\Programs\Python\Python312\Lib\site-packages\django\db\utils.py", line 91, in __exit__
    raise dj_exc_value.with_traceback(traceback) from exc_value
  File "C:\Users\bobby\AppData\Local\Programs\Python\Python312\Lib\site-packages\django\db\backends\utils.py", line 105, in _execute
    return self.cursor.execute(sql, params)
           ^^^^^^^^^^^^^^^^^^^^^^^^^^^^^^^^
  File "C:\Users\bobby\AppData\Local\Programs\Python\Python312\Lib\site-packages\django\db\backends\sqlite3\base.py", line 360, in execute
    return super().execute(query, params)
           ^^^^^^^^^^^^^^^^^^^^^^^^^^^^^^
django.db.utils.OperationalError: table notifications has no column named description
ERROR 2025-12-20 12:39:57,005 basehttp 13932 7776 "POST /admin/notifications/notification/add/ HTTP/1.1" 500 215694
WARNING 2025-12-20 12:39:58,618 log 13932 7776 Not Found: /sw.js
WARNING 2025-12-20 12:39:58,619 basehttp 13932 7776 "GET /sw.js HTTP/1.1" 404 2681
INFO 2025-12-20 12:40:40,675 autoreload 14428 14052 Watching for file changes with StatReloader
INFO 2025-12-20 12:40:45,527 basehttp 14428 14892 "GET /admin/notifications/notification/add/ HTTP/1.1" 200 73515
ERROR 2025-12-20 12:40:47,039 log 14428 14892 Internal Server Error: /admin/notifications/notification/add/
Traceback (most recent call last):
  File "C:\Users\bobby\AppData\Local\Programs\Python\Python312\Lib\site-packages\django\db\backends\utils.py", line 105, in _execute
    return self.cursor.execute(sql, params)
           ^^^^^^^^^^^^^^^^^^^^^^^^^^^^^^^^
  File "C:\Users\bobby\AppData\Local\Programs\Python\Python312\Lib\site-packages\django\db\backends\sqlite3\base.py", line 360, in execute
    return super().execute(query, params)
           ^^^^^^^^^^^^^^^^^^^^^^^^^^^^^^
sqlite3.OperationalError: table notifications has no column named description

The above exception was the direct cause of the following exception:

Traceback (most recent call last):
  File "C:\Users\bobby\AppData\Local\Programs\Python\Python312\Lib\site-packages\django\core\handlers\exception.py", line 55, in inner
    response = get_response(request)
               ^^^^^^^^^^^^^^^^^^^^^
  File "C:\Users\bobby\AppData\Local\Programs\Python\Python312\Lib\site-packages\django\core\handlers\base.py", line 197, in _get_response
    response = wrapped_callback(request, *callback_args, **callback_kwargs)
               ^^^^^^^^^^^^^^^^^^^^^^^^^^^^^^^^^^^^^^^^^^^^^^^^^^^^^^^^^^^^
  File "C:\Users\bobby\AppData\Local\Programs\Python\Python312\Lib\site-packages\django\contrib\admin\options.py", line 719, in wrapper
    return self.admin_site.admin_view(view)(*args, **kwargs)
           ^^^^^^^^^^^^^^^^^^^^^^^^^^^^^^^^^^^^^^^^^^^^^^^^^
  File "C:\Users\bobby\AppData\Local\Programs\Python\Python312\Lib\site-packages\django\utils\decorators.py", line 192, in _view_wrapper
    result = _process_exception(request, e)
             ^^^^^^^^^^^^^^^^^^^^^^^^^^^^^^
  File "C:\Users\bobby\AppData\Local\Programs\Python\Python312\Lib\site-packages\django\utils\decorators.py", line 190, in _view_wrapper
    response = view_func(request, *args, **kwargs)
               ^^^^^^^^^^^^^^^^^^^^^^^^^^^^^^^^^^^
  File "C:\Users\bobby\AppData\Local\Programs\Python\Python312\Lib\site-packages\django\views\decorators\cache.py", line 80, in _view_wrapper
    response = view_func(request, *args, **kwargs)
               ^^^^^^^^^^^^^^^^^^^^^^^^^^^^^^^^^^^
  File "C:\Users\bobby\AppData\Local\Programs\Python\Python312\Lib\site-packages\django\contrib\admin\sites.py", line 246, in inner
    return view(request, *args, **kwargs)
           ^^^^^^^^^^^^^^^^^^^^^^^^^^^^^^
  File "C:\Users\bobby\AppData\Local\Programs\Python\Python312\Lib\site-packages\django\contrib\admin\options.py", line 1984, in add_view
    return self.changeform_view(request, None, form_url, extra_context)
           ^^^^^^^^^^^^^^^^^^^^^^^^^^^^^^^^^^^^^^^^^^^^^^^^^^^^^^^^^^^^
  File "C:\Users\bobby\AppData\Local\Programs\Python\Python312\Lib\site-packages\django\utils\decorators.py", line 48, in _wrapper
    return bound_method(*args, **kwargs)
           ^^^^^^^^^^^^^^^^^^^^^^^^^^^^^
  File "C:\Users\bobby\AppData\Local\Programs\Python\Python312\Lib\site-packages\django\utils\decorators.py", line 192, in _view_wrapper
    result = _process_exception(request, e)
             ^^^^^^^^^^^^^^^^^^^^^^^^^^^^^^
  File "C:\Users\bobby\AppData\Local\Programs\Python\Python312\Lib\site-packages\django\utils\decorators.py", line 190, in _view_wrapper
    response = view_func(request, *args, **kwargs)
               ^^^^^^^^^^^^^^^^^^^^^^^^^^^^^^^^^^^
  File "C:\Users\bobby\AppData\Local\Programs\Python\Python312\Lib\site-packages\django\contrib\admin\options.py", line 1843, in changeform_view
    return self._changeform_view(request, object_id, form_url, extra_context)
           ^^^^^^^^^^^^^^^^^^^^^^^^^^^^^^^^^^^^^^^^^^^^^^^^^^^^^^^^^^^^^^^^^^
  File "C:\Users\bobby\AppData\Local\Programs\Python\Python312\Lib\site-packages\django\contrib\admin\options.py", line 1894, in _changeform_view
    self.save_model(request, new_object, form, not add)
  File "C:\Users\bobby\AppData\Local\Programs\Python\Python312\Lib\site-packages\django\contrib\admin\options.py", line 1314, in save_model
    obj.save()
  File "C:\Users\bobby\AppData\Local\Programs\Python\Python312\Lib\site-packages\django\db\models\base.py", line 902, in save
    self.save_base(
  File "C:\Users\bobby\AppData\Local\Programs\Python\Python312\Lib\site-packages\django\db\models\base.py", line 1008, in save_base
    updated = self._save_table(
              ^^^^^^^^^^^^^^^^^
  File "C:\Users\bobby\AppData\Local\Programs\Python\Python312\Lib\site-packages\django\db\models\base.py", line 1169, in _save_table
    results = self._do_insert(
              ^^^^^^^^^^^^^^^^
  File "C:\Users\bobby\AppData\Local\Programs\Python\Python312\Lib\site-packages\django\db\models\base.py", line 1210, in _do_insert
    return manager._insert(
           ^^^^^^^^^^^^^^^^
  File "C:\Users\bobby\AppData\Local\Programs\Python\Python312\Lib\site-packages\django\db\models\manager.py", line 87, in manager_method
    return getattr(self.get_queryset(), name)(*args, **kwargs)
           ^^^^^^^^^^^^^^^^^^^^^^^^^^^^^^^^^^^^^^^^^^^^^^^^^^^
  File "C:\Users\bobby\AppData\Local\Programs\Python\Python312\Lib\site-packages\django\db\models\query.py", line 1868, in _insert
    return query.get_compiler(using=using).execute_sql(returning_fields)
           ^^^^^^^^^^^^^^^^^^^^^^^^^^^^^^^^^^^^^^^^^^^^^^^^^^^^^^^^^^^^^
  File "C:\Users\bobby\AppData\Local\Programs\Python\Python312\Lib\site-packages\django\db\models\sql\compiler.py", line 1882, in execute_sql
    cursor.execute(sql, params)
  File "C:\Users\bobby\AppData\Local\Programs\Python\Python312\Lib\site-packages\django\db\backends\utils.py", line 122, in execute
    return super().execute(sql, params)
           ^^^^^^^^^^^^^^^^^^^^^^^^^^^^
  File "C:\Users\bobby\AppData\Local\Programs\Python\Python312\Lib\site-packages\django\db\backends\utils.py", line 79, in execute
    return self._execute_with_wrappers(
           ^^^^^^^^^^^^^^^^^^^^^^^^^^^^
  File "C:\Users\bobby\AppData\Local\Programs\Python\Python312\Lib\site-packages\django\db\backends\utils.py", line 92, in _execute_with_wrappers
    return executor(sql, params, many, context)
           ^^^^^^^^^^^^^^^^^^^^^^^^^^^^^^^^^^^^
  File "C:\Users\bobby\AppData\Local\Programs\Python\Python312\Lib\site-packages\django\db\backends\utils.py", line 100, in _execute
    with self.db.wrap_database_errors:
         ^^^^^^^^^^^^^^^^^^^^^^^^^^^^
  File "C:\Users\bobby\AppData\Local\Programs\Python\Python312\Lib\site-packages\django\db\utils.py", line 91, in __exit__
    raise dj_exc_value.with_traceback(traceback) from exc_value
  File "C:\Users\bobby\AppData\Local\Programs\Python\Python312\Lib\site-packages\django\db\backends\utils.py", line 105, in _execute
    return self.cursor.execute(sql, params)
           ^^^^^^^^^^^^^^^^^^^^^^^^^^^^^^^^
  File "C:\Users\bobby\AppData\Local\Programs\Python\Python312\Lib\site-packages\django\db\backends\sqlite3\base.py", line 360, in execute
    return super().execute(query, params)
           ^^^^^^^^^^^^^^^^^^^^^^^^^^^^^^
django.db.utils.OperationalError: table notifications has no column named description
ERROR 2025-12-20 12:40:47,052 basehttp 14428 14892 "POST /admin/notifications/notification/add/ HTTP/1.1" 500 215694
WARNING 2025-12-20 12:40:47,143 log 14428 14892 Not Found: /sw.js
WARNING 2025-12-20 12:40:47,144 basehttp 14428 14892 "GET /sw.js HTTP/1.1" 404 2681
WARNING 2025-12-20 12:40:48,726 log 14428 14892 Not Found: /sw.js
WARNING 2025-12-20 12:40:48,727 basehttp 14428 14892 "GET /sw.js HTTP/1.1" 404 2681
INFO 2025-12-20 12:44:12,882 autoreload 9856 16040 Watching for file changes with StatReloader
INFO 2025-12-20 12:44:19,495 basehttp 9856 14772 "GET /admin/notifications/notification/add/ HTTP/1.1" 200 73515
WARNING 2025-12-20 12:44:21,093 log 9856 14772 Not Found: /sw.js
WARNING 2025-12-20 12:44:21,094 basehttp 9856 14772 "GET /sw.js HTTP/1.1" 404 2681
INFO 2025-12-20 12:44:21,803 basehttp 9856 14772 "GET /admin/notifications/notification/add/ HTTP/1.1" 200 73515
INFO 2025-12-20 12:44:22,859 basehttp 9856 14772 "GET /admin/notifications/notification/add/ HTTP/1.1" 200 73515
INFO 2025-12-20 12:44:22,884 basehttp 9856 14772 "GET /admin/jsi18n/ HTTP/1.1" 200 3342
INFO 2025-12-20 12:44:24,373 basehttp 9856 14772 "GET /admin/notifications/notification/add/ HTTP/1.1" 200 73515
INFO 2025-12-20 12:44:24,400 basehttp 9856 14772 "GET /admin/jsi18n/ HTTP/1.1" 200 3342
WARNING 2025-12-20 12:44:24,475 log 9856 14772 Not Found: /sw.js
WARNING 2025-12-20 12:44:24,476 basehttp 9856 14772 "GET /sw.js HTTP/1.1" 404 2681
WARNING 2025-12-20 12:44:26,000 log 9856 14772 Not Found: /sw.js
WARNING 2025-12-20 12:44:26,001 basehttp 9856 14772 "GET /sw.js HTTP/1.1" 404 2681
INFO 2025-12-20 12:44:29,672 basehttp 9856 14772 "POST /admin/notifications/notification/add/ HTTP/1.1" 302 0
INFO 2025-12-20 12:44:29,770 basehttp 9856 14772 "GET /admin/notifications/notification/ HTTP/1.1" 200 72554
INFO 2025-12-20 12:44:29,800 basehttp 9856 14772 "GET /admin/jsi18n/ HTTP/1.1" 200 3342
INFO 2025-12-20 12:44:29,919 basehttp 9856 14772 "GET /static/admin/img/icon-yes.svg HTTP/1.1" 200 436
WARNING 2025-12-20 12:44:31,429 log 9856 14772 Not Found: /sw.js
WARNING 2025-12-20 12:44:31,429 basehttp 9856 14772 "GET /sw.js HTTP/1.1" 404 2681
INFO 2025-12-20 12:44:31,693 basehttp 9856 14772 "GET /admin/notifications/notification/add/ HTTP/1.1" 200 73515
INFO 2025-12-20 12:44:31,719 basehttp 9856 14772 "GET /admin/jsi18n/ HTTP/1.1" 200 3342
WARNING 2025-12-20 12:44:33,316 log 9856 14772 Not Found: /sw.js
WARNING 2025-12-20 12:44:33,317 basehttp 9856 14772 "GET /sw.js HTTP/1.1" 404 2681
INFO 2025-12-20 12:44:37,663 basehttp 9856 14772 "POST /admin/notifications/notification/add/ HTTP/1.1" 302 0
INFO 2025-12-20 12:44:37,713 basehttp 9856 14772 "GET /admin/notifications/notification/ HTTP/1.1" 200 72889
INFO 2025-12-20 12:44:37,738 basehttp 9856 14772 "GET /admin/jsi18n/ HTTP/1.1" 200 3342
WARNING 2025-12-20 12:44:39,316 log 9856 14772 Not Found: /sw.js
WARNING 2025-12-20 12:44:39,316 basehttp 9856 14772 "GET /sw.js HTTP/1.1" 404 2681
WARNING 2025-12-20 12:44:56,655 log 9856 14772 Not Found: /api/v1/
WARNING 2025-12-20 12:44:56,657 basehttp 9856 14772 "GET /api/v1/ HTTP/1.1" 404 6279
WARNING 2025-12-20 12:44:58,685 log 9856 14772 Not Found: /sw.js
WARNING 2025-12-20 12:44:58,686 basehttp 9856 14772 "GET /sw.js HTTP/1.1" 404 2681
WARNING 2025-12-20 12:45:06,128 log 9856 14772 Not Found: /api/v1/notifications/
WARNING 2025-12-20 12:45:06,129 basehttp 9856 14772 "GET /api/v1/notifications/ HTTP/1.1" 404 7243
WARNING 2025-12-20 12:45:07,683 log 9856 14772 Not Found: /sw.js
WARNING 2025-12-20 12:45:07,684 basehttp 9856 14772 "GET /sw.js HTTP/1.1" 404 2681
INFO 2025-12-20 12:45:15,833 basehttp 9856 14772 "GET /api/v1/notifications/notifications/ HTTP/1.1" 200 266
WARNING 2025-12-20 12:45:17,569 log 9856 14772 Not Found: /sw.js
WARNING 2025-12-20 12:45:17,569 basehttp 9856 14772 "GET /sw.js HTTP/1.1" 404 2681
WARNING 2025-12-20 12:45:24,771 log 9856 14772 Not Found: /sw.js
WARNING 2025-12-20 12:45:24,771 basehttp 9856 14772 "GET /sw.js HTTP/1.1" 404 2681
INFO 2025-12-20 12:45:34,816 basehttp 9856 14772 "GET /api/v1/notifications/notifications/offers/ HTTP/1.1" 200 159
WARNING 2025-12-20 12:45:36,385 log 9856 14772 Not Found: /sw.js
WARNING 2025-12-20 12:45:36,385 basehttp 9856 14772 "GET /sw.js HTTP/1.1" 404 2681
INFO 2025-12-20 12:46:00,364 basehttp 9856 14772 "GET /api/v1/notifications/notifications/ HTTP/1.1" 200 266
WARNING 2025-12-20 12:46:01,932 log 9856 14772 Not Found: /sw.js
WARNING 2025-12-20 12:46:01,933 basehttp 9856 14772 "GET /sw.js HTTP/1.1" 404 2681
INFO 2025-12-20 12:49:25,330 basehttp 9856 14684 "GET /api/v1/notes/flashcards/ HTTP/1.1" 200 1813
WARNING 2025-12-20 12:49:27,825 log 9856 5776 Not Found: /api/v1/auth/home
WARNING 2025-12-20 12:49:27,829 basehttp 9856 5776 "GET /api/v1/auth/home HTTP/1.1" 404 6306
INFO 2025-12-20 12:49:27,829 basehttp 9856 10016 "GET /api/v1/quizzes/questions/?date=2025-12-20 HTTP/1.1" 200 52
INFO 2025-12-20 12:49:27,875 basehttp 9856 4396 "GET /api/v1/courses/courses/stats/ HTTP/1.1" 200 1573
INFO 2025-12-20 12:49:27,904 basehttp 9856 7556 "GET /api/v1/universities/universities/stats/ HTTP/1.1" 200 6574
INFO 2025-12-20 12:49:29,814 basehttp 9856 4396 "GET /api/v1/notifications/notifications/ HTTP/1.1" 200 266
INFO 2025-12-20 12:49:29,816 basehttp 9856 7556 "GET /api/v1/notifications/notifications/offers/ HTTP/1.1" 200 159
INFO 2025-12-20 12:51:34,303 basehttp 9856 14684 "GET /api/v1/notes/flashcards/ HTTP/1.1" 200 1813
WARNING 2025-12-20 12:51:35,323 log 9856 7556 Not Found: /api/v1/auth/home
WARNING 2025-12-20 12:51:35,324 basehttp 9856 7556 "GET /api/v1/auth/home HTTP/1.1" 404 6306
INFO 2025-12-20 12:51:35,342 basehttp 9856 5776 "GET /api/v1/quizzes/questions/?date=2025-12-20 HTTP/1.1" 200 52
INFO 2025-12-20 12:51:35,392 basehttp 9856 10016 "GET /api/v1/courses/courses/stats/ HTTP/1.1" 200 1573
INFO 2025-12-20 12:51:35,394 basehttp 9856 4396 "GET /api/v1/universities/universities/stats/ HTTP/1.1" 200 6574
INFO 2025-12-20 12:51:38,086 basehttp 9856 10016 "GET /api/v1/notifications/notifications/ HTTP/1.1" 200 266
INFO 2025-12-20 12:51:38,089 basehttp 9856 4396 "GET /api/v1/notifications/notifications/offers/ HTTP/1.1" 200 159
WARNING 2025-12-20 12:51:44,227 log 9856 4396 Not Found: /api/v1/auth/home
WARNING 2025-12-20 12:51:44,230 basehttp 9856 4396 "GET /api/v1/auth/home HTTP/1.1" 404 6306
INFO 2025-12-20 12:51:44,230 basehttp 9856 7556 "GET /api/v1/quizzes/questions/?date=2025-12-20 HTTP/1.1" 200 52
INFO 2025-12-20 12:51:44,286 basehttp 9856 5776 "GET /api/v1/courses/courses/stats/ HTTP/1.1" 200 1573
INFO 2025-12-20 12:51:44,286 basehttp 9856 10016 "GET /api/v1/universities/universities/stats/ HTTP/1.1" 200 6574
INFO 2025-12-20 12:51:52,997 basehttp 9856 4640 "GET /admin/notifications/notification/ HTTP/1.1" 200 72642
INFO 2025-12-20 12:51:54,844 basehttp 9856 4640 "GET /admin/notifications/notification/add/ HTTP/1.1" 200 73515
WARNING 2025-12-20 12:51:54,850 log 9856 15808 Not Found: /sw.js
WARNING 2025-12-20 12:51:54,851 basehttp 9856 15808 "GET /sw.js HTTP/1.1" 404 2681
INFO 2025-12-20 12:51:54,871 basehttp 9856 15808 "GET /admin/jsi18n/ HTTP/1.1" 200 3342
WARNING 2025-12-20 12:51:56,471 log 9856 15808 Not Found: /sw.js
WARNING 2025-12-20 12:51:56,472 basehttp 9856 15808 "GET /sw.js HTTP/1.1" 404 2681
INFO 2025-12-20 12:53:25,495 basehttp 9856 15808 "POST /admin/notifications/notification/add/ HTTP/1.1" 302 0
INFO 2025-12-20 12:53:25,543 basehttp 9856 15808 "GET /admin/notifications/notification/ HTTP/1.1" 200 73283
INFO 2025-12-20 12:53:25,572 basehttp 9856 15808 "GET /admin/jsi18n/ HTTP/1.1" 200 3342
WARNING 2025-12-20 12:53:27,154 log 9856 15808 Not Found: /sw.js
WARNING 2025-12-20 12:53:27,155 basehttp 9856 15808 "GET /sw.js HTTP/1.1" 404 2681
INFO 2025-12-20 12:53:32,683 basehttp 9856 14684 "GET /api/v1/notes/flashcards/ HTTP/1.1" 200 1813
WARNING 2025-12-20 12:53:45,218 log 9856 10016 Not Found: /api/v1/auth/home
WARNING 2025-12-20 12:53:45,221 basehttp 9856 10016 "GET /api/v1/auth/home HTTP/1.1" 404 6306
INFO 2025-12-20 12:53:45,227 basehttp 9856 4396 "GET /api/v1/quizzes/questions/?date=2025-12-20 HTTP/1.1" 200 52
INFO 2025-12-20 12:53:45,258 basehttp 9856 5776 "GET /api/v1/universities/universities/stats/ HTTP/1.1" 200 6574
INFO 2025-12-20 12:53:45,285 basehttp 9856 7556 "GET /api/v1/courses/courses/stats/ HTTP/1.1" 200 1573
INFO 2025-12-20 12:53:47,527 basehttp 9856 7556 "GET /api/v1/notifications/notifications/offers/ HTTP/1.1" 200 1189
INFO 2025-12-20 12:53:47,529 basehttp 9856 5776 "GET /api/v1/notifications/notifications/ HTTP/1.1" 200 1296
WARNING 2025-12-20 12:53:59,535 log 9856 5776 Not Found: /api/v1/auth/home
WARNING 2025-12-20 12:53:59,536 basehttp 9856 5776 "GET /api/v1/auth/home HTTP/1.1" 404 6306
INFO 2025-12-20 12:53:59,539 basehttp 9856 10016 "GET /api/v1/quizzes/questions/?date=2025-12-20 HTTP/1.1" 200 52
INFO 2025-12-20 12:53:59,576 basehttp 9856 4396 "GET /api/v1/courses/courses/stats/ HTTP/1.1" 200 1573
INFO 2025-12-20 12:53:59,605 basehttp 9856 7556 "GET /api/v1/universities/universities/stats/ HTTP/1.1" 200 6574
INFO 2025-12-20 12:54:05,157 basehttp 9856 7556 "GET /api/v1/notes/categories/ HTTP/1.1" 200 104
WARNING 2025-12-20 12:54:15,242 log 9856 7556 Not Found: /api/v1/users/users/by-email/
WARNING 2025-12-20 12:54:15,242 basehttp 9856 7556 "GET /api/v1/users/users/by-email/?email=bobbykboseoffice%40gmail.com HTTP/1.1" 404 44
INFO 2025-12-20 12:57:40,787 autoreload 9856 16040 X:\edvoyage-backup-cursor\backend\edvoayge\users\views.py changed, reloading.
INFO 2025-12-20 12:57:42,601 autoreload 4596 11748 Watching for file changes with StatReloader
INFO 2025-12-20 12:58:20,932 autoreload 15416 4296 Watching for file changes with StatReloader
INFO 2025-12-20 12:58:27,070 basehttp 15416 11052 "GET /api/v1/users/users/by-email/?email=bobbykboseoffice%40gmail.com HTTP/1.1" 200 44
WARNING 2025-12-20 12:58:38,291 log 15416 11052 Not Found: /api/v1/users/upload-profile-image/
WARNING 2025-12-20 12:58:38,292 basehttp 15416 11052 "POST /api/v1/users/upload-profile-image/ HTTP/1.1" 404 44
INFO 2025-12-20 12:58:46,972 basehttp 15416 11052 "OPTIONS /api/v1/bookmarks/universities/ HTTP/1.1" 200 0
INFO 2025-12-20 12:58:47,027 basehttp 15416 7776 "GET /api/v1/bookmarks/universities/ HTTP/1.1" 200 6533
INFO 2025-12-20 12:58:47,073 basehttp 15416 7776 "GET /api/v1/bookmarks/universities/ HTTP/1.1" 200 6533
INFO 2025-12-20 12:58:47,310 basehttp 15416 7776 "GET //media/universities/logos/fast_api_drIdvgZ.png HTTP/1.1" 200 1091903
INFO 2025-12-20 12:58:47,311 basehttp 15416 7776 "OPTIONS /api/v1/bookmarks/courses/ HTTP/1.1" 200 0
INFO 2025-12-20 12:58:47,339 basehttp 15416 7776 "GET /api/v1/bookmarks/courses/ HTTP/1.1" 200 546
INFO 2025-12-20 12:58:47,345 basehttp 15416 11052 "GET //media/universities/logos/fast_api.png HTTP/1.1" 200 1091903
INFO 2025-12-20 12:58:53,642 basehttp 15416 11052 "GET /api/v1/bookmarks/universities/ HTTP/1.1" 200 6533
INFO 2025-12-20 12:58:53,965 basehttp 15416 11052 "GET /api/v1/bookmarks/courses/ HTTP/1.1" 200 546
INFO 2025-12-20 12:58:55,068 basehttp 15416 11052 "GET /api/v1/bookmarks/courses/ HTTP/1.1" 200 546
INFO 2025-12-20 12:58:55,382 basehttp 15416 11052 "GET /api/v1/bookmarks/universities/ HTTP/1.1" 200 6533
INFO 2025-12-20 12:58:56,209 basehttp 15416 11052 "GET /api/v1/applications/applications/ HTTP/1.1" 200 1175
WARNING 2025-12-20 12:59:05,830 log 15416 11052 Not Found: /api/v1/users/upload-profile-image/
WARNING 2025-12-20 12:59:05,831 basehttp 15416 11052 "POST /api/v1/users/upload-profile-image/ HTTP/1.1" 404 44
INFO 2025-12-20 13:36:13,944 basehttp 15416 15352 "GET /api/v1/notes/flashcards/ HTTP/1.1" 200 1813
WARNING 2025-12-20 13:36:15,935 log 15416 15356 Not Found: /api/v1/auth/home
WARNING 2025-12-20 13:36:15,946 basehttp 15416 15356 "GET /api/v1/auth/home HTTP/1.1" 404 6306
INFO 2025-12-20 13:36:15,967 basehttp 15416 3700 "GET /api/v1/quizzes/questions/?date=2025-12-20 HTTP/1.1" 200 52
INFO 2025-12-20 13:36:16,026 basehttp 15416 15412 "GET /api/v1/courses/courses/stats/ HTTP/1.1" 200 1573
INFO 2025-12-20 13:36:16,028 basehttp 15416 7100 "GET /api/v1/universities/universities/stats/ HTTP/1.1" 200 6574
INFO 2025-12-20 13:36:20,939 basehttp 15416 7100 "GET /api/v1/users/users/by-email/?email=bobbykboseoffice%40gmail.com HTTP/1.1" 200 44
WARNING 2025-12-20 13:36:27,864 log 15416 7100 Not Found: /api/v1/users/upload-profile-image/
WARNING 2025-12-20 13:36:27,865 basehttp 15416 7100 "POST /api/v1/users/upload-profile-image/ HTTP/1.1" 404 44
INFO 2025-12-20 13:38:55,484 autoreload 15416 4296 X:\edvoyage-backup-cursor\backend\edvoayge\users\views.py changed, reloading.
INFO 2025-12-20 13:38:57,205 autoreload 7276 15992 Watching for file changes with StatReloader
INFO 2025-12-20 13:44:20,213 autoreload 15356 15828 Watching for file changes with StatReloader
INFO 2025-12-20 13:45:18,778 basehttp 15356 8908 "GET /api/v1/notes/flashcards/ HTTP/1.1" 200 1813
WARNING 2025-12-20 13:45:20,341 log 15356 16300 Not Found: /api/v1/auth/home
WARNING 2025-12-20 13:45:20,344 basehttp 15356 16300 "GET /api/v1/auth/home HTTP/1.1" 404 6306
INFO 2025-12-20 13:45:20,350 basehttp 15356 16136 "GET /api/v1/quizzes/questions/?date=2025-12-20 HTTP/1.1" 200 52
INFO 2025-12-20 13:45:20,412 basehttp 15356 10236 "GET /api/v1/universities/universities/stats/ HTTP/1.1" 200 6574
INFO 2025-12-20 13:45:20,420 basehttp 15356 15856 "GET /api/v1/courses/courses/stats/ HTTP/1.1" 200 1573
INFO 2025-12-20 13:45:40,080 basehttp 15356 15856 "GET /api/v1/users/users/by-email/?email=bobbykboseoffice%40gmail.com HTTP/1.1" 200 902
INFO 2025-12-20 13:45:47,036 basehttp 15356 15856 "POST /api/v1/users/upload-profile-image/ HTTP/1.1" 200 1042
INFO 2025-12-20 13:45:47,073 basehttp 15356 15856 "GET /api/v1/users/users/by-email/?email=bobbykboseoffice%40gmail.com HTTP/1.1" 200 1008
INFO 2025-12-20 13:45:47,247 basehttp 15356 15856 "GET /media/profiles/scaled_Screenshot_2025-10-28_223903.png HTTP/1.1" 200 139932
INFO 2025-12-20 13:45:47,251 basehttp 15356 10236 "GET /media/profiles/scaled_Screenshot_2025-10-28_223903.png HTTP/1.1" 304 0
INFO 2025-12-20 13:45:51,362 basehttp 15356 8908 "GET /api/v1/feed/categories/ HTTP/1.1" 200 47
INFO 2025-12-20 13:45:51,568 basehttp 15356 8908 "GET /api/v1/feed/posts/all/1/ HTTP/1.1" 200 3776
INFO 2025-12-20 13:45:53,962 basehttp 15356 10236 "GET /api/v1/users/users/by-email/?email=bobbykboseoffice%40gmail.com HTTP/1.1" 200 1008
INFO 2025-12-20 13:45:54,024 basehttp 15356 10236 "GET /media/profiles/scaled_Screenshot_2025-10-28_223903.png HTTP/1.1" 304 0
INFO 2025-12-20 13:47:02,272 basehttp 15356 3096 "GET /api/v1/notes/flashcards/ HTTP/1.1" 200 1813
WARNING 2025-12-20 13:47:03,769 log 15356 7988 Not Found: /api/v1/auth/home
WARNING 2025-12-20 13:47:03,774 basehttp 15356 7988 "GET /api/v1/auth/home HTTP/1.1" 404 6306
INFO 2025-12-20 13:47:03,793 basehttp 15356 3852 "GET /api/v1/quizzes/questions/?date=2025-12-20 HTTP/1.1" 200 52
INFO 2025-12-20 13:47:03,836 basehttp 15356 8896 "GET /api/v1/courses/courses/stats/ HTTP/1.1" 200 1573
INFO 2025-12-20 13:47:03,844 basehttp 15356 2908 "GET /api/v1/universities/universities/stats/ HTTP/1.1" 200 6574
INFO 2025-12-20 13:47:05,521 basehttp 15356 2908 "GET /api/v1/users/users/by-email/?email=bobbykboseoffice%40gmail.com HTTP/1.1" 200 1008
INFO 2025-12-20 13:47:05,659 basehttp 15356 2908 "GET /media/profiles/scaled_Screenshot_2025-10-28_223903.png HTTP/1.1" 200 139932
INFO 2025-12-20 13:47:09,380 basehttp 15356 2908 "OPTIONS /api/v1/bookmarks/universities/ HTTP/1.1" 200 0
INFO 2025-12-20 13:47:09,427 basehttp 15356 8896 "GET /api/v1/bookmarks/universities/ HTTP/1.1" 200 6533
INFO 2025-12-20 13:47:09,501 basehttp 15356 2908 "GET /api/v1/bookmarks/universities/ HTTP/1.1" 200 6533
INFO 2025-12-20 13:47:09,599 basehttp 15356 2908 "GET //media/universities/logos/fast_api_drIdvgZ.png HTTP/1.1" 200 1091903
INFO 2025-12-20 13:47:09,625 basehttp 15356 2908 "GET //media/universities/logos/fast_api.png HTTP/1.1" 200 1091903
INFO 2025-12-20 13:47:09,656 basehttp 15356 2908 "OPTIONS /api/v1/bookmarks/courses/ HTTP/1.1" 200 0
INFO 2025-12-20 13:47:09,681 basehttp 15356 2908 "GET /api/v1/bookmarks/courses/ HTTP/1.1" 200 546
INFO 2025-12-20 13:48:02,550 basehttp 15356 2908 "GET /api/v1/bookmarks/universities/ HTTP/1.1" 200 6533
INFO 2025-12-20 13:48:02,873 basehttp 15356 2908 "GET /api/v1/bookmarks/courses/ HTTP/1.1" 200 546
INFO 2025-12-20 13:48:06,007 basehttp 15356 2908 "GET /api/v1/bookmarks/courses/ HTTP/1.1" 200 546
INFO 2025-12-20 13:48:06,308 basehttp 15356 2908 "GET /api/v1/bookmarks/universities/ HTTP/1.1" 200 6533
INFO 2025-12-20 13:48:12,971 basehttp 15356 2908 "GET /api/v1/bookmarks/universities/ HTTP/1.1" 200 6533
INFO 2025-12-20 13:48:13,241 basehttp 15356 2908 "GET /api/v1/bookmarks/courses/ HTTP/1.1" 200 546
INFO 2025-12-20 13:48:28,465 basehttp 15356 2908 "GET /api/v1/bookmarks/courses/ HTTP/1.1" 200 546
INFO 2025-12-20 13:48:28,757 basehttp 15356 2908 "GET /api/v1/bookmarks/universities/ HTTP/1.1" 200 6533
INFO 2025-12-20 13:52:15,877 basehttp 15356 16228 "GET /api/v1/notes/flashcards/ HTTP/1.1" 200 1813
WARNING 2025-12-20 13:52:17,689 log 15356 276 Not Found: /api/v1/auth/home
WARNING 2025-12-20 13:52:17,692 basehttp 15356 276 "GET /api/v1/auth/home HTTP/1.1" 404 6306
INFO 2025-12-20 13:52:17,709 basehttp 15356 8564 "GET /api/v1/quizzes/questions/?date=2025-12-20 HTTP/1.1" 200 52
INFO 2025-12-20 13:52:17,752 basehttp 15356 14356 "GET /api/v1/universities/universities/stats/ HTTP/1.1" 200 6574
INFO 2025-12-20 13:52:17,767 basehttp 15356 8000 "GET /api/v1/courses/courses/stats/ HTTP/1.1" 200 1573
INFO 2025-12-20 13:52:19,048 basehttp 15356 8000 "GET /api/v1/users/users/by-email/?email=bobbykboseoffice%40gmail.com HTTP/1.1" 200 1008
INFO 2025-12-20 13:52:19,174 basehttp 15356 8000 "GET /media/profiles/scaled_Screenshot_2025-10-28_223903.png HTTP/1.1" 304 0
INFO 2025-12-20 13:52:20,999 basehttp 15356 8000 "GET /api/v1/bookmarks/universities/ HTTP/1.1" 200 6533
INFO 2025-12-20 13:52:21,046 basehttp 15356 14356 "GET /api/v1/bookmarks/universities/ HTTP/1.1" 200 6533
INFO 2025-12-20 13:52:21,083 basehttp 15356 14356 "GET /api/v1/bookmarks/courses/ HTTP/1.1" 200 546
INFO 2025-12-20 13:52:29,131 basehttp 15356 14356 "OPTIONS /api/v1/universities/universities/ HTTP/1.1" 200 0
INFO 2025-12-20 13:52:29,165 basehttp 15356 14356 "GET /api/v1/universities/universities/ HTTP/1.1" 200 6807
INFO 2025-12-20 13:52:29,397 basehttp 15356 14356 "GET /media/universities/logos/fast_api_drIdvgZ.png HTTP/1.1" 200 1091903
INFO 2025-12-20 13:52:29,462 basehttp 15356 14356 "GET /media/universities/logos/fast_api.png HTTP/1.1" 200 1091903
INFO 2025-12-20 13:56:12,493 basehttp 15356 16228 "GET /api/v1/notes/flashcards/ HTTP/1.1" 200 1813
WARNING 2025-12-20 13:56:14,162 log 15356 14356 Not Found: /api/v1/auth/home
WARNING 2025-12-20 13:56:14,163 basehttp 15356 14356 "GET /api/v1/auth/home HTTP/1.1" 404 6306
INFO 2025-12-20 13:56:14,168 basehttp 15356 276 "GET /api/v1/quizzes/questions/?date=2025-12-20 HTTP/1.1" 200 52
INFO 2025-12-20 13:56:14,203 basehttp 15356 8564 "GET /api/v1/courses/courses/stats/ HTTP/1.1" 200 1573
INFO 2025-12-20 13:56:14,225 basehttp 15356 8000 "GET /api/v1/universities/universities/stats/ HTTP/1.1" 200 6574
INFO 2025-12-20 13:56:17,754 basehttp 15356 8000 "GET /api/v1/users/users/by-email/?email=bobbykboseoffice%40gmail.com HTTP/1.1" 200 1008
INFO 2025-12-20 13:56:17,862 basehttp 15356 8000 "GET /media/profiles/scaled_Screenshot_2025-10-28_223903.png HTTP/1.1" 304 0
INFO 2025-12-20 13:56:19,493 basehttp 15356 8000 "GET /api/v1/bookmarks/universities/ HTTP/1.1" 200 6533
INFO 2025-12-20 13:56:19,537 basehttp 15356 8564 "GET /api/v1/bookmarks/universities/ HTTP/1.1" 200 6533
INFO 2025-12-20 13:56:19,604 basehttp 15356 8564 "GET /api/v1/bookmarks/courses/ HTTP/1.1" 200 546
INFO 2025-12-20 14:10:16,474 basehttp 15356 15240 "GET /api/v1/notes/flashcards/ HTTP/1.1" 200 1813
WARNING 2025-12-20 14:10:18,770 log 15356 10636 Not Found: /api/v1/auth/home
WARNING 2025-12-20 14:10:18,774 basehttp 15356 10636 "GET /api/v1/auth/home HTTP/1.1" 404 6306
INFO 2025-12-20 14:10:18,781 basehttp 15356 16092 "GET /api/v1/quizzes/questions/?date=2025-12-20 HTTP/1.1" 200 52
INFO 2025-12-20 14:10:18,835 basehttp 15356 12912 "GET /api/v1/universities/universities/stats/ HTTP/1.1" 200 6574
INFO 2025-12-20 14:10:18,836 basehttp 15356 6488 "GET /api/v1/courses/courses/stats/ HTTP/1.1" 200 1573
INFO 2025-12-20 14:10:20,255 basehttp 15356 6488 "GET /api/v1/users/users/by-email/?email=bobbykboseoffice%40gmail.com HTTP/1.1" 200 1008
INFO 2025-12-20 14:10:20,389 basehttp 15356 6488 "GET /media/profiles/scaled_Screenshot_2025-10-28_223903.png HTTP/1.1" 304 0
INFO 2025-12-20 14:10:22,024 basehttp 15356 6488 "GET /api/v1/bookmarks/universities/ HTTP/1.1" 200 6533
INFO 2025-12-20 14:10:22,072 basehttp 15356 6488 "GET /api/v1/bookmarks/universities/ HTTP/1.1" 200 6533
INFO 2025-12-20 14:10:22,109 basehttp 15356 6488 "GET /api/v1/bookmarks/courses/ HTTP/1.1" 200 546
INFO 2025-12-20 14:24:59,887 basehttp 15356 14372 "GET /api/v1/notes/flashcards/ HTTP/1.1" 200 1813
WARNING 2025-12-20 14:25:01,698 log 15356 10592 Not Found: /api/v1/auth/home
WARNING 2025-12-20 14:25:01,702 basehttp 15356 10592 "GET /api/v1/auth/home HTTP/1.1" 404 6306
INFO 2025-12-20 14:25:01,714 basehttp 15356 4520 "GET /api/v1/quizzes/questions/?date=2025-12-20 HTTP/1.1" 200 52
INFO 2025-12-20 14:25:01,749 basehttp 15356 9800 "GET /api/v1/courses/courses/stats/ HTTP/1.1" 200 1573
INFO 2025-12-20 14:25:01,761 basehttp 15356 2876 "GET /api/v1/universities/universities/stats/ HTTP/1.1" 200 6574
INFO 2025-12-20 14:25:03,732 basehttp 15356 2876 "GET /api/v1/users/users/by-email/?email=bobbykboseoffice%40gmail.com HTTP/1.1" 200 1008
INFO 2025-12-20 14:25:03,872 basehttp 15356 2876 "GET /media/profiles/scaled_Screenshot_2025-10-28_223903.png HTTP/1.1" 304 0
INFO 2025-12-20 14:25:05,528 basehttp 15356 2876 "GET /api/v1/bookmarks/universities/ HTTP/1.1" 200 6533
INFO 2025-12-20 14:25:05,569 basehttp 15356 9800 "GET /api/v1/bookmarks/universities/ HTTP/1.1" 200 6533
INFO 2025-12-20 14:25:05,616 basehttp 15356 9800 "GET /api/v1/bookmarks/courses/ HTTP/1.1" 200 546
INFO 2025-12-20 14:25:16,936 basehttp 15356 9800 "GET /api/v1/bookmarks/courses/ HTTP/1.1" 200 546
INFO 2025-12-20 14:29:41,300 basehttp 15356 9800 "GET /api/v1/applications/applications/ HTTP/1.1" 200 1175
WARNING 2025-12-20 14:29:51,858 log 15356 9800 Not Found: /api/v1/auth/home
WARNING 2025-12-20 14:29:51,860 basehttp 15356 9800 "GET /api/v1/auth/home HTTP/1.1" 404 6306
INFO 2025-12-20 14:29:51,876 basehttp 15356 10592 "GET /api/v1/quizzes/questions/?date=2025-12-20 HTTP/1.1" 200 52
INFO 2025-12-20 14:29:51,918 basehttp 15356 4520 "GET /api/v1/courses/courses/stats/ HTTP/1.1" 200 1573
INFO 2025-12-20 14:29:51,918 basehttp 15356 2876 "GET /api/v1/universities/universities/stats/ HTTP/1.1" 200 6574
INFO 2025-12-20 14:29:52,923 basehttp 15356 2876 "GET /api/v1/notes/categories/ HTTP/1.1" 200 104
INFO 2025-12-20 15:28:24,120 autoreload 3252 13608 Watching for file changes with StatReloader
INFO 2025-12-20 15:30:19,630 basehttp 3252 2616 "GET /api/v1/notes/flashcards/ HTTP/1.1" 200 1813
INFO 2025-12-20 15:30:21,308 basehttp 3252 16216 "GET /api/v1/quizzes/questions/?date=2025-12-20 HTTP/1.1" 200 52
WARNING 2025-12-20 15:30:21,338 log 3252 16248 Not Found: /api/v1/auth/home
WARNING 2025-12-20 15:30:21,341 basehttp 3252 16248 "GET /api/v1/auth/home HTTP/1.1" 404 6306
INFO 2025-12-20 15:30:21,388 basehttp 3252 16240 "GET /api/v1/universities/universities/stats/ HTTP/1.1" 200 6574
INFO 2025-12-20 15:30:21,390 basehttp 3252 16236 "GET /api/v1/courses/courses/stats/ HTTP/1.1" 200 1573
INFO 2025-12-20 21:16:58,229 autoreload 15552 15724 Watching for file changes with StatReloader
WARNING 2025-12-20 21:17:16,225 log 15552 6740 Not Found: /api/messages
WARNING 2025-12-20 21:17:16,227 basehttp 15552 6740 "GET /api/messages?email=bobbykboseoffice%40gmail.com&other_email=bobbykgggghhboseoffice%40gmail.com HTTP/1.1" 404 2788
INFO 2025-12-20 21:18:09,605 basehttp 15552 6552 "GET /api/v1/notes/flashcards/ HTTP/1.1" 200 1813
WARNING 2025-12-20 21:18:11,209 log 15552 8356 Not Found: /api/v1/auth/home
WARNING 2025-12-20 21:18:11,211 basehttp 15552 8356 "GET /api/v1/auth/home HTTP/1.1" 404 6306
INFO 2025-12-20 21:18:11,235 basehttp 15552 11420 "GET /api/v1/quizzes/questions/?date=2025-12-20 HTTP/1.1" 200 52
INFO 2025-12-20 21:18:11,291 basehttp 15552 2668 "GET /api/v1/universities/universities/stats/ HTTP/1.1" 200 6574
INFO 2025-12-20 21:18:11,297 basehttp 15552 16120 "GET /api/v1/courses/courses/stats/ HTTP/1.1" 200 1573
INFO 2025-12-20 21:18:16,163 basehttp 15552 16120 "GET /api/v1/notes/categories/ HTTP/1.1" 200 104
WARNING 2025-12-20 21:18:16,204 log 15552 6740 Not Found: /api/messages
WARNING 2025-12-20 21:18:16,206 basehttp 15552 6740 "GET /api/messages?email=bobbykboseoffice%40gmail.com&other_email=bobbykgggghhboseoffice%40gmail.com HTTP/1.1" 404 2788
INFO 2025-12-20 21:18:19,894 basehttp 15552 16120 "GET /api/v1/users/users/by-email/?email=bobbykboseoffice%40gmail.com HTTP/1.1" 200 1008
INFO 2025-12-20 21:18:20,039 basehttp 15552 16120 "GET /media/profiles/scaled_Screenshot_2025-10-28_223903.png HTTP/1.1" 200 139932
INFO 2025-12-20 21:18:23,240 basehttp 15552 6552 "GET /api/v1/feed/categories/ HTTP/1.1" 200 47
INFO 2025-12-20 21:18:23,420 basehttp 15552 6552 "GET /api/v1/feed/posts/all/1/ HTTP/1.1" 200 3776
WARNING 2025-12-20 21:18:27,753 log 15552 16120 Not Found: /api/v1/auth/home
WARNING 2025-12-20 21:18:27,753 basehttp 15552 16120 "GET /api/v1/auth/home HTTP/1.1" 404 6306
INFO 2025-12-20 21:18:27,777 basehttp 15552 8356 "GET /api/v1/quizzes/questions/?date=2025-12-20 HTTP/1.1" 200 52
INFO 2025-12-20 21:18:27,818 basehttp 15552 11420 "GET /api/v1/courses/courses/stats/ HTTP/1.1" 200 1573
INFO 2025-12-20 21:18:27,819 basehttp 15552 2668 "GET /api/v1/universities/universities/stats/ HTTP/1.1" 200 6574
INFO 2025-12-20 21:18:31,788 basehttp 15552 6552 "GET /api/v1/feed/categories/ HTTP/1.1" 200 47
INFO 2025-12-20 21:18:31,921 basehttp 15552 6552 "GET /api/v1/feed/posts/all/1/ HTTP/1.1" 200 3776
INFO 2025-12-20 21:18:38,471 basehttp 15552 2668 "OPTIONS /api/v1/universities/universities/ HTTP/1.1" 200 0
INFO 2025-12-20 21:18:38,500 basehttp 15552 2668 "GET /api/v1/universities/universities/ HTTP/1.1" 200 6807
INFO 2025-12-20 21:18:38,691 basehttp 15552 2668 "GET /media/universities/logos/fast_api_drIdvgZ.png HTTP/1.1" 200 1091903
INFO 2025-12-20 21:18:38,744 basehttp 15552 2668 "GET /media/universities/logos/fast_api.png HTTP/1.1" 200 1091903
INFO 2025-12-20 21:18:40,771 basehttp 15552 2668 "GET /media/universities/banners/college_students_coronavirus_p_1200x768_TCgYGoY.jpg HTTP/1.1" 200 26924
INFO 2025-12-20 21:18:40,935 basehttp 15552 11420 "GET /api/v1/universities/universities/2/ HTTP/1.1" 200 2426
INFO 2025-12-20 21:18:40,963 basehttp 15552 2668 "GET /api/v1/bookmarks/universities/ HTTP/1.1" 200 6533
INFO 2025-12-20 21:18:43,901 basehttp 15552 2668 "GET /api/v1/universities/universities/2/ HTTP/1.1" 200 2426
INFO 2025-12-20 21:18:45,000 basehttp 15552 2668 "GET /api/v1/courses/courses/?university_id=2 HTTP/1.1" 200 1383
INFO 2025-12-20 21:18:45,014 basehttp 15552 11420 "GET /api/v1/bookmarks/courses/ HTTP/1.1" 200 546
INFO 2025-12-20 21:18:45,652 basehttp 15552 11420 "GET /api/v1/universities/universities/2/ HTTP/1.1" 200 2426
INFO 2025-12-20 21:18:47,092 basehttp 15552 11420 "GET /api/v1/universities/universities/2/ HTTP/1.1" 200 2426
INFO 2025-12-20 21:18:48,218 basehttp 15552 2668 "GET /api/v1/bookmarks/courses/ HTTP/1.1" 200 546
INFO 2025-12-20 21:18:48,221 basehttp 15552 11420 "GET /api/v1/courses/courses/?university_id=2 HTTP/1.1" 200 1383
INFO 2025-12-20 21:18:50,591 basehttp 15552 11420 "GET /api/v1/universities/universities/2/ HTTP/1.1" 200 2426
INFO 2025-12-20 21:18:51,289 basehttp 15552 11420 "GET /api/v1/universities/universities/2/ HTTP/1.1" 200 2426
WARNING 2025-12-20 21:19:00,873 log 15552 6740 Not Found: /api/messages
WARNING 2025-12-20 21:19:00,873 basehttp 15552 6740 "GET /api/messages?email=bobbykboseoffice%40gmail.com&other_email=bobbykgggghhboseoffice%40gmail.com HTTP/1.1" 404 2788
WARNING 2025-12-20 21:19:03,213 log 15552 6740 Not Found: /api/messages
WARNING 2025-12-20 21:19:03,213 basehttp 15552 6740 "GET /api/messages?email=bobbykboseoffice%40gmail.com&other_email=bobbykgggghhboseoffice%40gmail.com HTTP/1.1" 404 2788
WARNING 2025-12-20 21:19:05,214 log 15552 6740 Not Found: /api/messages
WARNING 2025-12-20 21:19:05,214 basehttp 15552 6740 "GET /api/messages?email=bobbykboseoffice%40gmail.com&other_email=bobbykgggghhboseoffice%40gmail.com HTTP/1.1" 404 2788
WARNING 2025-12-20 21:19:07,209 log 15552 6740 Not Found: /api/messages
WARNING 2025-12-20 21:19:07,209 basehttp 15552 6740 "GET /api/messages?email=bobbykboseoffice%40gmail.com&other_email=bobbykgggghhboseoffice%40gmail.com HTTP/1.1" 404 2788
WARNING 2025-12-20 21:19:09,207 log 15552 6740 Not Found: /api/messages
WARNING 2025-12-20 21:19:09,207 basehttp 15552 6740 "GET /api/messages?email=bobbykboseoffice%40gmail.com&other_email=bobbykgggghhboseoffice%40gmail.com HTTP/1.1" 404 2788
WARNING 2025-12-20 21:19:11,210 log 15552 6740 Not Found: /api/messages
WARNING 2025-12-20 21:19:11,210 basehttp 15552 6740 "GET /api/messages?email=bobbykboseoffice%40gmail.com&other_email=bobbykgggghhboseoffice%40gmail.com HTTP/1.1" 404 2788
WARNING 2025-12-20 21:19:13,205 log 15552 6740 Not Found: /api/messages
WARNING 2025-12-20 21:19:13,206 basehttp 15552 6740 "GET /api/messages?email=bobbykboseoffice%40gmail.com&other_email=bobbykgggghhboseoffice%40gmail.com HTTP/1.1" 404 2788
WARNING 2025-12-20 21:19:15,206 log 15552 6740 Not Found: /api/messages
WARNING 2025-12-20 21:19:15,206 basehttp 15552 6740 "GET /api/messages?email=bobbykboseoffice%40gmail.com&other_email=bobbykgggghhboseoffice%40gmail.com HTTP/1.1" 404 2788
WARNING 2025-12-20 21:19:17,203 log 15552 6740 Not Found: /api/messages
WARNING 2025-12-20 21:19:17,204 basehttp 15552 6740 "GET /api/messages?email=bobbykboseoffice%40gmail.com&other_email=bobbykgggghhboseoffice%40gmail.com HTTP/1.1" 404 2788
WARNING 2025-12-20 21:19:19,210 log 15552 6740 Not Found: /api/messages
WARNING 2025-12-20 21:19:19,211 basehttp 15552 6740 "GET /api/messages?email=bobbykboseoffice%40gmail.com&other_email=bobbykgggghhboseoffice%40gmail.com HTTP/1.1" 404 2788
WARNING 2025-12-20 21:19:21,210 log 15552 6740 Not Found: /api/messages
WARNING 2025-12-20 21:19:21,211 basehttp 15552 6740 "GET /api/messages?email=bobbykboseoffice%40gmail.com&other_email=bobbykgggghhboseoffice%40gmail.com HTTP/1.1" 404 2788
WARNING 2025-12-20 21:19:23,213 log 15552 6740 Not Found: /api/messages
WARNING 2025-12-20 21:19:23,213 basehttp 15552 6740 "GET /api/messages?email=bobbykboseoffice%40gmail.com&other_email=bobbykgggghhboseoffice%40gmail.com HTTP/1.1" 404 2788
WARNING 2025-12-20 21:19:25,212 log 15552 6740 Not Found: /api/messages
WARNING 2025-12-20 21:19:25,214 basehttp 15552 6740 "GET /api/messages?email=bobbykboseoffice%40gmail.com&other_email=bobbykgggghhboseoffice%40gmail.com HTTP/1.1" 404 2788
WARNING 2025-12-20 21:19:27,212 log 15552 6740 Not Found: /api/messages
WARNING 2025-12-20 21:19:27,212 basehttp 15552 6740 "GET /api/messages?email=bobbykboseoffice%40gmail.com&other_email=bobbykgggghhboseoffice%40gmail.com HTTP/1.1" 404 2788
WARNING 2025-12-20 21:19:29,202 log 15552 6740 Not Found: /api/messages
WARNING 2025-12-20 21:19:29,203 basehttp 15552 6740 "GET /api/messages?email=bobbykboseoffice%40gmail.com&other_email=bobbykgggghhboseoffice%40gmail.com HTTP/1.1" 404 2788
WARNING 2025-12-20 21:19:31,212 log 15552 6740 Not Found: /api/messages
WARNING 2025-12-20 21:19:31,213 basehttp 15552 6740 "GET /api/messages?email=bobbykboseoffice%40gmail.com&other_email=bobbykgggghhboseoffice%40gmail.com HTTP/1.1" 404 2788
WARNING 2025-12-20 21:19:33,207 log 15552 6740 Not Found: /api/messages
WARNING 2025-12-20 21:19:33,208 basehttp 15552 6740 "GET /api/messages?email=bobbykboseoffice%40gmail.com&other_email=bobbykgggghhboseoffice%40gmail.com HTTP/1.1" 404 2788
WARNING 2025-12-20 21:19:35,204 log 15552 6740 Not Found: /api/messages
WARNING 2025-12-20 21:19:35,206 basehttp 15552 6740 "GET /api/messages?email=bobbykboseoffice%40gmail.com&other_email=bobbykgggghhboseoffice%40gmail.com HTTP/1.1" 404 2788
WARNING 2025-12-20 21:19:37,208 log 15552 6740 Not Found: /api/messages
WARNING 2025-12-20 21:19:37,209 basehttp 15552 6740 "GET /api/messages?email=bobbykboseoffice%40gmail.com&other_email=bobbykgggghhboseoffice%40gmail.com HTTP/1.1" 404 2788
WARNING 2025-12-20 21:19:39,215 log 15552 6740 Not Found: /api/messages
WARNING 2025-12-20 21:19:39,215 basehttp 15552 6740 "GET /api/messages?email=bobbykboseoffice%40gmail.com&other_email=bobbykgggghhboseoffice%40gmail.com HTTP/1.1" 404 2788
WARNING 2025-12-20 21:19:41,213 log 15552 6740 Not Found: /api/messages
WARNING 2025-12-20 21:19:41,214 basehttp 15552 6740 "GET /api/messages?email=bobbykboseoffice%40gmail.com&other_email=bobbykgggghhboseoffice%40gmail.com HTTP/1.1" 404 2788
WARNING 2025-12-20 21:19:43,207 log 15552 6740 Not Found: /api/messages
WARNING 2025-12-20 21:19:43,208 basehttp 15552 6740 "GET /api/messages?email=bobbykboseoffice%40gmail.com&other_email=bobbykgggghhboseoffice%40gmail.com HTTP/1.1" 404 2788
WARNING 2025-12-20 21:19:45,215 log 15552 6740 Not Found: /api/messages
WARNING 2025-12-20 21:19:45,218 basehttp 15552 6740 "GET /api/messages?email=bobbykboseoffice%40gmail.com&other_email=bobbykgggghhboseoffice%40gmail.com HTTP/1.1" 404 2788
WARNING 2025-12-20 21:19:47,201 log 15552 6740 Not Found: /api/messages
WARNING 2025-12-20 21:19:47,204 basehttp 15552 6740 "GET /api/messages?email=bobbykboseoffice%40gmail.com&other_email=bobbykgggghhboseoffice%40gmail.com HTTP/1.1" 404 2788
WARNING 2025-12-20 21:19:49,209 log 15552 6740 Not Found: /api/messages
WARNING 2025-12-20 21:19:49,209 basehttp 15552 6740 "GET /api/messages?email=bobbykboseoffice%40gmail.com&other_email=bobbykgggghhboseoffice%40gmail.com HTTP/1.1" 404 2788
WARNING 2025-12-20 21:19:51,211 log 15552 6740 Not Found: /api/messages
WARNING 2025-12-20 21:19:51,213 basehttp 15552 6740 "GET /api/messages?email=bobbykboseoffice%40gmail.com&other_email=bobbykgggghhboseoffice%40gmail.com HTTP/1.1" 404 2788
WARNING 2025-12-20 21:19:53,212 log 15552 6740 Not Found: /api/messages
WARNING 2025-12-20 21:19:53,212 basehttp 15552 6740 "GET /api/messages?email=bobbykboseoffice%40gmail.com&other_email=bobbykgggghhboseoffice%40gmail.com HTTP/1.1" 404 2788
WARNING 2025-12-20 21:19:55,181 log 15552 11420 Not Found: /api/v1/auth/home
WARNING 2025-12-20 21:19:55,184 basehttp 15552 11420 "GET /api/v1/auth/home HTTP/1.1" 404 6306
INFO 2025-12-20 21:19:55,193 basehttp 15552 16120 "GET /api/v1/quizzes/questions/?date=2025-12-20 HTTP/1.1" 200 52
WARNING 2025-12-20 21:19:55,221 log 15552 6740 Not Found: /api/messages
WARNING 2025-12-20 21:19:55,229 basehttp 15552 6740 "GET /api/messages?email=bobbykboseoffice%40gmail.com&other_email=bobbykgggghhboseoffice%40gmail.com HTTP/1.1" 404 2788
INFO 2025-12-20 21:19:55,245 basehttp 15552 2668 "GET /api/v1/universities/universities/stats/ HTTP/1.1" 200 6574
INFO 2025-12-20 21:19:55,252 basehttp 15552 8356 "GET /api/v1/courses/courses/stats/ HTTP/1.1" 200 1573
WARNING 2025-12-20 21:19:57,207 log 15552 6740 Not Found: /api/messages
WARNING 2025-12-20 21:19:57,208 basehttp 15552 6740 "GET /api/messages?email=bobbykboseoffice%40gmail.com&other_email=bobbykgggghhboseoffice%40gmail.com HTTP/1.1" 404 2788
INFO 2025-12-20 21:19:57,432 basehttp 15552 6552 "GET /api/v1/feed/categories/ HTTP/1.1" 200 47
INFO 2025-12-20 21:19:57,552 basehttp 15552 6552 "GET /api/v1/feed/posts/all/1/ HTTP/1.1" 200 3776
WARNING 2025-12-20 21:19:59,202 log 15552 6740 Not Found: /api/messages
WARNING 2025-12-20 21:19:59,203 basehttp 15552 6740 "GET /api/messages?email=bobbykboseoffice%40gmail.com&other_email=bobbykgggghhboseoffice%40gmail.com HTTP/1.1" 404 2788
WARNING 2025-12-20 21:20:01,208 log 15552 6740 Not Found: /api/messages
WARNING 2025-12-20 21:20:01,208 basehttp 15552 6740 "GET /api/messages?email=bobbykboseoffice%40gmail.com&other_email=bobbykgggghhboseoffice%40gmail.com HTTP/1.1" 404 2788
WARNING 2025-12-20 21:20:16,206 log 15552 6740 Not Found: /api/messages
WARNING 2025-12-20 21:20:16,206 basehttp 15552 6740 "GET /api/messages?email=bobbykboseoffice%40gmail.com&other_email=bobbykgggghhboseoffice%40gmail.com HTTP/1.1" 404 2788
WARNING 2025-12-20 21:21:16,213 log 15552 6740 Not Found: /api/messages
WARNING 2025-12-20 21:21:16,214 basehttp 15552 6740 "GET /api/messages?email=bobbykboseoffice%40gmail.com&other_email=bobbykgggghhboseoffice%40gmail.com HTTP/1.1" 404 2788
WARNING 2025-12-20 21:22:16,204 log 15552 6740 Not Found: /api/messages
WARNING 2025-12-20 21:22:16,205 basehttp 15552 6740 "GET /api/messages?email=bobbykboseoffice%40gmail.com&other_email=bobbykgggghhboseoffice%40gmail.com HTTP/1.1" 404 2788
WARNING 2025-12-20 21:23:16,208 log 15552 6740 Not Found: /api/messages
WARNING 2025-12-20 21:23:16,212 basehttp 15552 6740 "GET /api/messages?email=bobbykboseoffice%40gmail.com&other_email=bobbykgggghhboseoffice%40gmail.com HTTP/1.1" 404 2788
INFO 2025-12-20 21:23:32,297 basehttp 15552 6552 "GET /api/v1/notes/flashcards/ HTTP/1.1" 200 1813
WARNING 2025-12-20 21:23:35,184 log 15552 8356 Not Found: /api/v1/auth/home
WARNING 2025-12-20 21:23:35,187 basehttp 15552 8356 "GET /api/v1/auth/home HTTP/1.1" 404 6306
INFO 2025-12-20 21:23:35,205 basehttp 15552 11420 "GET /api/v1/quizzes/questions/?date=2025-12-20 HTTP/1.1" 200 52
INFO 2025-12-20 21:23:35,251 basehttp 15552 16120 "GET /api/v1/courses/courses/stats/ HTTP/1.1" 200 1573
INFO 2025-12-20 21:23:35,254 basehttp 15552 2668 "GET /api/v1/universities/universities/stats/ HTTP/1.1" 200 6574
INFO 2025-12-20 21:23:37,282 basehttp 15552 6552 "GET /api/v1/feed/categories/ HTTP/1.1" 200 47
INFO 2025-12-20 21:23:37,729 basehttp 15552 6552 "GET /api/v1/feed/posts/all/1/ HTTP/1.1" 200 3776
WARNING 2025-12-20 21:24:16,207 log 15552 6740 Not Found: /api/messages
WARNING 2025-12-20 21:24:16,208 basehttp 15552 6740 "GET /api/messages?email=bobbykboseoffice%40gmail.com&other_email=bobbykgggghhboseoffice%40gmail.com HTTP/1.1" 404 2788
INFO 2025-12-20 21:24:45,976 basehttp 15552 4856 "GET /api/v1/notes/flashcards/ HTTP/1.1" 200 1813
WARNING 2025-12-20 21:24:47,544 log 15552 11292 Not Found: /api/v1/auth/home
WARNING 2025-12-20 21:24:47,546 basehttp 15552 11292 "GET /api/v1/auth/home HTTP/1.1" 404 6306
INFO 2025-12-20 21:24:47,547 basehttp 15552 14644 "GET /api/v1/quizzes/questions/?date=2025-12-20 HTTP/1.1" 200 52
INFO 2025-12-20 21:24:47,584 basehttp 15552 14360 "GET /api/v1/courses/courses/stats/ HTTP/1.1" 200 1573
INFO 2025-12-20 21:24:47,607 basehttp 15552 11648 "GET /api/v1/universities/universities/stats/ HTTP/1.1" 200 6574
INFO 2025-12-20 21:24:50,956 basehttp 15552 4856 "GET /api/v1/feed/categories/ HTTP/1.1" 200 47
INFO 2025-12-20 21:24:51,467 basehttp 15552 4856 "GET /api/v1/feed/posts/all/1/ HTTP/1.1" 200 3776
WARNING 2025-12-20 21:25:16,210 log 15552 6740 Not Found: /api/messages
WARNING 2025-12-20 21:25:16,213 basehttp 15552 6740 "GET /api/messages?email=bobbykboseoffice%40gmail.com&other_email=bobbykgggghhboseoffice%40gmail.com HTTP/1.1" 404 2788
INFO 2025-12-20 21:25:22,102 basehttp 15552 4856 "GET /api/v1/notes/flashcards/ HTTP/1.1" 200 1813
WARNING 2025-12-20 21:25:23,070 log 15552 11648 Not Found: /api/v1/auth/home
INFO 2025-12-20 21:25:23,072 basehttp 15552 11292 "GET /api/v1/quizzes/questions/?date=2025-12-20 HTTP/1.1" 200 52
WARNING 2025-12-20 21:25:23,074 basehttp 15552 11648 "GET /api/v1/auth/home HTTP/1.1" 404 6306
INFO 2025-12-20 21:25:23,118 basehttp 15552 14360 "GET /api/v1/universities/universities/stats/ HTTP/1.1" 200 6574
INFO 2025-12-20 21:25:23,124 basehttp 15552 14644 "GET /api/v1/courses/courses/stats/ HTTP/1.1" 200 1573
INFO 2025-12-20 21:25:25,779 basehttp 15552 4856 "GET /api/v1/feed/categories/ HTTP/1.1" 200 47
INFO 2025-12-20 21:25:25,970 basehttp 15552 4856 "GET /api/v1/feed/posts/all/1/ HTTP/1.1" 200 3776
WARNING 2025-12-20 21:26:16,218 log 15552 6740 Not Found: /api/messages
WARNING 2025-12-20 21:26:16,219 basehttp 15552 6740 "GET /api/messages?email=bobbykboseoffice%40gmail.com&other_email=bobbykgggghhboseoffice%40gmail.com HTTP/1.1" 404 2788
WARNING 2025-12-20 21:27:16,217 log 15552 6740 Not Found: /api/messages
WARNING 2025-12-20 21:27:16,217 basehttp 15552 6740 "GET /api/messages?email=bobbykboseoffice%40gmail.com&other_email=bobbykgggghhboseoffice%40gmail.com HTTP/1.1" 404 2788
WARNING 2025-12-20 21:28:16,206 log 15552 4460 Not Found: /api/messages
WARNING 2025-12-20 21:28:16,208 basehttp 15552 4460 "GET /api/messages?email=bobbykboseoffice%40gmail.com&other_email=bobbykgggghhboseoffice%40gmail.com HTTP/1.1" 404 2788
WARNING 2025-12-20 21:29:16,206 log 15552 4460 Not Found: /api/messages
WARNING 2025-12-20 21:29:16,206 basehttp 15552 4460 "GET /api/messages?email=bobbykboseoffice%40gmail.com&other_email=bobbykgggghhboseoffice%40gmail.com HTTP/1.1" 404 2788
INFO 2025-12-20 21:30:05,317 basehttp 15552 2032 "GET /api/v1/notes/flashcards/ HTTP/1.1" 200 1813
WARNING 2025-12-20 21:30:07,611 log 15552 13728 Not Found: /api/v1/auth/home
WARNING 2025-12-20 21:30:07,615 basehttp 15552 13728 "GET /api/v1/auth/home HTTP/1.1" 404 6306
INFO 2025-12-20 21:30:07,631 basehttp 15552 14944 "GET /api/v1/quizzes/questions/?date=2025-12-20 HTTP/1.1" 200 52
INFO 2025-12-20 21:30:07,683 basehttp 15552 16540 "GET /api/v1/courses/courses/stats/ HTTP/1.1" 200 1573
INFO 2025-12-20 21:30:07,687 basehttp 15552 11104 "GET /api/v1/universities/universities/stats/ HTTP/1.1" 200 6574
INFO 2025-12-20 21:30:09,258 basehttp 15552 2032 "GET /api/v1/feed/categories/ HTTP/1.1" 200 47
INFO 2025-12-20 21:30:09,453 basehttp 15552 2032 "GET /api/v1/feed/posts/all/1/ HTTP/1.1" 200 3776
WARNING 2025-12-20 21:30:16,216 log 15552 4460 Not Found: /api/messages
WARNING 2025-12-20 21:30:16,217 basehttp 15552 4460 "GET /api/messages?email=bobbykboseoffice%40gmail.com&other_email=bobbykgggghhboseoffice%40gmail.com HTTP/1.1" 404 2788
WARNING 2025-12-20 21:31:16,219 log 15552 4460 Not Found: /api/messages
WARNING 2025-12-20 21:31:16,225 basehttp 15552 4460 "GET /api/messages?email=bobbykboseoffice%40gmail.com&other_email=bobbykgggghhboseoffice%40gmail.com HTTP/1.1" 404 2788
WARNING 2025-12-20 21:32:16,207 log 15552 4460 Not Found: /api/messages
WARNING 2025-12-20 21:32:16,207 basehttp 15552 4460 "GET /api/messages?email=bobbykboseoffice%40gmail.com&other_email=bobbykgggghhboseoffice%40gmail.com HTTP/1.1" 404 2788
WARNING 2025-12-20 21:33:16,203 log 15552 4460 Not Found: /api/messages
WARNING 2025-12-20 21:33:16,205 basehttp 15552 4460 "GET /api/messages?email=bobbykboseoffice%40gmail.com&other_email=bobbykgggghhboseoffice%40gmail.com HTTP/1.1" 404 2788
WARNING 2025-12-20 21:34:16,211 log 15552 4460 Not Found: /api/messages
WARNING 2025-12-20 21:34:16,211 basehttp 15552 4460 "GET /api/messages?email=bobbykboseoffice%40gmail.com&other_email=bobbykgggghhboseoffice%40gmail.com HTTP/1.1" 404 2788
INFO 2025-12-20 21:35:10,488 autoreload 15552 15724 X:\edvoyage-backup-cursor\backend\edvoayge\edvoayge\urls.py changed, reloading.
INFO 2025-12-20 21:35:12,198 autoreload 17296 8316 Watching for file changes with StatReloader
WARNING 2025-12-20 21:35:16,231 log 17296 5228 Not Found: /api/messages
WARNING 2025-12-20 21:35:16,231 basehttp 17296 5228 "GET /api/messages?email=bobbykboseoffice%40gmail.com&other_email=bobbykgggghhboseoffice%40gmail.com HTTP/1.1" 404 2788
WARNING 2025-12-20 21:36:16,206 log 17296 5228 Not Found: /api/messages
WARNING 2025-12-20 21:36:16,206 basehttp 17296 5228 "GET /api/messages?email=bobbykboseoffice%40gmail.com&other_email=bobbykgggghhboseoffice%40gmail.com HTTP/1.1" 404 2788
WARNING 2025-12-20 21:37:16,212 log 17296 5228 Not Found: /api/messages
WARNING 2025-12-20 21:37:16,214 basehttp 17296 5228 "GET /api/messages?email=bobbykboseoffice%40gmail.com&other_email=bobbykgggghhboseoffice%40gmail.com HTTP/1.1" 404 2788
WARNING 2025-12-20 21:38:16,204 log 17296 5228 Not Found: /api/messages
WARNING 2025-12-20 21:38:16,204 basehttp 17296 5228 "GET /api/messages?email=bobbykboseoffice%40gmail.com&other_email=bobbykgggghhboseoffice%40gmail.com HTTP/1.1" 404 2788
WARNING 2025-12-20 21:39:16,205 log 17296 5228 Not Found: /api/messages
WARNING 2025-12-20 21:39:16,206 basehttp 17296 5228 "GET /api/messages?email=bobbykboseoffice%40gmail.com&other_email=bobbykgggghhboseoffice%40gmail.com HTTP/1.1" 404 2788
WARNING 2025-12-20 21:40:16,207 log 17296 16804 Not Found: /api/messages
WARNING 2025-12-20 21:40:16,208 basehttp 17296 16804 "GET /api/messages?email=bobbykboseoffice%40gmail.com&other_email=bobbykgggghhboseoffice%40gmail.com HTTP/1.1" 404 2788
WARNING 2025-12-20 21:41:16,207 log 17296 16804 Not Found: /api/messages
WARNING 2025-12-20 21:41:16,208 basehttp 17296 16804 "GET /api/messages?email=bobbykboseoffice%40gmail.com&other_email=bobbykgggghhboseoffice%40gmail.com HTTP/1.1" 404 2788
WARNING 2025-12-20 21:42:16,205 log 17296 16804 Not Found: /api/messages
WARNING 2025-12-20 21:42:16,206 basehttp 17296 16804 "GET /api/messages?email=bobbykboseoffice%40gmail.com&other_email=bobbykgggghhboseoffice%40gmail.com HTTP/1.1" 404 2788
WARNING 2025-12-20 21:43:16,217 log 17296 16804 Not Found: /api/messages
WARNING 2025-12-20 21:43:16,217 basehttp 17296 16804 "GET /api/messages?email=bobbykboseoffice%40gmail.com&other_email=bobbykgggghhboseoffice%40gmail.com HTTP/1.1" 404 2788
WARNING 2025-12-20 21:44:16,210 log 17296 16804 Not Found: /api/messages
WARNING 2025-12-20 21:44:16,210 basehttp 17296 16804 "GET /api/messages?email=bobbykboseoffice%40gmail.com&other_email=bobbykgggghhboseoffice%40gmail.com HTTP/1.1" 404 2788
WARNING 2025-12-20 21:45:16,220 log 17296 16804 Not Found: /api/messages
WARNING 2025-12-20 21:45:16,220 basehttp 17296 16804 "GET /api/messages?email=bobbykboseoffice%40gmail.com&other_email=bobbykgggghhboseoffice%40gmail.com HTTP/1.1" 404 2788
WARNING 2025-12-20 21:46:16,209 log 17296 16804 Not Found: /api/messages
WARNING 2025-12-20 21:46:16,213 basehttp 17296 16804 "GET /api/messages?email=bobbykboseoffice%40gmail.com&other_email=bobbykgggghhboseoffice%40gmail.com HTTP/1.1" 404 2788
WARNING 2025-12-20 21:47:16,208 log 17296 16804 Not Found: /api/messages
WARNING 2025-12-20 21:47:16,208 basehttp 17296 16804 "GET /api/messages?email=bobbykboseoffice%40gmail.com&other_email=bobbykgggghhboseoffice%40gmail.com HTTP/1.1" 404 2788
WARNING 2025-12-20 21:48:16,205 log 17296 16804 Not Found: /api/messages
WARNING 2025-12-20 21:48:16,206 basehttp 17296 16804 "GET /api/messages?email=bobbykboseoffice%40gmail.com&other_email=bobbykgggghhboseoffice%40gmail.com HTTP/1.1" 404 2788
WARNING 2025-12-20 21:49:16,208 log 17296 16804 Not Found: /api/messages
WARNING 2025-12-20 21:49:16,208 basehttp 17296 16804 "GET /api/messages?email=bobbykboseoffice%40gmail.com&other_email=bobbykgggghhboseoffice%40gmail.com HTTP/1.1" 404 2788
WARNING 2025-12-20 21:50:16,208 log 17296 16804 Not Found: /api/messages
WARNING 2025-12-20 21:50:16,208 basehttp 17296 16804 "GET /api/messages?email=bobbykboseoffice%40gmail.com&other_email=bobbykgggghhboseoffice%40gmail.com HTTP/1.1" 404 2788
WARNING 2025-12-20 21:51:16,206 log 17296 16804 Not Found: /api/messages
WARNING 2025-12-20 21:51:16,206 basehttp 17296 16804 "GET /api/messages?email=bobbykboseoffice%40gmail.com&other_email=bobbykgggghhboseoffice%40gmail.com HTTP/1.1" 404 2788
WARNING 2025-12-20 21:52:16,216 log 17296 16804 Not Found: /api/messages
WARNING 2025-12-20 21:52:16,216 basehttp 17296 16804 "GET /api/messages?email=bobbykboseoffice%40gmail.com&other_email=bobbykgggghhboseoffice%40gmail.com HTTP/1.1" 404 2788
WARNING 2025-12-20 21:53:16,208 log 17296 16804 Not Found: /api/messages
WARNING 2025-12-20 21:53:16,208 basehttp 17296 16804 "GET /api/messages?email=bobbykboseoffice%40gmail.com&other_email=bobbykgggghhboseoffice%40gmail.com HTTP/1.1" 404 2788
WARNING 2025-12-20 21:54:16,213 log 17296 16804 Not Found: /api/messages
WARNING 2025-12-20 21:54:16,215 basehttp 17296 16804 "GET /api/messages?email=bobbykboseoffice%40gmail.com&other_email=bobbykgggghhboseoffice%40gmail.com HTTP/1.1" 404 2788
WARNING 2025-12-20 21:55:16,214 log 17296 16804 Not Found: /api/messages
WARNING 2025-12-20 21:55:16,214 basehttp 17296 16804 "GET /api/messages?email=bobbykboseoffice%40gmail.com&other_email=bobbykgggghhboseoffice%40gmail.com HTTP/1.1" 404 2788
WARNING 2025-12-20 21:56:16,217 log 17296 16804 Not Found: /api/messages
WARNING 2025-12-20 21:56:16,217 basehttp 17296 16804 "GET /api/messages?email=bobbykboseoffice%40gmail.com&other_email=bobbykgggghhboseoffice%40gmail.com HTTP/1.1" 404 2788
WARNING 2025-12-20 21:57:16,209 log 17296 16804 Not Found: /api/messages
WARNING 2025-12-20 21:57:16,209 basehttp 17296 16804 "GET /api/messages?email=bobbykboseoffice%40gmail.com&other_email=bobbykgggghhboseoffice%40gmail.com HTTP/1.1" 404 2788
WARNING 2025-12-20 21:58:16,213 log 17296 15676 Not Found: /api/messages
WARNING 2025-12-20 21:58:16,213 basehttp 17296 15676 "GET /api/messages?email=bobbykboseoffice%40gmail.com&other_email=bobbykgggghhboseoffice%40gmail.com HTTP/1.1" 404 2788
WARNING 2025-12-20 21:59:16,215 log 17296 15676 Not Found: /api/messages
WARNING 2025-12-20 21:59:16,217 basehttp 17296 15676 "GET /api/messages?email=bobbykboseoffice%40gmail.com&other_email=bobbykgggghhboseoffice%40gmail.com HTTP/1.1" 404 2788
WARNING 2025-12-20 22:00:16,224 log 17296 15676 Not Found: /api/messages
WARNING 2025-12-20 22:00:16,227 basehttp 17296 15676 "GET /api/messages?email=bobbykboseoffice%40gmail.com&other_email=bobbykgggghhboseoffice%40gmail.com HTTP/1.1" 404 2788
WARNING 2025-12-20 22:01:16,206 log 17296 15676 Not Found: /api/messages
WARNING 2025-12-20 22:01:16,208 basehttp 17296 15676 "GET /api/messages?email=bobbykboseoffice%40gmail.com&other_email=bobbykgggghhboseoffice%40gmail.com HTTP/1.1" 404 2788
WARNING 2025-12-20 22:02:16,208 log 17296 15676 Not Found: /api/messages
WARNING 2025-12-20 22:02:16,208 basehttp 17296 15676 "GET /api/messages?email=bobbykboseoffice%40gmail.com&other_email=bobbykgggghhboseoffice%40gmail.com HTTP/1.1" 404 2788
WARNING 2025-12-20 22:03:16,213 log 17296 15676 Not Found: /api/messages
WARNING 2025-12-20 22:03:16,214 basehttp 17296 15676 "GET /api/messages?email=bobbykboseoffice%40gmail.com&other_email=bobbykgggghhboseoffice%40gmail.com HTTP/1.1" 404 2788
WARNING 2025-12-20 22:04:16,205 log 17296 15676 Not Found: /api/messages
WARNING 2025-12-20 22:04:16,205 basehttp 17296 15676 "GET /api/messages?email=bobbykboseoffice%40gmail.com&other_email=bobbykgggghhboseoffice%40gmail.com HTTP/1.1" 404 2788
WARNING 2025-12-20 22:05:16,223 log 17296 15676 Not Found: /api/messages
WARNING 2025-12-20 22:05:16,223 basehttp 17296 15676 "GET /api/messages?email=bobbykboseoffice%40gmail.com&other_email=bobbykgggghhboseoffice%40gmail.com HTTP/1.1" 404 2788
WARNING 2025-12-20 22:06:16,206 log 17296 15676 Not Found: /api/messages
WARNING 2025-12-20 22:06:16,206 basehttp 17296 15676 "GET /api/messages?email=bobbykboseoffice%40gmail.com&other_email=bobbykgggghhboseoffice%40gmail.com HTTP/1.1" 404 2788
WARNING 2025-12-20 22:07:16,210 log 17296 15676 Not Found: /api/messages
WARNING 2025-12-20 22:07:16,213 basehttp 17296 15676 "GET /api/messages?email=bobbykboseoffice%40gmail.com&other_email=bobbykgggghhboseoffice%40gmail.com HTTP/1.1" 404 2788
WARNING 2025-12-20 22:08:16,211 log 17296 15676 Not Found: /api/messages
WARNING 2025-12-20 22:08:16,214 basehttp 17296 15676 "GET /api/messages?email=bobbykboseoffice%40gmail.com&other_email=bobbykgggghhboseoffice%40gmail.com HTTP/1.1" 404 2788
WARNING 2025-12-20 22:09:16,206 log 17296 15676 Not Found: /api/messages
WARNING 2025-12-20 22:09:16,206 basehttp 17296 15676 "GET /api/messages?email=bobbykboseoffice%40gmail.com&other_email=bobbykgggghhboseoffice%40gmail.com HTTP/1.1" 404 2788
WARNING 2025-12-20 22:10:16,225 log 17296 15676 Not Found: /api/messages
WARNING 2025-12-20 22:10:16,225 basehttp 17296 15676 "GET /api/messages?email=bobbykboseoffice%40gmail.com&other_email=bobbykgggghhboseoffice%40gmail.com HTTP/1.1" 404 2788
WARNING 2025-12-20 22:11:16,212 log 17296 15676 Not Found: /api/messages
WARNING 2025-12-20 22:11:16,213 basehttp 17296 15676 "GET /api/messages?email=bobbykboseoffice%40gmail.com&other_email=bobbykgggghhboseoffice%40gmail.com HTTP/1.1" 404 2788
WARNING 2025-12-20 22:12:16,207 log 17296 15676 Not Found: /api/messages
WARNING 2025-12-20 22:12:16,208 basehttp 17296 15676 "GET /api/messages?email=bobbykboseoffice%40gmail.com&other_email=bobbykgggghhboseoffice%40gmail.com HTTP/1.1" 404 2788
WARNING 2025-12-20 22:13:16,215 log 17296 15676 Not Found: /api/messages
WARNING 2025-12-20 22:13:16,217 basehttp 17296 15676 "GET /api/messages?email=bobbykboseoffice%40gmail.com&other_email=bobbykgggghhboseoffice%40gmail.com HTTP/1.1" 404 2788
WARNING 2025-12-20 22:14:16,217 log 17296 15676 Not Found: /api/messages
WARNING 2025-12-20 22:14:16,217 basehttp 17296 15676 "GET /api/messages?email=bobbykboseoffice%40gmail.com&other_email=bobbykgggghhboseoffice%40gmail.com HTTP/1.1" 404 2788
WARNING 2025-12-20 22:15:16,211 log 17296 15676 Not Found: /api/messages
WARNING 2025-12-20 22:15:16,211 basehttp 17296 15676 "GET /api/messages?email=bobbykboseoffice%40gmail.com&other_email=bobbykgggghhboseoffice%40gmail.com HTTP/1.1" 404 2788
WARNING 2025-12-20 22:16:16,218 log 17296 15676 Not Found: /api/messages
WARNING 2025-12-20 22:16:16,220 basehttp 17296 15676 "GET /api/messages?email=bobbykboseoffice%40gmail.com&other_email=bobbykgggghhboseoffice%40gmail.com HTTP/1.1" 404 2788
WARNING 2025-12-20 22:17:16,202 log 17296 15676 Not Found: /api/messages
WARNING 2025-12-20 22:17:16,202 basehttp 17296 15676 "GET /api/messages?email=bobbykboseoffice%40gmail.com&other_email=bobbykgggghhboseoffice%40gmail.com HTTP/1.1" 404 2788
WARNING 2025-12-20 22:18:16,215 log 17296 15676 Not Found: /api/messages
WARNING 2025-12-20 22:18:16,215 basehttp 17296 15676 "GET /api/messages?email=bobbykboseoffice%40gmail.com&other_email=bobbykgggghhboseoffice%40gmail.com HTTP/1.1" 404 2788
WARNING 2025-12-20 22:19:16,209 log 17296 15676 Not Found: /api/messages
WARNING 2025-12-20 22:19:16,209 basehttp 17296 15676 "GET /api/messages?email=bobbykboseoffice%40gmail.com&other_email=bobbykgggghhboseoffice%40gmail.com HTTP/1.1" 404 2788
WARNING 2025-12-20 22:20:16,238 log 17296 15676 Not Found: /api/messages
WARNING 2025-12-20 22:20:16,239 basehttp 17296 15676 "GET /api/messages?email=bobbykboseoffice%40gmail.com&other_email=bobbykgggghhboseoffice%40gmail.com HTTP/1.1" 404 2788
WARNING 2025-12-20 22:21:16,205 log 17296 15676 Not Found: /api/messages
WARNING 2025-12-20 22:21:16,205 basehttp 17296 15676 "GET /api/messages?email=bobbykboseoffice%40gmail.com&other_email=bobbykgggghhboseoffice%40gmail.com HTTP/1.1" 404 2788
WARNING 2025-12-20 22:22:16,202 log 17296 15676 Not Found: /api/messages
WARNING 2025-12-20 22:22:16,204 basehttp 17296 15676 "GET /api/messages?email=bobbykboseoffice%40gmail.com&other_email=bobbykgggghhboseoffice%40gmail.com HTTP/1.1" 404 2788
WARNING 2025-12-20 22:23:16,209 log 17296 15676 Not Found: /api/messages
WARNING 2025-12-20 22:23:16,209 basehttp 17296 15676 "GET /api/messages?email=bobbykboseoffice%40gmail.com&other_email=bobbykgggghhboseoffice%40gmail.com HTTP/1.1" 404 2788
WARNING 2025-12-20 22:24:16,209 log 17296 15676 Not Found: /api/messages
WARNING 2025-12-20 22:24:16,210 basehttp 17296 15676 "GET /api/messages?email=bobbykboseoffice%40gmail.com&other_email=bobbykgggghhboseoffice%40gmail.com HTTP/1.1" 404 2788
WARNING 2025-12-20 22:25:16,208 log 17296 15676 Not Found: /api/messages
WARNING 2025-12-20 22:25:16,208 basehttp 17296 15676 "GET /api/messages?email=bobbykboseoffice%40gmail.com&other_email=bobbykgggghhboseoffice%40gmail.com HTTP/1.1" 404 2788
WARNING 2025-12-20 22:26:16,212 log 17296 15676 Not Found: /api/messages
WARNING 2025-12-20 22:26:16,214 basehttp 17296 15676 "GET /api/messages?email=bobbykboseoffice%40gmail.com&other_email=bobbykgggghhboseoffice%40gmail.com HTTP/1.1" 404 2788
WARNING 2025-12-20 22:27:16,206 log 17296 15676 Not Found: /api/messages
WARNING 2025-12-20 22:27:16,206 basehttp 17296 15676 "GET /api/messages?email=bobbykboseoffice%40gmail.com&other_email=bobbykgggghhboseoffice%40gmail.com HTTP/1.1" 404 2788
WARNING 2025-12-20 22:28:16,215 log 17296 11336 Not Found: /api/messages
WARNING 2025-12-20 22:28:16,215 basehttp 17296 11336 "GET /api/messages?email=bobbykboseoffice%40gmail.com&other_email=bobbykgggghhboseoffice%40gmail.com HTTP/1.1" 404 2788
WARNING 2025-12-20 22:29:16,209 log 17296 11336 Not Found: /api/messages
WARNING 2025-12-20 22:29:16,212 basehttp 17296 11336 "GET /api/messages?email=bobbykboseoffice%40gmail.com&other_email=bobbykgggghhboseoffice%40gmail.com HTTP/1.1" 404 2788
WARNING 2025-12-20 22:30:16,208 log 17296 11336 Not Found: /api/messages
WARNING 2025-12-20 22:30:16,208 basehttp 17296 11336 "GET /api/messages?email=bobbykboseoffice%40gmail.com&other_email=bobbykgggghhboseoffice%40gmail.com HTTP/1.1" 404 2788
WARNING 2025-12-20 22:31:16,233 log 17296 11336 Not Found: /api/messages
WARNING 2025-12-20 22:31:16,233 basehttp 17296 11336 "GET /api/messages?email=bobbykboseoffice%40gmail.com&other_email=bobbykgggghhboseoffice%40gmail.com HTTP/1.1" 404 2788
WARNING 2025-12-20 22:32:16,211 log 17296 11336 Not Found: /api/messages
WARNING 2025-12-20 22:32:16,211 basehttp 17296 11336 "GET /api/messages?email=bobbykboseoffice%40gmail.com&other_email=bobbykgggghhboseoffice%40gmail.com HTTP/1.1" 404 2788
WARNING 2025-12-20 22:33:16,203 log 17296 11336 Not Found: /api/messages
WARNING 2025-12-20 22:33:16,203 basehttp 17296 11336 "GET /api/messages?email=bobbykboseoffice%40gmail.com&other_email=bobbykgggghhboseoffice%40gmail.com HTTP/1.1" 404 2788
WARNING 2025-12-20 22:34:16,206 log 17296 11336 Not Found: /api/messages
WARNING 2025-12-20 22:34:16,208 basehttp 17296 11336 "GET /api/messages?email=bobbykboseoffice%40gmail.com&other_email=bobbykgggghhboseoffice%40gmail.com HTTP/1.1" 404 2788
WARNING 2025-12-20 22:35:16,204 log 17296 11336 Not Found: /api/messages
WARNING 2025-12-20 22:35:16,206 basehttp 17296 11336 "GET /api/messages?email=bobbykboseoffice%40gmail.com&other_email=bobbykgggghhboseoffice%40gmail.com HTTP/1.1" 404 2788
WARNING 2025-12-20 22:36:16,208 log 17296 11336 Not Found: /api/messages
WARNING 2025-12-20 22:36:16,208 basehttp 17296 11336 "GET /api/messages?email=bobbykboseoffice%40gmail.com&other_email=bobbykgggghhboseoffice%40gmail.com HTTP/1.1" 404 2788
WARNING 2025-12-20 22:37:16,203 log 17296 11336 Not Found: /api/messages
WARNING 2025-12-20 22:37:16,203 basehttp 17296 11336 "GET /api/messages?email=bobbykboseoffice%40gmail.com&other_email=bobbykgggghhboseoffice%40gmail.com HTTP/1.1" 404 2788
WARNING 2025-12-20 22:38:16,215 log 17296 11336 Not Found: /api/messages
WARNING 2025-12-20 22:38:16,217 basehttp 17296 11336 "GET /api/messages?email=bobbykboseoffice%40gmail.com&other_email=bobbykgggghhboseoffice%40gmail.com HTTP/1.1" 404 2788
WARNING 2025-12-20 22:39:16,217 log 17296 11336 Not Found: /api/messages
WARNING 2025-12-20 22:39:16,217 basehttp 17296 11336 "GET /api/messages?email=bobbykboseoffice%40gmail.com&other_email=bobbykgggghhboseoffice%40gmail.com HTTP/1.1" 404 2788
WARNING 2025-12-20 22:40:16,208 log 17296 11336 Not Found: /api/messages
WARNING 2025-12-20 22:40:16,212 basehttp 17296 11336 "GET /api/messages?email=bobbykboseoffice%40gmail.com&other_email=bobbykgggghhboseoffice%40gmail.com HTTP/1.1" 404 2788
WARNING 2025-12-20 22:41:16,204 log 17296 11336 Not Found: /api/messages
WARNING 2025-12-20 22:41:16,206 basehttp 17296 11336 "GET /api/messages?email=bobbykboseoffice%40gmail.com&other_email=bobbykgggghhboseoffice%40gmail.com HTTP/1.1" 404 2788
WARNING 2025-12-20 22:42:16,227 log 17296 11336 Not Found: /api/messages
WARNING 2025-12-20 22:42:16,227 basehttp 17296 11336 "GET /api/messages?email=bobbykboseoffice%40gmail.com&other_email=bobbykgggghhboseoffice%40gmail.com HTTP/1.1" 404 2788
WARNING 2025-12-20 22:43:16,206 log 17296 11336 Not Found: /api/messages
WARNING 2025-12-20 22:43:16,206 basehttp 17296 11336 "GET /api/messages?email=bobbykboseoffice%40gmail.com&other_email=bobbykgggghhboseoffice%40gmail.com HTTP/1.1" 404 2788
WARNING 2025-12-20 22:44:16,210 log 17296 11336 Not Found: /api/messages
WARNING 2025-12-20 22:44:16,210 basehttp 17296 11336 "GET /api/messages?email=bobbykboseoffice%40gmail.com&other_email=bobbykgggghhboseoffice%40gmail.com HTTP/1.1" 404 2788
WARNING 2025-12-20 22:45:16,208 log 17296 11336 Not Found: /api/messages
WARNING 2025-12-20 22:45:16,208 basehttp 17296 11336 "GET /api/messages?email=bobbykboseoffice%40gmail.com&other_email=bobbykgggghhboseoffice%40gmail.com HTTP/1.1" 404 2788
WARNING 2025-12-20 22:46:16,202 log 17296 11336 Not Found: /api/messages
WARNING 2025-12-20 22:46:16,202 basehttp 17296 11336 "GET /api/messages?email=bobbykboseoffice%40gmail.com&other_email=bobbykgggghhboseoffice%40gmail.com HTTP/1.1" 404 2788
WARNING 2025-12-20 22:47:16,210 log 17296 11336 Not Found: /api/messages
WARNING 2025-12-20 22:47:16,210 basehttp 17296 11336 "GET /api/messages?email=bobbykboseoffice%40gmail.com&other_email=bobbykgggghhboseoffice%40gmail.com HTTP/1.1" 404 2788
WARNING 2025-12-20 22:48:16,204 log 17296 11336 Not Found: /api/messages
WARNING 2025-12-20 22:48:16,204 basehttp 17296 11336 "GET /api/messages?email=bobbykboseoffice%40gmail.com&other_email=bobbykgggghhboseoffice%40gmail.com HTTP/1.1" 404 2788
WARNING 2025-12-20 22:49:16,210 log 17296 11336 Not Found: /api/messages
WARNING 2025-12-20 22:49:16,210 basehttp 17296 11336 "GET /api/messages?email=bobbykboseoffice%40gmail.com&other_email=bobbykgggghhboseoffice%40gmail.com HTTP/1.1" 404 2788
WARNING 2025-12-20 22:50:16,208 log 17296 11336 Not Found: /api/messages
WARNING 2025-12-20 22:50:16,208 basehttp 17296 11336 "GET /api/messages?email=bobbykboseoffice%40gmail.com&other_email=bobbykgggghhboseoffice%40gmail.com HTTP/1.1" 404 2788
WARNING 2025-12-20 22:51:16,203 log 17296 11336 Not Found: /api/messages
WARNING 2025-12-20 22:51:16,204 basehttp 17296 11336 "GET /api/messages?email=bobbykboseoffice%40gmail.com&other_email=bobbykgggghhboseoffice%40gmail.com HTTP/1.1" 404 2788
WARNING 2025-12-20 22:52:16,231 log 17296 11336 Not Found: /api/messages
WARNING 2025-12-20 22:52:16,232 basehttp 17296 11336 "GET /api/messages?email=bobbykboseoffice%40gmail.com&other_email=bobbykgggghhboseoffice%40gmail.com HTTP/1.1" 404 2788
WARNING 2025-12-20 22:53:16,211 log 17296 11336 Not Found: /api/messages
WARNING 2025-12-20 22:53:16,211 basehttp 17296 11336 "GET /api/messages?email=bobbykboseoffice%40gmail.com&other_email=bobbykgggghhboseoffice%40gmail.com HTTP/1.1" 404 2788
WARNING 2025-12-20 22:54:16,202 log 17296 11336 Not Found: /api/messages
WARNING 2025-12-20 22:54:16,203 basehttp 17296 11336 "GET /api/messages?email=bobbykboseoffice%40gmail.com&other_email=bobbykgggghhboseoffice%40gmail.com HTTP/1.1" 404 2788
WARNING 2025-12-20 22:55:16,215 log 17296 11336 Not Found: /api/messages
WARNING 2025-12-20 22:55:16,217 basehttp 17296 11336 "GET /api/messages?email=bobbykboseoffice%40gmail.com&other_email=bobbykgggghhboseoffice%40gmail.com HTTP/1.1" 404 2788
WARNING 2025-12-20 22:56:16,208 log 17296 11336 Not Found: /api/messages
WARNING 2025-12-20 22:56:16,208 basehttp 17296 11336 "GET /api/messages?email=bobbykboseoffice%40gmail.com&other_email=bobbykgggghhboseoffice%40gmail.com HTTP/1.1" 404 2788
WARNING 2025-12-20 22:57:16,210 log 17296 11336 Not Found: /api/messages
WARNING 2025-12-20 22:57:16,210 basehttp 17296 11336 "GET /api/messages?email=bobbykboseoffice%40gmail.com&other_email=bobbykgggghhboseoffice%40gmail.com HTTP/1.1" 404 2788
WARNING 2025-12-20 22:58:16,203 log 17296 1684 Not Found: /api/messages
WARNING 2025-12-20 22:58:16,205 basehttp 17296 1684 "GET /api/messages?email=bobbykboseoffice%40gmail.com&other_email=bobbykgggghhboseoffice%40gmail.com HTTP/1.1" 404 2788
WARNING 2025-12-20 22:59:16,206 log 17296 1684 Not Found: /api/messages
WARNING 2025-12-20 22:59:16,208 basehttp 17296 1684 "GET /api/messages?email=bobbykboseoffice%40gmail.com&other_email=bobbykgggghhboseoffice%40gmail.com HTTP/1.1" 404 2788
WARNING 2025-12-20 23:00:16,220 log 17296 1684 Not Found: /api/messages
WARNING 2025-12-20 23:00:16,221 basehttp 17296 1684 "GET /api/messages?email=bobbykboseoffice%40gmail.com&other_email=bobbykgggghhboseoffice%40gmail.com HTTP/1.1" 404 2788
WARNING 2025-12-20 23:01:16,212 log 17296 1684 Not Found: /api/messages
WARNING 2025-12-20 23:01:16,213 basehttp 17296 1684 "GET /api/messages?email=bobbykboseoffice%40gmail.com&other_email=bobbykgggghhboseoffice%40gmail.com HTTP/1.1" 404 2788
WARNING 2025-12-20 23:02:16,205 log 17296 1684 Not Found: /api/messages
WARNING 2025-12-20 23:02:16,205 basehttp 17296 1684 "GET /api/messages?email=bobbykboseoffice%40gmail.com&other_email=bobbykgggghhboseoffice%40gmail.com HTTP/1.1" 404 2788
WARNING 2025-12-20 23:03:16,222 log 17296 1684 Not Found: /api/messages
WARNING 2025-12-20 23:03:16,222 basehttp 17296 1684 "GET /api/messages?email=bobbykboseoffice%40gmail.com&other_email=bobbykgggghhboseoffice%40gmail.com HTTP/1.1" 404 2788
WARNING 2025-12-20 23:04:16,212 log 17296 1684 Not Found: /api/messages
WARNING 2025-12-20 23:04:16,214 basehttp 17296 1684 "GET /api/messages?email=bobbykboseoffice%40gmail.com&other_email=bobbykgggghhboseoffice%40gmail.com HTTP/1.1" 404 2788
WARNING 2025-12-20 23:05:16,217 log 17296 1684 Not Found: /api/messages
WARNING 2025-12-20 23:05:16,217 basehttp 17296 1684 "GET /api/messages?email=bobbykboseoffice%40gmail.com&other_email=bobbykgggghhboseoffice%40gmail.com HTTP/1.1" 404 2788
WARNING 2025-12-20 23:06:16,204 log 17296 1684 Not Found: /api/messages
WARNING 2025-12-20 23:06:16,204 basehttp 17296 1684 "GET /api/messages?email=bobbykboseoffice%40gmail.com&other_email=bobbykgggghhboseoffice%40gmail.com HTTP/1.1" 404 2788
WARNING 2025-12-20 23:07:16,206 log 17296 1684 Not Found: /api/messages
WARNING 2025-12-20 23:07:16,206 basehttp 17296 1684 "GET /api/messages?email=bobbykboseoffice%40gmail.com&other_email=bobbykgggghhboseoffice%40gmail.com HTTP/1.1" 404 2788
WARNING 2025-12-20 23:08:16,206 log 17296 1684 Not Found: /api/messages
WARNING 2025-12-20 23:08:16,206 basehttp 17296 1684 "GET /api/messages?email=bobbykboseoffice%40gmail.com&other_email=bobbykgggghhboseoffice%40gmail.com HTTP/1.1" 404 2788
WARNING 2025-12-20 23:09:16,203 log 17296 1684 Not Found: /api/messages
WARNING 2025-12-20 23:09:16,203 basehttp 17296 1684 "GET /api/messages?email=bobbykboseoffice%40gmail.com&other_email=bobbykgggghhboseoffice%40gmail.com HTTP/1.1" 404 2788
WARNING 2025-12-20 23:10:16,203 log 17296 1684 Not Found: /api/messages
WARNING 2025-12-20 23:10:16,203 basehttp 17296 1684 "GET /api/messages?email=bobbykboseoffice%40gmail.com&other_email=bobbykgggghhboseoffice%40gmail.com HTTP/1.1" 404 2788
WARNING 2025-12-20 23:11:16,210 log 17296 1684 Not Found: /api/messages
WARNING 2025-12-20 23:11:16,210 basehttp 17296 1684 "GET /api/messages?email=bobbykboseoffice%40gmail.com&other_email=bobbykgggghhboseoffice%40gmail.com HTTP/1.1" 404 2788
WARNING 2025-12-20 23:12:16,202 log 17296 1684 Not Found: /api/messages
WARNING 2025-12-20 23:12:16,202 basehttp 17296 1684 "GET /api/messages?email=bobbykboseoffice%40gmail.com&other_email=bobbykgggghhboseoffice%40gmail.com HTTP/1.1" 404 2788
WARNING 2025-12-20 23:13:16,225 log 17296 1684 Not Found: /api/messages
WARNING 2025-12-20 23:13:16,225 basehttp 17296 1684 "GET /api/messages?email=bobbykboseoffice%40gmail.com&other_email=bobbykgggghhboseoffice%40gmail.com HTTP/1.1" 404 2788
WARNING 2025-12-20 23:14:16,208 log 17296 1684 Not Found: /api/messages
WARNING 2025-12-20 23:14:16,208 basehttp 17296 1684 "GET /api/messages?email=bobbykboseoffice%40gmail.com&other_email=bobbykgggghhboseoffice%40gmail.com HTTP/1.1" 404 2788
WARNING 2025-12-20 23:15:16,205 log 17296 1684 Not Found: /api/messages
WARNING 2025-12-20 23:15:16,205 basehttp 17296 1684 "GET /api/messages?email=bobbykboseoffice%40gmail.com&other_email=bobbykgggghhboseoffice%40gmail.com HTTP/1.1" 404 2788
WARNING 2025-12-20 23:16:16,207 log 17296 1684 Not Found: /api/messages
WARNING 2025-12-20 23:16:16,208 basehttp 17296 1684 "GET /api/messages?email=bobbykboseoffice%40gmail.com&other_email=bobbykgggghhboseoffice%40gmail.com HTTP/1.1" 404 2788
WARNING 2025-12-20 23:17:16,209 log 17296 1684 Not Found: /api/messages
WARNING 2025-12-20 23:17:16,210 basehttp 17296 1684 "GET /api/messages?email=bobbykboseoffice%40gmail.com&other_email=bobbykgggghhboseoffice%40gmail.com HTTP/1.1" 404 2788
WARNING 2025-12-20 23:18:16,208 log 17296 1684 Not Found: /api/messages
WARNING 2025-12-20 23:18:16,211 basehttp 17296 1684 "GET /api/messages?email=bobbykboseoffice%40gmail.com&other_email=bobbykgggghhboseoffice%40gmail.com HTTP/1.1" 404 2788
INFO 2025-12-21 11:43:36,501 autoreload 15160 5308 Watching for file changes with StatReloader
INFO 2025-12-21 11:45:49,910 basehttp 15160 11036 "GET /api/v1/notes/flashcards/ HTTP/1.1" 200 1813
INFO 2025-12-21 11:45:50,651 basehttp 15160 3364 "GET /api/v1/config/ HTTP/1.1" 200 24
WARNING 2025-12-21 11:45:51,621 log 15160 3364 Not Found: /api/v1/auth/home
WARNING 2025-12-21 11:45:51,625 basehttp 15160 3364 "GET /api/v1/auth/home HTTP/1.1" 404 6553
INFO 2025-12-21 11:45:51,637 basehttp 15160 12192 "GET /api/v1/universities/universities/stats/ HTTP/1.1" 200 6574
INFO 2025-12-21 11:45:51,655 basehttp 15160 12192 "GET /api/v1/quizzes/questions/?date=2025-12-21 HTTP/1.1" 200 52
INFO 2025-12-21 11:45:51,673 basehttp 15160 3364 "GET /api/v1/courses/courses/stats/ HTTP/1.1" 200 1573
INFO 2025-12-21 11:46:38,324 basehttp 15160 3364 "OPTIONS /api/v1/universities/universities/ HTTP/1.1" 200 0
INFO 2025-12-21 11:46:38,371 basehttp 15160 3364 "GET /api/v1/universities/universities/ HTTP/1.1" 200 6807
INFO 2025-12-21 11:46:38,710 basehttp 15160 3364 "GET /media/universities/logos/fast_api_drIdvgZ.png HTTP/1.1" 200 1091903
INFO 2025-12-21 11:46:38,767 basehttp 15160 12192 "GET /media/universities/logos/fast_api.png HTTP/1.1" 200 1091903
INFO 2025-12-21 11:46:42,074 basehttp 15160 12192 "GET /media/universities/banners/college_students_coronavirus_p_1200x768_TCgYGoY.jpg HTTP/1.1" 200 26924
INFO 2025-12-21 11:46:42,313 basehttp 15160 3364 "GET /api/v1/universities/universities/2/ HTTP/1.1" 200 2426
INFO 2025-12-21 11:46:42,332 basehttp 15160 12192 "GET /api/v1/bookmarks/universities/ HTTP/1.1" 200 6533
INFO 2025-12-21 11:46:43,805 basehttp 15160 12192 "GET /api/v1/courses/courses/?university_id=2 HTTP/1.1" 200 1383
INFO 2025-12-21 11:46:43,810 basehttp 15160 3364 "GET /api/v1/bookmarks/courses/ HTTP/1.1" 200 546
INFO 2025-12-21 12:47:17,039 basehttp 15160 15252 "GET /api/v1/notes/flashcards/ HTTP/1.1" 200 1813
INFO 2025-12-21 12:47:17,975 basehttp 15160 14892 "GET /api/v1/config/ HTTP/1.1" 200 24
WARNING 2025-12-21 12:47:19,135 log 15160 14892 Not Found: /api/v1/auth/home
WARNING 2025-12-21 12:47:19,139 basehttp 15160 14892 "GET /api/v1/auth/home HTTP/1.1" 404 6553
INFO 2025-12-21 12:47:19,182 basehttp 15160 14312 "GET /api/v1/universities/universities/stats/ HTTP/1.1" 200 6574
INFO 2025-12-21 12:47:19,198 basehttp 15160 14312 "GET /api/v1/quizzes/questions/?date=2025-12-21 HTTP/1.1" 200 52
INFO 2025-12-21 12:47:19,204 basehttp 15160 14892 "GET /api/v1/courses/courses/stats/ HTTP/1.1" 200 1573
INFO 2025-12-21 12:47:23,833 basehttp 15160 14892 "GET /api/v1/universities/universities/ HTTP/1.1" 200 6807
INFO 2025-12-21 12:47:26,014 basehttp 15160 14312 "GET /api/v1/universities/universities/2/ HTTP/1.1" 200 2426
INFO 2025-12-21 12:47:26,040 basehttp 15160 14892 "GET /api/v1/bookmarks/universities/ HTTP/1.1" 200 6533
INFO 2025-12-21 12:47:27,307 basehttp 15160 14892 "GET /api/v1/courses/courses/?university_id=2 HTTP/1.1" 200 1383
INFO 2025-12-21 12:47:27,311 basehttp 15160 14312 "GET /api/v1/bookmarks/courses/ HTTP/1.1" 200 546
INFO 2025-12-21 13:02:14,238 basehttp 15160 5172 "GET /api/v1/notes/flashcards/ HTTP/1.1" 200 1813
INFO 2025-12-21 13:02:14,912 basehttp 15160 3792 "GET /api/v1/config/ HTTP/1.1" 200 24
WARNING 2025-12-21 13:02:15,800 log 15160 3792 Not Found: /api/v1/auth/home
WARNING 2025-12-21 13:02:15,801 basehttp 15160 3792 "GET /api/v1/auth/home HTTP/1.1" 404 6553
INFO 2025-12-21 13:02:15,841 basehttp 15160 4120 "GET /api/v1/universities/universities/stats/ HTTP/1.1" 200 6574
INFO 2025-12-21 13:02:15,863 basehttp 15160 4120 "GET /api/v1/quizzes/questions/?date=2025-12-21 HTTP/1.1" 200 52
INFO 2025-12-21 13:02:15,868 basehttp 15160 3792 "GET /api/v1/courses/courses/stats/ HTTP/1.1" 200 1573
INFO 2025-12-21 13:02:22,213 basehttp 15160 3792 "OPTIONS /api/v1/universities/universities/ HTTP/1.1" 200 0
INFO 2025-12-21 13:02:22,239 basehttp 15160 3792 "GET /api/v1/universities/universities/ HTTP/1.1" 200 6807
INFO 2025-12-21 13:02:22,499 basehttp 15160 3792 "GET /media/universities/logos/fast_api_drIdvgZ.png HTTP/1.1" 200 1091903
INFO 2025-12-21 13:02:22,556 basehttp 15160 3792 "GET /media/universities/logos/fast_api.png HTTP/1.1" 200 1091903
INFO 2025-12-21 13:02:24,597 basehttp 15160 3792 "GET /media/universities/banners/college_students_coronavirus_p_1200x768_TCgYGoY.jpg HTTP/1.1" 200 26924
INFO 2025-12-21 13:02:24,780 basehttp 15160 4120 "GET /api/v1/universities/universities/2/ HTTP/1.1" 200 2426
INFO 2025-12-21 13:02:24,799 basehttp 15160 3792 "GET /api/v1/bookmarks/universities/ HTTP/1.1" 200 6533
INFO 2025-12-21 13:02:27,573 basehttp 15160 3792 "GET /api/v1/universities/universities/2/ HTTP/1.1" 200 2426
INFO 2025-12-21 13:02:28,603 basehttp 15160 3792 "GET /api/v1/courses/courses/?university_id=2 HTTP/1.1" 200 1383
INFO 2025-12-21 13:02:28,605 basehttp 15160 4120 "GET /api/v1/bookmarks/courses/ HTTP/1.1" 200 546
INFO 2025-12-21 13:02:29,824 basehttp 15160 4120 "GET /api/v1/universities/universities/2/ HTTP/1.1" 200 2426
INFO 2025-12-21 13:02:31,445 basehttp 15160 4120 "GET /api/v1/courses/courses/?university_id=2 HTTP/1.1" 200 1383
INFO 2025-12-21 13:02:31,453 basehttp 15160 3792 "GET /api/v1/bookmarks/courses/ HTTP/1.1" 200 546
INFO 2025-12-21 13:02:32,596 basehttp 15160 3792 "GET /api/v1/universities/universities/2/ HTTP/1.1" 200 2426
INFO 2025-12-21 13:02:33,552 basehttp 15160 3792 "OPTIONS /api/v1/bookmarks/universities/ HTTP/1.1" 200 0
INFO 2025-12-21 13:02:33,574 basehttp 15160 3792 "POST /api/v1/bookmarks/universities/ HTTP/1.1" 200 67
INFO 2025-12-21 13:02:34,458 basehttp 15160 3792 "POST /api/v1/bookmarks/universities/ HTTP/1.1" 201 2448
INFO 2025-12-21 13:02:36,578 basehttp 15160 3792 "POST /api/v1/bookmarks/universities/ HTTP/1.1" 200 67
INFO 2025-12-21 13:02:37,580 basehttp 15160 3792 "POST /api/v1/bookmarks/universities/ HTTP/1.1" 201 2448
INFO 2025-12-21 13:02:38,164 basehttp 15160 3792 "POST /api/v1/bookmarks/universities/ HTTP/1.1" 200 67
INFO 2025-12-21 13:02:40,451 basehttp 15160 3792 "POST /api/v1/bookmarks/universities/ HTTP/1.1" 201 2448
INFO 2025-12-21 13:02:41,449 basehttp 15160 3792 "POST /api/v1/bookmarks/universities/ HTTP/1.1" 200 67
INFO 2025-12-21 13:02:50,543 basehttp 15160 3792 "GET /api/v1/courses/courses/?university_id=2 HTTP/1.1" 200 1383
INFO 2025-12-21 13:02:50,543 basehttp 15160 4120 "GET /api/v1/bookmarks/courses/ HTTP/1.1" 200 546
INFO 2025-12-21 13:02:52,137 basehttp 15160 4120 "OPTIONS /api/v1/bookmarks/courses/ HTTP/1.1" 200 0
INFO 2025-12-21 13:02:52,157 basehttp 15160 4120 "POST /api/v1/bookmarks/courses/ HTTP/1.1" 200 82
INFO 2025-12-21 13:02:54,723 basehttp 15160 4120 "POST /api/v1/bookmarks/courses/ HTTP/1.1" 200 76
INFO 2025-12-21 13:02:57,594 basehttp 15160 4120 "GET /api/v1/universities/universities/2/ HTTP/1.1" 200 2426
INFO 2025-12-21 13:02:59,527 basehttp 15160 4120 "OPTIONS /api/v1/universities/universities/1/ HTTP/1.1" 200 0
INFO 2025-12-21 13:02:59,560 basehttp 15160 4120 "GET /api/v1/universities/universities/1/ HTTP/1.1" 200 4487
INFO 2025-12-21 13:06:53,347 basehttp 15160 14696 "GET /api/v1/notes/flashcards/ HTTP/1.1" 200 1813
INFO 2025-12-21 13:06:54,742 basehttp 15160 16276 "GET /api/v1/config/ HTTP/1.1" 200 24
WARNING 2025-12-21 13:06:55,761 log 15160 16276 Not Found: /api/v1/auth/home
WARNING 2025-12-21 13:06:55,763 basehttp 15160 16276 "GET /api/v1/auth/home HTTP/1.1" 404 6553
INFO 2025-12-21 13:06:55,827 basehttp 15160 16276 "GET /api/v1/courses/courses/stats/ HTTP/1.1" 200 1573
INFO 2025-12-21 13:06:55,828 basehttp 15160 9380 "GET /api/v1/universities/universities/stats/ HTTP/1.1" 200 6574
INFO 2025-12-21 13:06:55,843 basehttp 15160 16276 "GET /api/v1/quizzes/questions/?date=2025-12-21 HTTP/1.1" 200 52
INFO 2025-12-21 13:06:58,663 basehttp 15160 16276 "GET /api/v1/universities/universities/ HTTP/1.1" 200 6807
INFO 2025-12-21 13:07:00,893 basehttp 15160 9380 "GET /api/v1/universities/universities/2/ HTTP/1.1" 200 2426
INFO 2025-12-21 13:07:00,902 basehttp 15160 16276 "GET /api/v1/bookmarks/universities/ HTTP/1.1" 200 4155
INFO 2025-12-21 13:07:02,971 basehttp 15160 16276 "GET /api/v1/universities/universities/1/ HTTP/1.1" 200 4487
INFO 2025-12-21 13:07:15,509 basehttp 15160 16276 "GET /api/v1/universities/universities/2/ HTTP/1.1" 200 2426
ERROR 2025-12-21 14:35:54,884 log 15160 18352 Invalid HTTP_HOST header: '10.0.2.2:8000'. You may need to add '10.0.2.2' to ALLOWED_HOSTS.
Traceback (most recent call last):
  File "C:\Users\bobby\AppData\Local\Programs\Python\Python312\Lib\site-packages\django\core\handlers\exception.py", line 55, in inner
    response = get_response(request)
               ^^^^^^^^^^^^^^^^^^^^^
  File "C:\Users\bobby\AppData\Local\Programs\Python\Python312\Lib\site-packages\django\utils\deprecation.py", line 119, in __call__
    response = self.process_request(request)
               ^^^^^^^^^^^^^^^^^^^^^^^^^^^^^
  File "C:\Users\bobby\AppData\Local\Programs\Python\Python312\Lib\site-packages\django\middleware\common.py", line 48, in process_request
    host = request.get_host()
           ^^^^^^^^^^^^^^^^^^
  File "C:\Users\bobby\AppData\Local\Programs\Python\Python312\Lib\site-packages\django\http\request.py", line 202, in get_host
    raise DisallowedHost(msg)
django.core.exceptions.DisallowedHost: Invalid HTTP_HOST header: '10.0.2.2:8000'. You may need to add '10.0.2.2' to ALLOWED_HOSTS.
WARNING 2025-12-21 14:35:54,902 basehttp 15160 18352 "GET /api/v1/notes/flashcards/ HTTP/1.1" 400 75491
ERROR 2025-12-21 14:35:56,993 log 15160 16888 Invalid HTTP_HOST header: '10.0.2.2:8000'. You may need to add '10.0.2.2' to ALLOWED_HOSTS.
Traceback (most recent call last):
  File "C:\Users\bobby\AppData\Local\Programs\Python\Python312\Lib\site-packages\django\core\handlers\exception.py", line 55, in inner
    response = get_response(request)
               ^^^^^^^^^^^^^^^^^^^^^
  File "C:\Users\bobby\AppData\Local\Programs\Python\Python312\Lib\site-packages\django\utils\deprecation.py", line 119, in __call__
    response = self.process_request(request)
               ^^^^^^^^^^^^^^^^^^^^^^^^^^^^^
  File "C:\Users\bobby\AppData\Local\Programs\Python\Python312\Lib\site-packages\django\middleware\common.py", line 48, in process_request
    host = request.get_host()
           ^^^^^^^^^^^^^^^^^^
  File "C:\Users\bobby\AppData\Local\Programs\Python\Python312\Lib\site-packages\django\http\request.py", line 202, in get_host
    raise DisallowedHost(msg)
django.core.exceptions.DisallowedHost: Invalid HTTP_HOST header: '10.0.2.2:8000'. You may need to add '10.0.2.2' to ALLOWED_HOSTS.
WARNING 2025-12-21 14:35:56,996 basehttp 15160 16888 "GET /api/v1/config/ HTTP/1.1" 400 75377
ERROR 2025-12-21 14:35:59,528 log 15160 12028 Invalid HTTP_HOST header: '10.0.2.2:8000'. You may need to add '10.0.2.2' to ALLOWED_HOSTS.
Traceback (most recent call last):
  File "C:\Users\bobby\AppData\Local\Programs\Python\Python312\Lib\site-packages\django\core\handlers\exception.py", line 55, in inner
    response = get_response(request)
               ^^^^^^^^^^^^^^^^^^^^^
  File "C:\Users\bobby\AppData\Local\Programs\Python\Python312\Lib\site-packages\django\utils\deprecation.py", line 119, in __call__
    response = self.process_request(request)
               ^^^^^^^^^^^^^^^^^^^^^^^^^^^^^
  File "C:\Users\bobby\AppData\Local\Programs\Python\Python312\Lib\site-packages\django\middleware\common.py", line 48, in process_request
    host = request.get_host()
           ^^^^^^^^^^^^^^^^^^
  File "C:\Users\bobby\AppData\Local\Programs\Python\Python312\Lib\site-packages\django\http\request.py", line 202, in get_host
    raise DisallowedHost(msg)
django.core.exceptions.DisallowedHost: Invalid HTTP_HOST header: '10.0.2.2:8000'. You may need to add '10.0.2.2' to ALLOWED_HOSTS.
WARNING 2025-12-21 14:35:59,531 basehttp 15160 12028 "GET /api/v1/auth/home HTTP/1.1" 400 75297
ERROR 2025-12-21 14:35:59,556 log 15160 15156 Invalid HTTP_HOST header: '10.0.2.2:8000'. You may need to add '10.0.2.2' to ALLOWED_HOSTS.
Traceback (most recent call last):
  File "C:\Users\bobby\AppData\Local\Programs\Python\Python312\Lib\site-packages\django\core\handlers\exception.py", line 55, in inner
    response = get_response(request)
               ^^^^^^^^^^^^^^^^^^^^^
  File "C:\Users\bobby\AppData\Local\Programs\Python\Python312\Lib\site-packages\django\utils\deprecation.py", line 119, in __call__
    response = self.process_request(request)
               ^^^^^^^^^^^^^^^^^^^^^^^^^^^^^
  File "C:\Users\bobby\AppData\Local\Programs\Python\Python312\Lib\site-packages\django\middleware\common.py", line 48, in process_request
    host = request.get_host()
           ^^^^^^^^^^^^^^^^^^
  File "C:\Users\bobby\AppData\Local\Programs\Python\Python312\Lib\site-packages\django\http\request.py", line 202, in get_host
    raise DisallowedHost(msg)
django.core.exceptions.DisallowedHost: Invalid HTTP_HOST header: '10.0.2.2:8000'. You may need to add '10.0.2.2' to ALLOWED_HOSTS.
ERROR 2025-12-21 14:35:59,574 log 15160 17840 Invalid HTTP_HOST header: '10.0.2.2:8000'. You may need to add '10.0.2.2' to ALLOWED_HOSTS.
Traceback (most recent call last):
  File "C:\Users\bobby\AppData\Local\Programs\Python\Python312\Lib\site-packages\django\core\handlers\exception.py", line 55, in inner
    response = get_response(request)
               ^^^^^^^^^^^^^^^^^^^^^
  File "C:\Users\bobby\AppData\Local\Programs\Python\Python312\Lib\site-packages\django\utils\deprecation.py", line 119, in __call__
    response = self.process_request(request)
               ^^^^^^^^^^^^^^^^^^^^^^^^^^^^^
  File "C:\Users\bobby\AppData\Local\Programs\Python\Python312\Lib\site-packages\django\middleware\common.py", line 48, in process_request
    host = request.get_host()
           ^^^^^^^^^^^^^^^^^^
  File "C:\Users\bobby\AppData\Local\Programs\Python\Python312\Lib\site-packages\django\http\request.py", line 202, in get_host
    raise DisallowedHost(msg)
django.core.exceptions.DisallowedHost: Invalid HTTP_HOST header: '10.0.2.2:8000'. You may need to add '10.0.2.2' to ALLOWED_HOSTS.
ERROR 2025-12-21 14:35:59,598 log 15160 8452 Invalid HTTP_HOST header: '10.0.2.2:8000'. You may need to add '10.0.2.2' to ALLOWED_HOSTS.
Traceback (most recent call last):
  File "C:\Users\bobby\AppData\Local\Programs\Python\Python312\Lib\site-packages\django\core\handlers\exception.py", line 55, in inner
    response = get_response(request)
               ^^^^^^^^^^^^^^^^^^^^^
  File "C:\Users\bobby\AppData\Local\Programs\Python\Python312\Lib\site-packages\django\utils\deprecation.py", line 119, in __call__
    response = self.process_request(request)
               ^^^^^^^^^^^^^^^^^^^^^^^^^^^^^
  File "C:\Users\bobby\AppData\Local\Programs\Python\Python312\Lib\site-packages\django\middleware\common.py", line 48, in process_request
    host = request.get_host()
           ^^^^^^^^^^^^^^^^^^
  File "C:\Users\bobby\AppData\Local\Programs\Python\Python312\Lib\site-packages\django\http\request.py", line 202, in get_host
    raise DisallowedHost(msg)
django.core.exceptions.DisallowedHost: Invalid HTTP_HOST header: '10.0.2.2:8000'. You may need to add '10.0.2.2' to ALLOWED_HOSTS.
WARNING 2025-12-21 14:35:59,598 basehttp 15160 15156 "GET /api/v1/quizzes/questions/?date=2025-12-21 HTTP/1.1" 400 75933
WARNING 2025-12-21 14:35:59,601 basehttp 15160 17840 "GET /api/v1/universities/universities/stats/ HTTP/1.1" 400 75664
WARNING 2025-12-21 14:35:59,602 basehttp 15160 8452 "GET /api/v1/courses/courses/stats/ HTTP/1.1" 400 75545
ERROR 2025-12-21 14:36:08,073 log 15160 18904 Invalid HTTP_HOST header: '10.0.2.2:8000'. You may need to add '10.0.2.2' to ALLOWED_HOSTS.
Traceback (most recent call last):
  File "C:\Users\bobby\AppData\Local\Programs\Python\Python312\Lib\site-packages\django\core\handlers\exception.py", line 55, in inner
    response = get_response(request)
               ^^^^^^^^^^^^^^^^^^^^^
  File "C:\Users\bobby\AppData\Local\Programs\Python\Python312\Lib\site-packages\django\utils\deprecation.py", line 119, in __call__
    response = self.process_request(request)
               ^^^^^^^^^^^^^^^^^^^^^^^^^^^^^
  File "C:\Users\bobby\AppData\Local\Programs\Python\Python312\Lib\site-packages\django\middleware\common.py", line 48, in process_request
    host = request.get_host()
           ^^^^^^^^^^^^^^^^^^
  File "C:\Users\bobby\AppData\Local\Programs\Python\Python312\Lib\site-packages\django\http\request.py", line 202, in get_host
    raise DisallowedHost(msg)
django.core.exceptions.DisallowedHost: Invalid HTTP_HOST header: '10.0.2.2:8000'. You may need to add '10.0.2.2' to ALLOWED_HOSTS.
ERROR 2025-12-21 14:36:08,094 log 15160 15740 Invalid HTTP_HOST header: '10.0.2.2:8000'. You may need to add '10.0.2.2' to ALLOWED_HOSTS.
Traceback (most recent call last):
  File "C:\Users\bobby\AppData\Local\Programs\Python\Python312\Lib\site-packages\django\core\handlers\exception.py", line 55, in inner
    response = get_response(request)
               ^^^^^^^^^^^^^^^^^^^^^
  File "C:\Users\bobby\AppData\Local\Programs\Python\Python312\Lib\site-packages\django\utils\deprecation.py", line 119, in __call__
    response = self.process_request(request)
               ^^^^^^^^^^^^^^^^^^^^^^^^^^^^^
  File "C:\Users\bobby\AppData\Local\Programs\Python\Python312\Lib\site-packages\django\middleware\common.py", line 48, in process_request
    host = request.get_host()
           ^^^^^^^^^^^^^^^^^^
  File "C:\Users\bobby\AppData\Local\Programs\Python\Python312\Lib\site-packages\django\http\request.py", line 202, in get_host
    raise DisallowedHost(msg)
django.core.exceptions.DisallowedHost: Invalid HTTP_HOST header: '10.0.2.2:8000'. You may need to add '10.0.2.2' to ALLOWED_HOSTS.
WARNING 2025-12-21 14:36:08,096 basehttp 15160 18904 "GET /api/v1/notifications/notifications/offers/ HTTP/1.1" 400 75706
WARNING 2025-12-21 14:36:08,097 basehttp 15160 15740 "GET /api/v1/notifications/notifications/ HTTP/1.1" 400 75624
INFO 2025-12-21 14:36:39,646 autoreload 15160 5308 X:\edvoyage-backup-cursor\backend\edvoayge\edvoayge\settings.py changed, reloading.
INFO 2025-12-21 14:36:41,957 autoreload 17988 20592 Watching for file changes with StatReloader
INFO 2025-12-21 14:36:50,140 basehttp 17988 15924 "GET /api/v1/notes/flashcards/ HTTP/1.1" 200 1801
INFO 2025-12-21 14:36:51,946 basehttp 17988 18616 "GET /api/v1/config/ HTTP/1.1" 200 24
INFO 2025-12-21 14:36:55,470 basehttp 17988 19220 "GET /api/v1/quizzes/questions/?date=2025-12-21 HTTP/1.1" 200 52
WARNING 2025-12-21 14:36:55,499 log 17988 4216 Not Found: /api/v1/auth/home
WARNING 2025-12-21 14:36:55,503 basehttp 17988 4216 "GET /api/v1/auth/home HTTP/1.1" 404 6552
INFO 2025-12-21 14:36:55,512 basehttp 17988 6532 "GET /api/v1/courses/courses/stats/ HTTP/1.1" 200 1573
INFO 2025-12-21 14:36:55,528 basehttp 17988 21500 "GET /api/v1/universities/universities/stats/ HTTP/1.1" 200 6574
INFO 2025-12-21 14:37:02,095 basehttp 17988 16772 "GET /api/v1/universities/universities/ HTTP/1.1" 200 6786
INFO 2025-12-21 14:37:06,193 basehttp 17988 5764 "GET /media/universities/logos/fast_api.png HTTP/1.1" 200 1091903
INFO 2025-12-21 14:37:06,385 basehttp 17988 15240 "GET /media/universities/logos/fast_api_drIdvgZ.png HTTP/1.1" 200 1091903
INFO 2025-12-21 14:38:04,735 basehttp 17988 14812 "GET /api/v1/bookmarks/universities/ HTTP/1.1" 200 4155
INFO 2025-12-21 14:38:04,773 basehttp 17988 7364 "GET /media/universities/banners/college_students_coronavirus_p_1200x768_TCgYGoY.jpg HTTP/1.1" 200 26924
INFO 2025-12-21 14:38:04,813 basehttp 17988 17072 "GET /api/v1/universities/universities/2/ HTTP/1.1" 200 2422
INFO 2025-12-21 14:38:06,338 basehttp 17988 21424 "GET /media/universities/logos/fast_api_drIdvgZ.png HTTP/1.1" 200 1091903
INFO 2025-12-21 14:38:13,071 basehttp 17988 14300 "POST /api/v1/bookmarks/universities/ HTTP/1.1" 201 2448
INFO 2025-12-21 14:38:17,551 basehttp 17988 10312 "GET /api/v1/universities/universities/2/ HTTP/1.1" 200 2422
INFO 2025-12-21 14:38:19,797 basehttp 17988 11036 "GET /api/v1/courses/courses/?university_id=2 HTTP/1.1" 200 1381
INFO 2025-12-21 14:38:19,801 basehttp 17988 8100 "GET /api/v1/bookmarks/courses/ HTTP/1.1" 200 546
INFO 2025-12-21 14:38:23,764 basehttp 17988 17448 "POST /api/v1/bookmarks/courses/ HTTP/1.1" 200 82
INFO 2025-12-21 14:38:25,212 basehttp 17988 1436 "POST /api/v1/bookmarks/courses/ HTTP/1.1" 200 76
INFO 2025-12-21 14:38:26,513 basehttp 17988 3744 "GET /api/v1/universities/universities/2/ HTTP/1.1" 200 2422
INFO 2025-12-21 14:38:30,711 basehttp 17988 10500 "GET /media/universities/banners/college_students_coronavirus_p_1200x768.jpg HTTP/1.1" 200 26924
INFO 2025-12-21 14:38:30,747 basehttp 17988 20756 "GET /api/v1/bookmarks/universities/ HTTP/1.1" 200 6533
INFO 2025-12-21 14:38:30,749 basehttp 17988 1044 "GET /api/v1/universities/universities/1/ HTTP/1.1" 200 4470
INFO 2025-12-21 14:38:31,340 basehttp 17988 16816 "GET /media/universities/logos/fast_api.png HTTP/1.1" 200 1091903
INFO 2025-12-21 14:38:33,208 basehttp 17988 17128 "GET /api/v1/universities/universities/1/ HTTP/1.1" 200 4470
INFO 2025-12-21 14:38:34,825 basehttp 17988 16412 "GET /api/v1/universities/universities/1/ HTTP/1.1" 200 4470
INFO 2025-12-21 14:38:37,773 basehttp 17988 10500 "GET /media/universities/gallery/fast_api.png HTTP/1.1" 200 1091903
INFO 2025-12-21 14:38:37,937 basehttp 17988 15732 "GET /media/universities/gallery/fast_api_RAEmbC9.png HTTP/1.1" 200 1091903
INFO 2025-12-21 14:38:37,985 basehttp 17988 17668 "GET /media/universities/gallery/fast_api_CWjq1Mj.png HTTP/1.1" 200 1091903
INFO 2025-12-21 14:38:38,030 basehttp 17988 18812 "GET /media/universities/gallery/fast_api_JO2W5Is.png HTTP/1.1" 200 1091903
INFO 2025-12-21 14:38:38,076 basehttp 17988 19432 "GET /media/universities/gallery/fast_api_IIsUq09.png HTTP/1.1" 200 1091903
INFO 2025-12-21 14:38:38,488 basehttp 17988 16816 "GET /media/universities/gallery/fast_api_brOIbpt.png HTTP/1.1" 200 1091903
INFO 2025-12-21 19:02:17,503 autoreload 6988 13960 Watching for file changes with StatReloader
INFO 2025-12-21 19:47:12,893 autoreload 468 16772 Watching for file changes with StatReloader
ERROR 2025-12-21 19:47:17,949 log 468 3552 Invalid HTTP_HOST header: '192.168.1.3:8000'. You may need to add '192.168.1.3' to ALLOWED_HOSTS.
Traceback (most recent call last):
  File "C:\Users\bobby\AppData\Local\Programs\Python\Python312\Lib\site-packages\django\core\handlers\exception.py", line 55, in inner
    response = get_response(request)
               ^^^^^^^^^^^^^^^^^^^^^
  File "C:\Users\bobby\AppData\Local\Programs\Python\Python312\Lib\site-packages\django\utils\deprecation.py", line 119, in __call__
    response = self.process_request(request)
               ^^^^^^^^^^^^^^^^^^^^^^^^^^^^^
  File "C:\Users\bobby\AppData\Local\Programs\Python\Python312\Lib\site-packages\django\middleware\common.py", line 48, in process_request
    host = request.get_host()
           ^^^^^^^^^^^^^^^^^^
  File "C:\Users\bobby\AppData\Local\Programs\Python\Python312\Lib\site-packages\django\http\request.py", line 202, in get_host
    raise DisallowedHost(msg)
django.core.exceptions.DisallowedHost: Invalid HTTP_HOST header: '192.168.1.3:8000'. You may need to add '192.168.1.3' to ALLOWED_HOSTS.
WARNING 2025-12-21 19:47:17,951 basehttp 468 3552 "GET /admin/ HTTP/1.1" 400 75968
ERROR 2025-12-21 19:47:18,086 log 468 15656 Invalid HTTP_HOST header: '192.168.1.3:8000'. You may need to add '192.168.1.3' to ALLOWED_HOSTS.
Traceback (most recent call last):
  File "C:\Users\bobby\AppData\Local\Programs\Python\Python312\Lib\site-packages\django\core\handlers\exception.py", line 55, in inner
    response = get_response(request)
               ^^^^^^^^^^^^^^^^^^^^^
  File "C:\Users\bobby\AppData\Local\Programs\Python\Python312\Lib\site-packages\django\utils\deprecation.py", line 119, in __call__
    response = self.process_request(request)
               ^^^^^^^^^^^^^^^^^^^^^^^^^^^^^
  File "C:\Users\bobby\AppData\Local\Programs\Python\Python312\Lib\site-packages\django\middleware\common.py", line 48, in process_request
    host = request.get_host()
           ^^^^^^^^^^^^^^^^^^
  File "C:\Users\bobby\AppData\Local\Programs\Python\Python312\Lib\site-packages\django\http\request.py", line 202, in get_host
    raise DisallowedHost(msg)
django.core.exceptions.DisallowedHost: Invalid HTTP_HOST header: '192.168.1.3:8000'. You may need to add '192.168.1.3' to ALLOWED_HOSTS.
WARNING 2025-12-21 19:47:18,090 basehttp 468 15656 "GET /favicon.ico HTTP/1.1" 400 75853
INFO 2025-12-21 19:48:06,923 autoreload 468 16772 X:\edvoyage-backup-cursor\backend\edvoayge\edvoayge\settings.py changed, reloading.
INFO 2025-12-21 19:48:08,320 autoreload 8496 17068 Watching for file changes with StatReloader
INFO 2025-12-21 19:48:16,254 basehttp 8496 15640 "GET /admin/ HTTP/1.1" 302 0
INFO 2025-12-21 19:48:16,509 basehttp 8496 15640 "GET /admin/login/?next=/admin/ HTTP/1.1" 200 4172
INFO 2025-12-21 19:48:16,930 basehttp 8496 15640 "GET /static/admin/css/base.css HTTP/1.1" 200 22120
INFO 2025-12-21 19:48:16,949 basehttp 8496 17340 "GET /static/admin/css/nav_sidebar.css HTTP/1.1" 200 2810
INFO 2025-12-21 19:48:16,953 basehttp 8496 4812 "GET /static/admin/css/dark_mode.css HTTP/1.1" 200 2808
INFO 2025-12-21 19:48:16,954 basehttp 8496 10656 "GET /static/admin/css/responsive.css HTTP/1.1" 200 16565
INFO 2025-12-21 19:48:16,956 basehttp 8496 12436 "GET /static/admin/css/login.css HTTP/1.1" 200 951
INFO 2025-12-21 19:48:16,957 basehttp 8496 16448 "GET /static/admin/js/theme.js HTTP/1.1" 200 1653
INFO 2025-12-21 19:48:16,993 basehttp 8496 12436 "GET /static/admin/js/nav_sidebar.js HTTP/1.1" 200 3063
WARNING 2025-12-21 19:48:17,037 log 8496 12436 Not Found: /favicon.ico
WARNING 2025-12-21 19:48:17,038 basehttp 8496 12436 "GET /favicon.ico HTTP/1.1" 404 2701
INFO 2025-12-21 19:51:09,083 basehttp 8496 15304 "GET /api/v1/config/ HTTP/1.1" 200 24
WARNING 2025-12-21 19:51:13,311 log 8496 14420 Not Found: /api/v1/auth/home
WARNING 2025-12-21 19:51:13,317 basehttp 8496 14420 "GET /api/v1/auth/home HTTP/1.1" 404 6555
INFO 2025-12-21 19:51:13,367 basehttp 8496 13984 "GET /api/v1/quizzes/questions/?date=2025-12-21 HTTP/1.1" 200 52
INFO 2025-12-21 19:51:13,415 basehttp 8496 5004 "GET /api/v1/courses/courses/stats/ HTTP/1.1" 200 1573
INFO 2025-12-21 19:51:13,418 basehttp 8496 15080 "GET /api/v1/universities/universities/stats/ HTTP/1.1" 200 6574
INFO 2025-12-21 19:52:30,123 basehttp 8496 15816 "GET /api/v1/notes/flashcards/ HTTP/1.1" 200 1837
INFO 2025-12-21 19:52:34,298 basehttp 8496 4016 "GET /api/v1/config/ HTTP/1.1" 200 24
WARNING 2025-12-21 19:52:36,155 log 8496 5076 Not Found: /api/v1/auth/home
WARNING 2025-12-21 19:52:36,155 basehttp 8496 5076 "GET /api/v1/auth/home HTTP/1.1" 404 6555
INFO 2025-12-21 19:52:36,183 basehttp 8496 7776 "GET /api/v1/quizzes/questions/?date=2025-12-21 HTTP/1.1" 200 52
INFO 2025-12-21 19:52:36,204 basehttp 8496 13572 "GET /api/v1/courses/courses/stats/ HTTP/1.1" 200 1573
INFO 2025-12-21 19:52:36,214 basehttp 8496 8404 "GET /api/v1/universities/universities/stats/ HTTP/1.1" 200 6574
INFO 2025-12-21 19:52:45,961 basehttp 8496 15016 "GET /api/v1/universities/universities/ HTTP/1.1" 200 6849
INFO 2025-12-21 19:52:47,914 basehttp 8496 16540 "GET /media/universities/logos/fast_api.png HTTP/1.1" 200 1091903
INFO 2025-12-21 19:52:48,295 basehttp 8496 16908 "GET /media/universities/logos/fast_api_drIdvgZ.png HTTP/1.1" 200 1091903
INFO 2025-12-21 19:52:56,799 basehttp 8496 16908 "GET /media/universities/banners/college_students_coronavirus_p_1200x768.jpg HTTP/1.1" 200 26924
INFO 2025-12-21 19:52:56,883 basehttp 8496 10852 "GET /api/v1/bookmarks/universities/ HTTP/1.1" 200 6533
INFO 2025-12-21 19:52:56,889 basehttp 8496 14220 "GET /api/v1/universities/universities/1/ HTTP/1.1" 200 4521
INFO 2025-12-21 19:52:57,349 basehttp 8496 16540 "GET /media/universities/logos/fast_api.png HTTP/1.1" 200 1091903
INFO 2025-12-21 19:55:19,679 basehttp 8496 16132 "GET /api/v1/notes/flashcards/ HTTP/1.1" 200 1837
INFO 2025-12-21 19:55:21,906 basehttp 8496 7648 "GET /api/v1/config/ HTTP/1.1" 200 24
WARNING 2025-12-21 19:55:23,675 log 8496 14612 Not Found: /api/v1/auth/home
WARNING 2025-12-21 19:55:23,676 basehttp 8496 14612 "GET /api/v1/auth/home HTTP/1.1" 404 6555
INFO 2025-12-21 19:55:23,696 basehttp 8496 15628 "GET /api/v1/quizzes/questions/?date=2025-12-21 HTTP/1.1" 200 52
INFO 2025-12-21 19:55:23,722 basehttp 8496 2716 "GET /api/v1/courses/courses/stats/ HTTP/1.1" 200 1573
INFO 2025-12-21 19:55:23,732 basehttp 8496 7572 "GET /api/v1/universities/universities/stats/ HTTP/1.1" 200 6574
INFO 2025-12-21 19:55:25,825 basehttp 8496 4320 "GET /api/v1/universities/universities/ HTTP/1.1" 200 6849
INFO 2025-12-21 19:55:28,277 basehttp 8496 14288 "GET /media/universities/logos/fast_api.png HTTP/1.1" 200 1091903
INFO 2025-12-21 19:55:28,397 basehttp 8496 13060 "GET /media/universities/logos/fast_api_drIdvgZ.png HTTP/1.1" 200 1091903
INFO 2025-12-21 19:55:31,113 basehttp 8496 14288 "GET /media/universities/banners/college_students_coronavirus_p_1200x768_TCgYGoY.jpg HTTP/1.1" 200 26924
INFO 2025-12-21 19:55:31,197 basehttp 8496 13540 "GET /api/v1/universities/universities/2/ HTTP/1.1" 200 2434
INFO 2025-12-21 19:55:31,204 basehttp 8496 16828 "GET /api/v1/bookmarks/universities/ HTTP/1.1" 200 6533
INFO 2025-12-21 19:55:32,263 basehttp 8496 13060 "GET /media/universities/logos/fast_api_drIdvgZ.png HTTP/1.1" 200 1091903
INFO 2025-12-21 19:56:36,310 basehttp 8496 5772 "GET /api/v1/notes/flashcards/ HTTP/1.1" 200 1837
INFO 2025-12-21 19:56:38,533 basehttp 8496 16436 "GET /api/v1/config/ HTTP/1.1" 200 24
WARNING 2025-12-21 19:56:40,430 log 8496 12924 Not Found: /api/v1/auth/home
WARNING 2025-12-21 19:56:40,430 basehttp 8496 12924 "GET /api/v1/auth/home HTTP/1.1" 404 6555
INFO 2025-12-21 19:56:40,447 basehttp 8496 10400 "GET /api/v1/quizzes/questions/?date=2025-12-21 HTTP/1.1" 200 52
INFO 2025-12-21 19:56:40,487 basehttp 8496 10540 "GET /api/v1/universities/universities/stats/ HTTP/1.1" 200 6574
INFO 2025-12-21 19:56:40,495 basehttp 8496 14800 "GET /api/v1/courses/courses/stats/ HTTP/1.1" 200 1573
INFO 2025-12-21 19:56:42,425 basehttp 8496 13672 "GET /api/v1/universities/universities/ HTTP/1.1" 200 6849
INFO 2025-12-21 19:56:44,467 basehttp 8496 13172 "GET /media/universities/logos/fast_api_drIdvgZ.png HTTP/1.1" 200 1091903
INFO 2025-12-21 19:56:44,574 basehttp 8496 15576 "GET /media/universities/logos/fast_api.png HTTP/1.1" 200 1091903
INFO 2025-12-21 19:56:45,782 basehttp 8496 15576 "GET /media/universities/banners/college_students_coronavirus_p_1200x768_TCgYGoY.jpg HTTP/1.1" 200 26924
INFO 2025-12-21 19:56:46,000 basehttp 8496 12492 "GET /api/v1/universities/universities/2/ HTTP/1.1" 200 2434
INFO 2025-12-21 19:56:46,017 basehttp 8496 11372 "GET /api/v1/bookmarks/universities/ HTTP/1.1" 200 6533
INFO 2025-12-21 19:56:46,575 basehttp 8496 13172 "GET /media/universities/logos/fast_api_drIdvgZ.png HTTP/1.1" 200 1091903
INFO 2025-12-21 19:56:47,335 basehttp 8496 12748 "GET /api/v1/courses/courses/?university_id=2 HTTP/1.1" 200 1387
INFO 2025-12-21 19:56:47,335 basehttp 8496 164 "GET /api/v1/bookmarks/courses/ HTTP/1.1" 200 546
INFO 2025-12-21 19:56:50,168 basehttp 8496 8188 "GET /api/v1/universities/universities/2/ HTTP/1.1" 200 2434
INFO 2025-12-21 19:56:51,729 basehttp 8496 2716 "GET /api/v1/universities/universities/2/ HTTP/1.1" 200 2434
INFO 2025-12-21 19:56:53,296 basehttp 8496 15844 "GET /api/v1/universities/universities/1/ HTTP/1.1" 200 4521
INFO 2025-12-21 19:58:19,140 basehttp 8496 11136 "GET /api/v1/universities/universities/2/ HTTP/1.1" 200 2434
INFO 2025-12-21 19:58:20,111 basehttp 8496 12976 "GET /api/v1/courses/courses/?university_id=2 HTTP/1.1" 200 1387
INFO 2025-12-21 19:58:20,113 basehttp 8496 17276 "GET /api/v1/bookmarks/courses/ HTTP/1.1" 200 546
INFO 2025-12-21 19:58:21,760 basehttp 8496 12828 "GET /api/v1/universities/universities/2/ HTTP/1.1" 200 2434
INFO 2025-12-21 19:58:25,284 basehttp 8496 11256 "GET /api/v1/users/users/by-email/?email=bobbykboseoffice%40gmail.com HTTP/1.1" 200 1008
INFO 2025-12-21 19:58:25,644 basehttp 8496 12960 "GET /media/profiles/scaled_Screenshot_2025-10-28_223903.png HTTP/1.1" 200 139932
INFO 2025-12-21 19:58:25,783 basehttp 8496 9784 "GET /media/profiles/scaled_Screenshot_2025-10-28_223903.png HTTP/1.1" 200 139932
INFO 2025-12-21 20:05:20,612 basehttp 8496 16464 "GET /api/v1/notes/flashcards/ HTTP/1.1" 200 1837
INFO 2025-12-21 20:05:22,899 basehttp 8496 10840 "GET /api/v1/config/ HTTP/1.1" 200 24
INFO 2025-12-21 20:05:24,957 basehttp 8496 11476 "GET /api/v1/quizzes/questions/?date=2025-12-21 HTTP/1.1" 200 52
WARNING 2025-12-21 20:05:25,666 log 8496 9732 Not Found: /api/v1/auth/home
WARNING 2025-12-21 20:05:25,669 basehttp 8496 9732 "GET /api/v1/auth/home HTTP/1.1" 404 6555
INFO 2025-12-21 20:05:25,687 basehttp 8496 15896 "GET /api/v1/courses/courses/stats/ HTTP/1.1" 200 1573
INFO 2025-12-21 20:05:25,692 basehttp 8496 15340 "GET /api/v1/universities/universities/stats/ HTTP/1.1" 200 6574
INFO 2025-12-21 20:05:30,675 basehttp 8496 14276 "GET /api/v1/universities/universities/ HTTP/1.1" 200 6849
INFO 2025-12-21 20:05:32,865 basehttp 8496 16096 "GET /media/universities/logos/fast_api.png HTTP/1.1" 200 1091903
INFO 2025-12-21 20:05:32,867 basehttp 8496 13936 "GET /media/universities/logos/fast_api_drIdvgZ.png HTTP/1.1" 200 1091903
INFO 2025-12-21 20:05:33,568 basehttp 8496 16096 "GET /media/universities/banners/college_students_coronavirus_p_1200x768_TCgYGoY.jpg HTTP/1.1" 200 26924
INFO 2025-12-21 20:05:33,652 basehttp 8496 16404 "GET /api/v1/universities/universities/2/ HTTP/1.1" 200 2434
INFO 2025-12-21 20:05:33,663 basehttp 8496 16408 "GET /api/v1/bookmarks/universities/ HTTP/1.1" 200 6533
INFO 2025-12-21 20:05:34,213 basehttp 8496 13936 "GET /media/universities/logos/fast_api_drIdvgZ.png HTTP/1.1" 200 1091903
INFO 2025-12-21 20:05:39,280 basehttp 8496 16128 "GET /api/v1/bookmarks/courses/ HTTP/1.1" 200 546
INFO 2025-12-21 20:05:39,283 basehttp 8496 17384 "GET /api/v1/courses/courses/?university_id=2 HTTP/1.1" 200 1387
INFO 2025-12-21 20:05:43,619 basehttp 8496 16292 "GET /api/v1/users/users/by-email/?email=bobbykboseoffice%40gmail.com HTTP/1.1" 200 1008
INFO 2025-12-21 20:05:43,895 basehttp 8496 16096 "GET /media/profiles/scaled_Screenshot_2025-10-28_223903.png HTTP/1.1" 200 139932
INFO 2025-12-21 20:05:44,033 basehttp 8496 9300 "GET /media/profiles/scaled_Screenshot_2025-10-28_223903.png HTTP/1.1" 200 139932
INFO 2025-12-21 20:08:54,647 basehttp 8496 15932 "GET /api/v1/notes/flashcards/ HTTP/1.1" 200 1837
INFO 2025-12-21 20:08:56,939 basehttp 8496 9300 "GET /api/v1/config/ HTTP/1.1" 200 24
WARNING 2025-12-21 20:08:58,772 log 8496 16120 Not Found: /api/v1/auth/home
WARNING 2025-12-21 20:08:58,776 basehttp 8496 16120 "GET /api/v1/auth/home HTTP/1.1" 404 6555
INFO 2025-12-21 20:08:58,796 basehttp 8496 2064 "GET /api/v1/quizzes/questions/?date=2025-12-21 HTTP/1.1" 200 52
INFO 2025-12-21 20:08:58,817 basehttp 8496 6176 "GET /api/v1/courses/courses/stats/ HTTP/1.1" 200 1573
INFO 2025-12-21 20:08:58,830 basehttp 8496 3500 "GET /api/v1/universities/universities/stats/ HTTP/1.1" 200 6574
INFO 2025-12-21 20:09:00,976 basehttp 8496 956 "GET /api/v1/users/users/by-email/?email=bobbykboseoffice%40gmail.com HTTP/1.1" 200 1008
INFO 2025-12-21 20:09:01,755 basehttp 8496 13936 "GET /media/profiles/scaled_Screenshot_2025-10-28_223903.png HTTP/1.1" 200 139932
INFO 2025-12-21 20:09:01,776 basehttp 8496 4208 "GET /media/profiles/scaled_Screenshot_2025-10-28_223903.png HTTP/1.1" 200 139932
INFO 2025-12-21 20:09:08,197 basehttp 8496 9808 "GET /api/v1/bookmarks/universities/ HTTP/1.1" 200 6533
INFO 2025-12-21 20:09:08,199 basehttp 8496 10336 "GET /api/v1/bookmarks/universities/ HTTP/1.1" 200 6533
INFO 2025-12-21 20:09:08,549 basehttp 8496 16484 "GET /api/v1/bookmarks/courses/ HTTP/1.1" 200 546
INFO 2025-12-21 20:09:08,983 basehttp 8496 4208 "GET //media/universities/logos/fast_api_drIdvgZ.png HTTP/1.1" 200 1091903
INFO 2025-12-21 20:09:09,171 basehttp 8496 11092 "GET //media/universities/logos/fast_api.png HTTP/1.1" 200 1091903
INFO 2025-12-21 20:10:10,436 basehttp 8496 16520 "GET /api/v1/bookmarks/universities/ HTTP/1.1" 200 6533
INFO 2025-12-21 20:10:10,446 basehttp 8496 14324 "GET /api/v1/bookmarks/universities/ HTTP/1.1" 200 6533
INFO 2025-12-21 20:10:10,575 basehttp 8496 5256 "GET /api/v1/bookmarks/courses/ HTTP/1.1" 200 546
INFO 2025-12-21 20:10:21,717 basehttp 8496 12404 "GET /api/v1/applications/applications/ HTTP/1.1" 200 1175
INFO 2025-12-21 20:10:23,255 basehttp 8496 8124 "GET /api/v1/bookmarks/universities/ HTTP/1.1" 200 6533
INFO 2025-12-21 20:10:23,293 basehttp 8496 8660 "GET /api/v1/bookmarks/universities/ HTTP/1.1" 200 6533
INFO 2025-12-21 20:10:23,316 basehttp 8496 15544 "GET /api/v1/bookmarks/courses/ HTTP/1.1" 200 546
INFO 2025-12-21 20:10:24,870 basehttp 8496 13564 "GET /api/v1/bookmarks/courses/ HTTP/1.1" 200 546
INFO 2025-12-21 20:10:25,880 basehttp 8496 4244 "GET /api/v1/bookmarks/universities/ HTTP/1.1" 200 6533
INFO 2025-12-21 20:18:54,923 basehttp 8496 9612 "GET /api/v1/notes/flashcards/ HTTP/1.1" 200 1837
INFO 2025-12-21 20:18:57,118 basehttp 8496 15080 "GET /api/v1/config/ HTTP/1.1" 200 24
WARNING 2025-12-21 20:18:59,214 log 8496 8140 Not Found: /api/v1/auth/home
WARNING 2025-12-21 20:18:59,215 basehttp 8496 8140 "GET /api/v1/auth/home HTTP/1.1" 404 6555
INFO 2025-12-21 20:18:59,247 basehttp 8496 7284 "GET /api/v1/quizzes/questions/?date=2025-12-21 HTTP/1.1" 200 52
INFO 2025-12-21 20:18:59,270 basehttp 8496 7712 "GET /api/v1/courses/courses/stats/ HTTP/1.1" 200 1573
INFO 2025-12-21 20:18:59,280 basehttp 8496 14832 "GET /api/v1/universities/universities/stats/ HTTP/1.1" 200 6574
INFO 2025-12-21 20:19:02,242 basehttp 8496 14892 "GET /api/v1/users/users/by-email/?email=bobbykboseoffice%40gmail.com HTTP/1.1" 200 1008
INFO 2025-12-21 20:19:03,246 basehttp 8496 13344 "GET /media/profiles/scaled_Screenshot_2025-10-28_223903.png HTTP/1.1" 200 139932
INFO 2025-12-21 20:19:03,283 basehttp 8496 16900 "GET /media/profiles/scaled_Screenshot_2025-10-28_223903.png HTTP/1.1" 200 139932
INFO 2025-12-21 20:19:05,919 basehttp 8496 14980 "GET /api/v1/bookmarks/universities/ HTTP/1.1" 200 6533
INFO 2025-12-21 20:19:05,921 basehttp 8496 15488 "GET /api/v1/bookmarks/universities/ HTTP/1.1" 200 6533
INFO 2025-12-21 20:19:06,209 basehttp 8496 4856 "GET /api/v1/bookmarks/courses/ HTTP/1.1" 200 546
INFO 2025-12-21 20:19:06,367 basehttp 8496 16900 "GET //media/universities/logos/fast_api_drIdvgZ.png HTTP/1.1" 200 1091903
INFO 2025-12-21 20:19:06,592 basehttp 8496 16044 "GET //media/universities/logos/fast_api.png HTTP/1.1" 200 1091903
INFO 2025-12-21 20:19:15,696 basehttp 8496 5892 "GET /api/v1/bookmarks/universities/ HTTP/1.1" 200 6533
INFO 2025-12-21 20:19:15,697 basehttp 8496 11248 "GET /api/v1/bookmarks/universities/ HTTP/1.1" 200 6533
INFO 2025-12-21 20:19:15,863 basehttp 8496 10220 "GET /api/v1/bookmarks/courses/ HTTP/1.1" 200 546
INFO 2025-12-21 20:19:17,885 basehttp 8496 17260 "GET /api/v1/bookmarks/courses/ HTTP/1.1" 200 546
INFO 2025-12-21 20:19:20,568 basehttp 8496 15300 "GET /api/v1/applications/applications/ HTTP/1.1" 200 1175
INFO 2025-12-21 20:19:27,724 basehttp 8496 15708 "GET /api/v1/notifications/notifications/ HTTP/1.1" 200 1296
INFO 2025-12-21 20:19:27,725 basehttp 8496 424 "GET /api/v1/notifications/notifications/offers/ HTTP/1.1" 200 1189
WARNING 2025-12-21 20:19:33,519 log 8496 7776 Not Found: /api/v1/auth/home
WARNING 2025-12-21 20:19:33,521 basehttp 8496 7776 "GET /api/v1/auth/home HTTP/1.1" 404 6555
INFO 2025-12-21 20:19:33,522 basehttp 8496 1528 "GET /api/v1/quizzes/questions/?date=2025-12-21 HTTP/1.1" 200 52
INFO 2025-12-21 20:19:33,566 basehttp 8496 9388 "GET /api/v1/courses/courses/stats/ HTTP/1.1" 200 1573
INFO 2025-12-21 20:19:33,575 basehttp 8496 9604 "GET /api/v1/universities/universities/stats/ HTTP/1.1" 200 6574
INFO 2025-12-21 20:19:35,338 basehttp 8496 15356 "GET /api/v1/feed/categories/ HTTP/1.1" 200 47
INFO 2025-12-21 20:19:35,481 basehttp 8496 15356 "GET /api/v1/feed/posts/all/1/ HTTP/1.1" 200 3776
INFO 2025-12-21 20:19:38,774 basehttp 8496 15356 "GET /api/v1/feed/posts/1/1/ HTTP/1.1" 200 2610
INFO 2025-12-21 20:19:40,608 basehttp 8496 15356 "GET /api/v1/feed/posts/2/1/ HTTP/1.1" 200 1216
INFO 2025-12-21 20:19:43,454 basehttp 8496 14356 "GET /api/v1/feed/categories/ HTTP/1.1" 200 47
INFO 2025-12-21 20:19:43,564 basehttp 8496 14356 "GET /api/v1/feed/posts/all/1/ HTTP/1.1" 200 3776
INFO 2025-12-21 20:19:54,347 basehttp 8496 14356 "POST /api/v1/feed/posts/1/1/ HTTP/1.1" 201 234
INFO 2025-12-21 20:19:54,470 basehttp 8496 14356 "GET /api/v1/feed/posts/all/1/ HTTP/1.1" 200 4011
INFO 2025-12-21 20:19:59,464 basehttp 8496 14356 "POST /api/v1/feed/posts/toggle-like/12/1/ HTTP/1.1" 201 123
INFO 2025-12-21 20:20:12,592 basehttp 8496 14356 "POST /api/v1/feed/posts/comments/12/ HTTP/1.1" 201 125
WARNING 2025-12-21 20:21:02,680 log 8496 15616 Not Found: /api/v1/auth/home
WARNING 2025-12-21 20:21:02,681 basehttp 8496 15616 "GET /api/v1/auth/home HTTP/1.1" 404 6555
INFO 2025-12-21 20:21:02,697 basehttp 8496 3804 "GET /api/v1/quizzes/questions/?date=2025-12-21 HTTP/1.1" 200 52
INFO 2025-12-21 20:21:02,718 basehttp 8496 11836 "GET /api/v1/universities/universities/stats/ HTTP/1.1" 200 6574
INFO 2025-12-21 20:21:02,735 basehttp 8496 16272 "GET /api/v1/courses/courses/stats/ HTTP/1.1" 200 1573
INFO 2025-12-21 20:23:02,479 basehttp 8496 15728 "GET /api/v1/notes/flashcards/ HTTP/1.1" 200 1837
INFO 2025-12-21 20:23:04,647 basehttp 8496 15404 "GET /api/v1/config/ HTTP/1.1" 200 24
WARNING 2025-12-21 20:23:06,437 log 8496 14452 Not Found: /api/v1/auth/home
INFO 2025-12-21 20:23:06,441 basehttp 8496 16940 "GET /api/v1/quizzes/questions/?date=2025-12-21 HTTP/1.1" 200 52
WARNING 2025-12-21 20:23:06,441 basehttp 8496 14452 "GET /api/v1/auth/home HTTP/1.1" 404 6555
INFO 2025-12-21 20:23:06,483 basehttp 8496 7224 "GET /api/v1/courses/courses/stats/ HTTP/1.1" 200 1573
INFO 2025-12-21 20:23:06,495 basehttp 8496 14652 "GET /api/v1/universities/universities/stats/ HTTP/1.1" 200 6574
INFO 2025-12-21 20:29:56,382 basehttp 8496 16784 "GET /api/v1/notes/flashcards/ HTTP/1.1" 200 1837
INFO 2025-12-21 20:29:58,824 basehttp 8496 6380 "GET /api/v1/config/ HTTP/1.1" 200 24
WARNING 2025-12-21 20:30:00,727 log 8496 16656 Not Found: /api/v1/auth/home
WARNING 2025-12-21 20:30:00,729 basehttp 8496 16656 "GET /api/v1/auth/home HTTP/1.1" 404 6555
INFO 2025-12-21 20:30:00,749 basehttp 8496 16936 "GET /api/v1/quizzes/questions/?date=2025-12-21 HTTP/1.1" 200 52
INFO 2025-12-21 20:30:00,769 basehttp 8496 2380 "GET /api/v1/courses/courses/stats/ HTTP/1.1" 200 1573
INFO 2025-12-21 20:30:00,777 basehttp 8496 14912 "GET /api/v1/universities/universities/stats/ HTTP/1.1" 200 6574
INFO 2025-12-21 20:30:16,896 basehttp 8496 5984 "GET /api/v1/feed/categories/ HTTP/1.1" 200 47
INFO 2025-12-21 20:30:16,987 basehttp 8496 5984 "GET /api/v1/feed/posts/all/1/ HTTP/1.1" 200 4136
INFO 2025-12-21 20:30:20,206 basehttp 8496 7768 "GET /api/v1/users/users/by-email/?email=bobbykboseoffice%40gmail.com HTTP/1.1" 200 1008
INFO 2025-12-21 20:30:20,717 basehttp 8496 15528 "GET /media/profiles/scaled_Screenshot_2025-10-28_223903.png HTTP/1.1" 200 139932
INFO 2025-12-21 20:30:20,748 basehttp 8496 1244 "GET /media/profiles/scaled_Screenshot_2025-10-28_223903.png HTTP/1.1" 200 139932
WARNING 2025-12-21 20:30:23,878 log 8496 13412 Not Found: /api/v1/auth/home
WARNING 2025-12-21 20:30:23,881 basehttp 8496 13412 "GET /api/v1/auth/home HTTP/1.1" 404 6555
INFO 2025-12-21 20:30:23,903 basehttp 8496 16492 "GET /api/v1/quizzes/questions/?date=2025-12-21 HTTP/1.1" 200 52
INFO 2025-12-21 20:30:23,926 basehttp 8496 1252 "GET /api/v1/universities/universities/stats/ HTTP/1.1" 200 6574
INFO 2025-12-21 20:30:23,936 basehttp 8496 15420 "GET /api/v1/courses/courses/stats/ HTTP/1.1" 200 1573
INFO 2025-12-21 20:30:26,259 basehttp 8496 2288 "GET /api/v1/universities/universities/stats/ HTTP/1.1" 200 6574
INFO 2025-12-21 20:30:26,310 basehttp 8496 14648 "GET /api/v1/quizzes/questions/?date=2025-12-21 HTTP/1.1" 200 52
INFO 2025-12-21 20:30:26,330 basehttp 8496 15708 "GET /api/v1/courses/courses/stats/ HTTP/1.1" 200 1573
INFO 2025-12-21 20:30:35,095 basehttp 8496 14180 "GET /api/v1/universities/universities/ HTTP/1.1" 200 6849
INFO 2025-12-21 20:30:36,840 basehttp 8496 16272 "GET /media/universities/logos/fast_api.png HTTP/1.1" 200 1091903
INFO 2025-12-21 20:30:38,493 basehttp 8496 1244 "GET /media/universities/logos/fast_api_drIdvgZ.png HTTP/1.1" 200 1091903
INFO 2025-12-21 20:30:43,661 basehttp 8496 12696 "GET /api/v1/quizzes/questions/?date=2025-12-21 HTTP/1.1" 200 52
INFO 2025-12-21 20:30:43,694 basehttp 8496 15716 "GET /api/v1/courses/courses/stats/ HTTP/1.1" 200 1573
INFO 2025-12-21 20:30:43,696 basehttp 8496 12872 "GET /api/v1/universities/universities/stats/ HTTP/1.1" 200 6574
INFO 2025-12-21 20:30:54,029 basehttp 8496 11920 "GET /api/v1/quizzes/questions/?date=2025-12-21 HTTP/1.1" 200 52
INFO 2025-12-21 20:30:54,055 basehttp 8496 13584 "GET /api/v1/universities/universities/stats/ HTTP/1.1" 200 6574
INFO 2025-12-21 20:30:54,081 basehttp 8496 2700 "GET /api/v1/courses/courses/stats/ HTTP/1.1" 200 1573
INFO 2025-12-21 20:30:56,437 basehttp 8496 2780 "GET /api/v1/quizzes/questions/?date=2025-12-21 HTTP/1.1" 200 52
INFO 2025-12-21 20:30:56,476 basehttp 8496 5772 "GET /api/v1/universities/universities/stats/ HTTP/1.1" 200 6574
INFO 2025-12-21 20:30:56,483 basehttp 8496 17076 "GET /api/v1/courses/courses/stats/ HTTP/1.1" 200 1573
INFO 2025-12-21 20:33:33,297 basehttp 8496 13632 "GET /api/v1/notes/flashcards/ HTTP/1.1" 200 1837
INFO 2025-12-21 20:33:35,485 basehttp 8496 13236 "GET /api/v1/config/ HTTP/1.1" 200 24
WARNING 2025-12-21 20:33:37,270 log 8496 15928 Not Found: /api/v1/auth/home
INFO 2025-12-21 20:33:37,274 basehttp 8496 16316 "GET /api/v1/quizzes/questions/?date=2025-12-21 HTTP/1.1" 200 52
WARNING 2025-12-21 20:33:37,276 basehttp 8496 15928 "GET /api/v1/auth/home HTTP/1.1" 404 6555
INFO 2025-12-21 20:33:37,321 basehttp 8496 7072 "GET /api/v1/universities/universities/stats/ HTTP/1.1" 200 6574
INFO 2025-12-21 20:33:37,322 basehttp 8496 6288 "GET /api/v1/courses/courses/stats/ HTTP/1.1" 200 1573
INFO 2025-12-21 20:33:44,290 basehttp 8496 15456 "GET /api/v1/quizzes/questions/?date=2025-12-21 HTTP/1.1" 200 52
INFO 2025-12-21 20:33:44,328 basehttp 8496 4244 "GET /api/v1/courses/courses/stats/ HTTP/1.1" 200 1573
INFO 2025-12-21 20:33:44,333 basehttp 8496 16480 "GET /api/v1/universities/universities/stats/ HTTP/1.1" 200 6574
INFO 2025-12-21 20:36:12,173 basehttp 8496 9612 "GET /api/v1/notes/flashcards/ HTTP/1.1" 200 1837
INFO 2025-12-21 20:36:14,393 basehttp 8496 16192 "GET /api/v1/config/ HTTP/1.1" 200 24
WARNING 2025-12-21 20:36:16,462 log 8496 9148 Not Found: /api/v1/auth/home
WARNING 2025-12-21 20:36:16,465 basehttp 8496 9148 "GET /api/v1/auth/home HTTP/1.1" 404 6555
INFO 2025-12-21 20:36:16,481 basehttp 8496 14744 "GET /api/v1/quizzes/questions/?date=2025-12-21 HTTP/1.1" 200 52
INFO 2025-12-21 20:36:16,499 basehttp 8496 6652 "GET /api/v1/universities/universities/stats/ HTTP/1.1" 200 6574
INFO 2025-12-21 20:36:16,520 basehttp 8496 9756 "GET /api/v1/courses/courses/stats/ HTTP/1.1" 200 1573
INFO 2025-12-21 20:36:34,612 basehttp 8496 17136 "GET /api/v1/quizzes/questions/?date=2025-12-21 HTTP/1.1" 200 52
INFO 2025-12-21 20:36:34,647 basehttp 8496 12912 "GET /api/v1/courses/courses/stats/ HTTP/1.1" 200 1573
INFO 2025-12-21 20:36:34,651 basehttp 8496 11960 "GET /api/v1/universities/universities/stats/ HTTP/1.1" 200 6574
INFO 2025-12-21 20:37:33,270 autoreload 8496 17068 X:\edvoyage-backup-cursor\backend\edvoayge\edvoayge\settings.py changed, reloading.
INFO 2025-12-21 20:37:35,245 autoreload 9928 12300 Watching for file changes with StatReloader
INFO 2025-12-21 20:37:55,803 basehttp 9928 2940 "GET /api/v1/notes/flashcards/ HTTP/1.1" 200 1837
INFO 2025-12-21 20:37:58,025 basehttp 9928 4988 "GET /api/v1/config/ HTTP/1.1" 200 25
INFO 2025-12-21 20:41:37,031 basehttp 9928 15664 "GET /api/v1/notes/flashcards/ HTTP/1.1" 200 1837
INFO 2025-12-21 20:41:39,231 basehttp 9928 15736 "GET /api/v1/config/ HTTP/1.1" 200 25
INFO 2025-12-21 20:42:34,646 basehttp 9928 16344 "GET /api/v1/notes/flashcards/ HTTP/1.1" 200 1837
INFO 2025-12-21 20:42:36,817 basehttp 9928 3184 "GET /api/v1/config/ HTTP/1.1" 200 25
INFO 2025-12-21 20:46:52,218 basehttp 9928 17296 "GET /api/v1/notes/flashcards/ HTTP/1.1" 200 1837
INFO 2025-12-21 20:46:54,488 basehttp 9928 12752 "GET /api/v1/config/ HTTP/1.1" 200 25
INFO 2025-12-21 21:27:59,914 basehttp 9928 15012 "GET /api/v1/notes/flashcards/ HTTP/1.1" 200 1837
INFO 2025-12-21 21:28:04,223 basehttp 9928 16200 "GET /api/v1/config/ HTTP/1.1" 200 25
INFO 2025-12-21 21:30:57,533 basehttp 9928 14492 "GET /api/v1/notes/flashcards/ HTTP/1.1" 200 1837
INFO 2025-12-21 21:30:59,808 basehttp 9928 9768 "GET /api/v1/config/ HTTP/1.1" 200 25
INFO 2025-12-21 21:31:29,005 services 9928 8136 OTP email sent successfully to a@gmai.com
INFO 2025-12-21 21:31:29,009 basehttp 9928 8136 "POST /api/v1/users/otp/create/ HTTP/1.1" 201 379
INFO 2025-12-21 21:31:37,471 basehttp 9928 15072 "GET /api/v1/quizzes/questions/?date=2025-12-21 HTTP/1.1" 200 52
WARNING 2025-12-21 21:31:37,475 log 9928 9252 Not Found: /api/v1/auth/home
WARNING 2025-12-21 21:31:37,477 basehttp 9928 9252 "GET /api/v1/auth/home HTTP/1.1" 404 6555
INFO 2025-12-21 21:31:37,526 basehttp 9928 15004 "GET /api/v1/courses/courses/stats/ HTTP/1.1" 200 1573
INFO 2025-12-21 21:31:37,528 basehttp 9928 10108 "GET /api/v1/universities/universities/stats/ HTTP/1.1" 200 6574
INFO 2026-01-19 23:39:29,112 autoreload 8708 15696 Watching for file changes with StatReloader
INFO 2026-01-19 23:40:52,994 basehttp 8708 21092 "GET /api/v1/content/categories/ HTTP/1.1" 200 52
INFO 2026-01-19 23:41:17,691 basehttp 8708 16008 "GET /api/v1/content/tags/ HTTP/1.1" 200 52
INFO 2026-01-19 23:42:57,923 basehttp 8708 3824 "GET /api/v1/content/feeds/ HTTP/1.1" 200 52
INFO 2026-01-19 23:42:58,044 basehttp 8708 3572 "GET /api/v1/content/contents/recent/ HTTP/1.1" 200 2
INFO 2026-01-19 23:42:58,156 basehttp 8708 22672 "GET /api/v1/content/contents/popular/ HTTP/1.1" 200 2
INFO 2026-01-19 23:42:58,264 basehttp 8708 17748 "GET /api/v1/content/contents/featured/ HTTP/1.1" 200 2
INFO 2026-01-19 23:42:58,491 basehttp 8708 6848 "GET /api/v1/content/contents/search/?q=med&page=1 HTTP/1.1" 200 73
INFO 2026-01-19 23:45:22,525 basehttp 8708 7448 "GET /api/v1/content/contents/search/?q=med&page=1 HTTP/1.1" 200 73
INFO 2026-01-19 23:45:58,542 basehttp 8708 6744 "GET /api/v1/courses/courses/?page=1 HTTP/1.1" 200 52
INFO 2026-01-19 23:45:58,668 basehttp 8708 6232 "GET /api/v1/courses/courses/search/?q=med&page=1 HTTP/1.1" 200 52
INFO 2026-01-19 23:45:58,805 basehttp 8708 17576 "GET /api/v1/courses/courses/stats/ HTTP/1.1" 200 256
INFO 2026-01-19 23:46:14,249 basehttp 8708 16180 "GET /api/v1/courses/courses/?page=1 HTTP/1.1" 200 52
INFO 2026-01-19 23:46:15,148 basehttp 8708 5936 "GET /api/v1/courses/courses/search/?q=med&page=1 HTTP/1.1" 200 52
INFO 2026-01-19 23:46:16,487 basehttp 8708 22028 "GET /api/v1/courses/courses/stats/ HTTP/1.1" 200 256
INFO 2026-01-19 23:48:38,540 basehttp 8708 20992 "GET /api/v1/courses/courses/stats/ HTTP/1.1" 200 256
INFO 2026-01-19 23:49:04,987 basehttp 8708 22776 "GET /api/v1/quizzes/quizzes/?page=1 HTTP/1.1" 200 52
INFO 2026-01-19 23:49:05,095 basehttp 8708 3400 "GET /api/v1/quizzes/quizzes/search/?q=med&page=1 HTTP/1.1" 200 73
INFO 2026-01-19 23:49:05,214 basehttp 8708 23040 "GET /api/v1/quizzes/quizzes/featured/ HTTP/1.1" 200 2
INFO 2026-01-19 23:49:05,423 basehttp 8708 24584 "GET /api/v1/quizzes/quizzes/popular/ HTTP/1.1" 200 2
INFO 2026-01-19 23:49:05,525 basehttp 8708 6744 "GET /api/v1/quizzes/quizzes/recent/ HTTP/1.1" 200 2
INFO 2026-01-19 23:49:05,636 basehttp 8708 15952 "GET /api/v1/quizzes/quizzes/statistics/ HTTP/1.1" 200 137
INFO 2026-01-19 23:53:05,820 basehttp 8708 25516 "GET /api/v1/quizzes/quizzes/search/?q=med&page=1 HTTP/1.1" 200 73
INFO 2026-01-19 23:53:05,940 basehttp 8708 22460 "GET /api/v1/quizzes/quizzes/statistics/ HTTP/1.1" 200 137
INFO 2026-01-19 23:54:18,743 basehttp 8708 16752 "GET /api/v1/users/users/ HTTP/1.1" 200 26
INFO 2026-01-19 23:56:08,128 basehttp 8708 17816 "GET /api/v1/users/users/ HTTP/1.1" 200 26
INFO 2026-01-19 23:58:40,749 basehttp 8708 23560 "GET /api/v1/users/users/by-email/?email=parity_user_phase7_1@example.com HTTP/1.1" 200 932
INFO 2026-01-20 00:03:15,486 basehttp 8708 20960 "GET /api/v1/users/users/by-email/?email=parity_user_phase7_1@example.com HTTP/1.1" 200 932
ERROR 2026-01-20 00:04:10,123 views 8708 21092 Error in course application: No Course matches the given query.
WARNING 2026-01-20 00:04:10,131 log 8708 21092 Bad Request: /api/v1/courses/courses/999999/apply/
WARNING 2026-01-20 00:04:10,131 basehttp 8708 21092 "POST /api/v1/courses/courses/999999/apply/ HTTP/1.1" 400 58
ERROR 2026-01-20 00:04:10,418 views 8708 5064 Error in course rating: No Course matches the given query.
WARNING 2026-01-20 00:04:10,419 log 8708 5064 Bad Request: /api/v1/courses/courses/999999/rate/
WARNING 2026-01-20 00:04:10,419 basehttp 8708 5064 "POST /api/v1/courses/courses/999999/rate/ HTTP/1.1" 400 53
INFO 2026-01-20 09:33:34,808 autoreload 20936 21020 Watching for file changes with StatReloader
INFO 2026-01-20 09:33:41,760 basehttp 20936 20540 "GET /api/v1/users/users/ HTTP/1.1" 200 2863
INFO 2026-01-20 09:34:13,633 basehttp 20936 17576 "GET /api/v1/users/users/ HTTP/1.1" 200 2863
ERROR 2026-01-20 09:34:40,325 views 20936 7356 Error in course application: No Course matches the given query.
WARNING 2026-01-20 09:34:40,332 log 20936 7356 Bad Request: /api/v1/courses/courses/999999/apply/
WARNING 2026-01-20 09:34:40,334 basehttp 20936 7356 "POST /api/v1/courses/courses/999999/apply/ HTTP/1.1" 400 58
ERROR 2026-01-20 09:34:40,613 views 20936 8408 Error in course rating: No Course matches the given query.
WARNING 2026-01-20 09:34:40,613 log 20936 8408 Bad Request: /api/v1/courses/courses/999999/rate/
WARNING 2026-01-20 09:34:40,614 basehttp 20936 8408 "POST /api/v1/courses/courses/999999/rate/ HTTP/1.1" 400 53
ERROR 2026-01-20 09:34:58,291 views 20936 20056 Error in course application: No Course matches the given query.
WARNING 2026-01-20 09:34:58,292 log 20936 20056 Bad Request: /api/v1/courses/courses/999999/apply/
WARNING 2026-01-20 09:34:58,292 basehttp 20936 20056 "POST /api/v1/courses/courses/999999/apply/ HTTP/1.1" 400 58
ERROR 2026-01-20 09:47:44,799 views 20936 20620 Error creating course: JSON parse error - Expecting property name enclosed in double quotes: line 1 column 2 (char 1)
WARNING 2026-01-20 09:47:44,799 log 20936 20620 Bad Request: /api/v1/courses/courses/
WARNING 2026-01-20 09:47:44,799 basehttp 20936 20620 "POST /api/v1/courses/courses/ HTTP/1.1" 400 51
ERROR 2026-01-20 09:48:22,353 views 20936 7068 Error creating course: JSON parse error - Expecting property name enclosed in double quotes: line 1 column 2 (char 1)
WARNING 2026-01-20 09:48:22,353 log 20936 7068 Bad Request: /api/v1/courses/courses/
WARNING 2026-01-20 09:48:22,353 basehttp 20936 7068 "POST /api/v1/courses/courses/ HTTP/1.1" 400 51
ERROR 2026-01-20 09:49:17,116 views 20936 15496 Error creating course: JSON parse error - Unexpected UTF-8 BOM (decode using utf-8-sig): line 1 column 1 (char 0)
WARNING 2026-01-20 09:49:17,117 log 20936 15496 Bad Request: /api/v1/courses/courses/
WARNING 2026-01-20 09:49:17,117 basehttp 20936 15496 "POST /api/v1/courses/courses/ HTTP/1.1" 400 51
ERROR 2026-01-20 09:50:03,349 views 20936 2556 Error creating course: JSON parse error - Unexpected UTF-8 BOM (decode using utf-8-sig): line 1 column 1 (char 0)
WARNING 2026-01-20 09:50:03,350 log 20936 2556 Bad Request: /api/v1/courses/courses/
WARNING 2026-01-20 09:50:03,350 basehttp 20936 2556 "POST /api/v1/courses/courses/ HTTP/1.1" 400 51
ERROR 2026-01-20 09:50:45,051 views 20936 20196 Error creating course: JSON parse error - Unexpected UTF-8 BOM (decode using utf-8-sig): line 1 column 1 (char 0)
WARNING 2026-01-20 09:50:45,052 log 20936 20196 Bad Request: /api/v1/courses/courses/
WARNING 2026-01-20 09:50:45,052 basehttp 20936 20196 "POST /api/v1/courses/courses/ HTTP/1.1" 400 51
ERROR 2026-01-20 09:51:29,723 views 20936 11036 Error creating course: JSON parse error - Unexpected UTF-8 BOM (decode using utf-8-sig): line 1 column 1 (char 0)
WARNING 2026-01-20 09:51:29,724 log 20936 11036 Bad Request: /api/v1/courses/courses/
WARNING 2026-01-20 09:51:29,724 basehttp 20936 11036 "POST /api/v1/courses/courses/ HTTP/1.1" 400 51
ERROR 2026-01-20 09:52:42,990 views 20936 19340 Error creating course: JSON parse error - Unexpected UTF-8 BOM (decode using utf-8-sig): line 1 column 1 (char 0)
WARNING 2026-01-20 09:52:42,991 log 20936 19340 Bad Request: /api/v1/courses/courses/
WARNING 2026-01-20 09:52:42,991 basehttp 20936 19340 "POST /api/v1/courses/courses/ HTTP/1.1" 400 51
ERROR 2026-01-20 09:53:11,638 views 20936 18896 Error creating course: JSON parse error - Expecting property name enclosed in double quotes: line 1 column 2 (char 1)
WARNING 2026-01-20 09:53:11,638 log 20936 18896 Bad Request: /api/v1/courses/courses/
WARNING 2026-01-20 09:53:11,638 basehttp 20936 18896 "POST /api/v1/courses/courses/ HTTP/1.1" 400 51
INFO 2026-01-20 09:54:28,962 basehttp 20936 18428 "POST /api/v1/courses/courses/ HTTP/1.1" 201 468
INFO 2026-01-20 09:54:56,658 basehttp 20936 2552 "POST /api/v1/courses/courses/ HTTP/1.1" 201 468
INFO 2026-01-20 09:56:58,850 basehttp 20936 17380 "POST /api/v1/courses/courses/ HTTP/1.1" 201 468
INFO 2026-01-20 09:58:48,379 basehttp 20936 15544 "GET /api/v1/courses/courses/ HTTP/1.1" 200 1383
INFO 2026-01-20 09:59:21,815 basehttp 20936 3528 "GET /api/v1/universities/universities/ HTTP/1.1" 200 6807
INFO 2026-01-20 09:59:24,770 basehttp 20936 18536 "GET /api/v1/universities/universities/ HTTP/1.1" 200 6807
INFO 2026-01-20 10:12:51,700 basehttp 20936 19024 "GET /api/v1/courses/courses/ HTTP/1.1" 200 1383
INFO 2026-01-20 10:12:55,659 basehttp 20936 4896 "GET /api/v1/courses/courses/stats/ HTTP/1.1" 200 1573
INFO 2026-01-20 10:19:02,217 autoreload 4560 7824 Watching for file changes with StatReloader
INFO 2026-01-20 10:19:08,986 basehttp 4560 21016 "GET /api/v1/courses/courses/ HTTP/1.1" 200 52
INFO 2026-01-20 10:19:10,856 basehttp 4560 19480 "GET /api/v1/courses/courses/ HTTP/1.1" 200 52
INFO 2026-01-20 10:19:54,067 basehttp 4560 15868 "POST /api/v1/courses/courses/ HTTP/1.1" 201 468
INFO 2026-01-20 10:21:57,535 basehttp 4560 22356 "POST /api/v1/courses/courses/ HTTP/1.1" 201 468
INFO 2026-01-20 10:23:56,073 basehttp 4560 21848 "PATCH /api/v1/courses/courses/10/ HTTP/1.1" 200 331
INFO 2026-01-20 10:27:52,567 basehttp 4560 10688 "PATCH /api/v1/courses/courses/11/ HTTP/1.1" 200 331
INFO 2026-01-20 10:29:07,690 basehttp 4560 10704 "DELETE /api/v1/courses/courses/12/ HTTP/1.1" 204 0
WARNING 2026-01-20 10:29:09,986 log 4560 1788 Not Found: /api/v1/courses/courses/12/
WARNING 2026-01-20 10:29:09,987 basehttp 4560 1788 "DELETE /api/v1/courses/courses/12/ HTTP/1.1" 404 47
INFO 2026-01-20 10:30:46,257 basehttp 4560 19276 "DELETE /api/v1/courses/courses/13/ HTTP/1.1" 204 0
WARNING 2026-01-20 10:30:46,376 log 4560 17096 Not Found: /api/v1/courses/courses/13/
WARNING 2026-01-20 10:30:46,376 basehttp 4560 17096 "DELETE /api/v1/courses/courses/13/ HTTP/1.1" 404 47
INFO 2026-01-20 10:58:14,905 basehttp 4560 5564 "POST /api/v1/quizzes/quizzes/1/start/ HTTP/1.1" 201 1057
INFO 2026-01-20 10:59:04,067 basehttp 4560 6472 "POST /api/v1/quizzes/quizzes/1/start/ HTTP/1.1" 201 1057
INFO 2026-01-20 11:00:22,513 basehttp 4560 1796 "POST /api/v1/quizzes/quizzes/1/start/ HTTP/1.1" 201 1057
ERROR 2026-01-20 11:00:22,740 log 4560 15652 Internal Server Error: /api/v1/quizzes/quizzes/1/submit/
Traceback (most recent call last):
  File "C:\Users\bobby\AppData\Local\Programs\Python\Python312\Lib\site-packages\django\db\backends\utils.py", line 105, in _execute
    return self.cursor.execute(sql, params)
           ^^^^^^^^^^^^^^^^^^^^^^^^^^^^^^^^
  File "C:\Users\bobby\AppData\Local\Programs\Python\Python312\Lib\site-packages\psycopg\cursor.py", line 117, in execute
    raise ex.with_traceback(None)
psycopg.errors.UniqueViolation: duplicate key value violates unique constraint "quizzes_quizresult_attempt_id_key"
DETAIL:  Key (attempt_id)=(ddc8a640-62f0-44e7-9c40-fc972a14a2b0) already exists.

The above exception was the direct cause of the following exception:

Traceback (most recent call last):
  File "C:\Users\bobby\AppData\Local\Programs\Python\Python312\Lib\site-packages\django\core\handlers\exception.py", line 55, in inner
    response = get_response(request)
               ^^^^^^^^^^^^^^^^^^^^^
  File "C:\Users\bobby\AppData\Local\Programs\Python\Python312\Lib\site-packages\django\core\handlers\base.py", line 197, in _get_response
    response = wrapped_callback(request, *callback_args, **callback_kwargs)
               ^^^^^^^^^^^^^^^^^^^^^^^^^^^^^^^^^^^^^^^^^^^^^^^^^^^^^^^^^^^^
  File "C:\Users\bobby\AppData\Local\Programs\Python\Python312\Lib\site-packages\django\views\decorators\csrf.py", line 65, in _view_wrapper
    return view_func(request, *args, **kwargs)
           ^^^^^^^^^^^^^^^^^^^^^^^^^^^^^^^^^^^
  File "C:\Users\bobby\AppData\Local\Programs\Python\Python312\Lib\site-packages\rest_framework\viewsets.py", line 125, in view
    return self.dispatch(request, *args, **kwargs)
           ^^^^^^^^^^^^^^^^^^^^^^^^^^^^^^^^^^^^^^^
  File "C:\Users\bobby\AppData\Local\Programs\Python\Python312\Lib\site-packages\rest_framework\views.py", line 515, in dispatch
    response = self.handle_exception(exc)
               ^^^^^^^^^^^^^^^^^^^^^^^^^^
  File "C:\Users\bobby\AppData\Local\Programs\Python\Python312\Lib\site-packages\rest_framework\views.py", line 475, in handle_exception
    self.raise_uncaught_exception(exc)
  File "C:\Users\bobby\AppData\Local\Programs\Python\Python312\Lib\site-packages\rest_framework\views.py", line 486, in raise_uncaught_exception
    raise exc
  File "C:\Users\bobby\AppData\Local\Programs\Python\Python312\Lib\site-packages\rest_framework\views.py", line 512, in dispatch
    response = handler(request, *args, **kwargs)
               ^^^^^^^^^^^^^^^^^^^^^^^^^^^^^^^^^
  File "X:\edvoyage-backup-cursor\backend\edvoayge\quizzes\views.py", line 293, in submit_quiz
    QuizResult.objects.create(
  File "C:\Users\bobby\AppData\Local\Programs\Python\Python312\Lib\site-packages\django\db\models\manager.py", line 87, in manager_method
    return getattr(self.get_queryset(), name)(*args, **kwargs)
           ^^^^^^^^^^^^^^^^^^^^^^^^^^^^^^^^^^^^^^^^^^^^^^^^^^^
  File "C:\Users\bobby\AppData\Local\Programs\Python\Python312\Lib\site-packages\django\db\models\query.py", line 663, in create
    obj.save(force_insert=True, using=self.db)
  File "C:\Users\bobby\AppData\Local\Programs\Python\Python312\Lib\site-packages\django\db\models\base.py", line 902, in save
    self.save_base(
  File "C:\Users\bobby\AppData\Local\Programs\Python\Python312\Lib\site-packages\django\db\models\base.py", line 1008, in save_base
    updated = self._save_table(
              ^^^^^^^^^^^^^^^^^
  File "C:\Users\bobby\AppData\Local\Programs\Python\Python312\Lib\site-packages\django\db\models\base.py", line 1169, in _save_table
    results = self._do_insert(
              ^^^^^^^^^^^^^^^^
  File "C:\Users\bobby\AppData\Local\Programs\Python\Python312\Lib\site-packages\django\db\models\base.py", line 1210, in _do_insert
    return manager._insert(
           ^^^^^^^^^^^^^^^^
  File "C:\Users\bobby\AppData\Local\Programs\Python\Python312\Lib\site-packages\django\db\models\manager.py", line 87, in manager_method
    return getattr(self.get_queryset(), name)(*args, **kwargs)
           ^^^^^^^^^^^^^^^^^^^^^^^^^^^^^^^^^^^^^^^^^^^^^^^^^^^
  File "C:\Users\bobby\AppData\Local\Programs\Python\Python312\Lib\site-packages\django\db\models\query.py", line 1868, in _insert
    return query.get_compiler(using=using).execute_sql(returning_fields)
           ^^^^^^^^^^^^^^^^^^^^^^^^^^^^^^^^^^^^^^^^^^^^^^^^^^^^^^^^^^^^^
  File "C:\Users\bobby\AppData\Local\Programs\Python\Python312\Lib\site-packages\django\db\models\sql\compiler.py", line 1882, in execute_sql
    cursor.execute(sql, params)
  File "C:\Users\bobby\AppData\Local\Programs\Python\Python312\Lib\site-packages\django\db\backends\utils.py", line 122, in execute
    return super().execute(sql, params)
           ^^^^^^^^^^^^^^^^^^^^^^^^^^^^
  File "C:\Users\bobby\AppData\Local\Programs\Python\Python312\Lib\site-packages\django\db\backends\utils.py", line 79, in execute
    return self._execute_with_wrappers(
           ^^^^^^^^^^^^^^^^^^^^^^^^^^^^
  File "C:\Users\bobby\AppData\Local\Programs\Python\Python312\Lib\site-packages\django\db\backends\utils.py", line 92, in _execute_with_wrappers
    return executor(sql, params, many, context)
           ^^^^^^^^^^^^^^^^^^^^^^^^^^^^^^^^^^^^
  File "C:\Users\bobby\AppData\Local\Programs\Python\Python312\Lib\site-packages\django\db\backends\utils.py", line 100, in _execute
    with self.db.wrap_database_errors:
         ^^^^^^^^^^^^^^^^^^^^^^^^^^^^
  File "C:\Users\bobby\AppData\Local\Programs\Python\Python312\Lib\site-packages\django\db\utils.py", line 91, in __exit__
    raise dj_exc_value.with_traceback(traceback) from exc_value
  File "C:\Users\bobby\AppData\Local\Programs\Python\Python312\Lib\site-packages\django\db\backends\utils.py", line 105, in _execute
    return self.cursor.execute(sql, params)
           ^^^^^^^^^^^^^^^^^^^^^^^^^^^^^^^^
  File "C:\Users\bobby\AppData\Local\Programs\Python\Python312\Lib\site-packages\psycopg\cursor.py", line 117, in execute
    raise ex.with_traceback(None)
django.db.utils.IntegrityError: duplicate key value violates unique constraint "quizzes_quizresult_attempt_id_key"
DETAIL:  Key (attempt_id)=(ddc8a640-62f0-44e7-9c40-fc972a14a2b0) already exists.
ERROR 2026-01-20 11:00:22,749 basehttp 4560 15652 "POST /api/v1/quizzes/quizzes/1/submit/ HTTP/1.1" 500 203483
INFO 2026-01-20 11:01:35,537 basehttp 4560 10484 "POST /api/v1/quizzes/quizzes/1/start/ HTTP/1.1" 201 1057
ERROR 2026-01-20 11:01:35,708 log 4560 7960 Internal Server Error: /api/v1/quizzes/quizzes/1/submit/
Traceback (most recent call last):
  File "C:\Users\bobby\AppData\Local\Programs\Python\Python312\Lib\site-packages\django\core\handlers\exception.py", line 55, in inner
    response = get_response(request)
               ^^^^^^^^^^^^^^^^^^^^^
  File "C:\Users\bobby\AppData\Local\Programs\Python\Python312\Lib\site-packages\django\core\handlers\base.py", line 197, in _get_response
    response = wrapped_callback(request, *callback_args, **callback_kwargs)
               ^^^^^^^^^^^^^^^^^^^^^^^^^^^^^^^^^^^^^^^^^^^^^^^^^^^^^^^^^^^^
  File "C:\Users\bobby\AppData\Local\Programs\Python\Python312\Lib\site-packages\django\views\decorators\csrf.py", line 65, in _view_wrapper
    return view_func(request, *args, **kwargs)
           ^^^^^^^^^^^^^^^^^^^^^^^^^^^^^^^^^^^
  File "C:\Users\bobby\AppData\Local\Programs\Python\Python312\Lib\site-packages\rest_framework\viewsets.py", line 125, in view
    return self.dispatch(request, *args, **kwargs)
           ^^^^^^^^^^^^^^^^^^^^^^^^^^^^^^^^^^^^^^^
  File "C:\Users\bobby\AppData\Local\Programs\Python\Python312\Lib\site-packages\rest_framework\views.py", line 515, in dispatch
    response = self.handle_exception(exc)
               ^^^^^^^^^^^^^^^^^^^^^^^^^^
  File "C:\Users\bobby\AppData\Local\Programs\Python\Python312\Lib\site-packages\rest_framework\views.py", line 475, in handle_exception
    self.raise_uncaught_exception(exc)
  File "C:\Users\bobby\AppData\Local\Programs\Python\Python312\Lib\site-packages\rest_framework\views.py", line 486, in raise_uncaught_exception
    raise exc
  File "C:\Users\bobby\AppData\Local\Programs\Python\Python312\Lib\site-packages\rest_framework\views.py", line 512, in dispatch
    response = handler(request, *args, **kwargs)
               ^^^^^^^^^^^^^^^^^^^^^^^^^^^^^^^^^
  File "X:\edvoyage-backup-cursor\backend\edvoayge\quizzes\views.py", line 318, in submit_quiz
    (quiz.average_score * (quiz.total_attempts - 1) + percentage) / quiz.total_attempts
     ~~~~~~~~~~~~~~~~~~~~~~~~~~~~~~~~~~~~~~~~~~~~~~~^~~~~~~~~~~~
TypeError: unsupported operand type(s) for +: 'decimal.Decimal' and 'float'
ERROR 2026-01-20 11:01:35,709 basehttp 4560 7960 "POST /api/v1/quizzes/quizzes/1/submit/ HTTP/1.1" 500 24241
INFO 2026-01-20 11:11:40,114 autoreload 4560 7824 X:\edvoyage-backup-cursor\backend\edvoayge\quizzes\views.py changed, reloading.
INFO 2026-01-20 11:11:41,061 autoreload 13928 9788 Watching for file changes with StatReloader
INFO 2026-01-20 11:13:17,778 basehttp 13928 5784 "POST /api/v1/quizzes/quizzes/1/start/ HTTP/1.1" 201 1057
INFO 2026-01-20 11:13:17,885 basehttp 13928 4408 "POST /api/v1/quizzes/quizzes/1/submit/ HTTP/1.1" 200 1084
INFO 2026-01-20 11:17:53,669 basehttp 13928 14868 "POST /api/v1/quizzes/quizzes/1/start/ HTTP/1.1" 201 1057
INFO 2026-01-20 11:17:53,815 basehttp 13928 15312 "POST /api/v1/quizzes/quizzes/1/submit/ HTTP/1.1" 200 1084
INFO 2026-01-20 11:20:12,290 basehttp 13928 2340 "POST /api/v1/quizzes/quizzes/1/start/ HTTP/1.1" 201 1057
INFO 2026-01-20 11:20:12,413 basehttp 13928 12408 "POST /api/v1/quizzes/quizzes/1/submit/ HTTP/1.1" 200 1084
INFO 2026-01-20 11:27:08,658 basehttp 13928 17820 "POST /api/v1/quizzes/quizzes/1/start/ HTTP/1.1" 201 1057
INFO 2026-01-20 11:27:08,759 basehttp 13928 13512 "POST /api/v1/quizzes/quizzes/1/submit/ HTTP/1.1" 200 1084
INFO 2026-01-20 11:29:23,696 basehttp 13928 1628 "POST /api/v1/quizzes/quizzes/1/start/ HTTP/1.1" 201 1057
INFO 2026-01-20 11:29:23,801 basehttp 13928 15872 "POST /api/v1/quizzes/quizzes/1/submit/ HTTP/1.1" 200 1084
INFO 2026-01-20 11:31:36,659 basehttp 13928 22868 "POST /api/v1/courses/courses/ HTTP/1.1" 201 453
INFO 2026-01-20 11:31:40,783 basehttp 13928 23380 "POST /api/v1/quizzes/quizzes/1/start/ HTTP/1.1" 201 1057
INFO 2026-01-20 11:31:40,902 basehttp 13928 6868 "POST /api/v1/quizzes/quizzes/1/submit/ HTTP/1.1" 200 1084
